Segment Name,Product Code,Product Name,Feature Name,MRP,Image Link
AGRITEC,A-94A,Fittings for Agriculture 3 meters 10 KG 200MM,,8690,
AGRITEC,A-93A,Fittings for Agriculture 3 meters 10 KG 180MM,,6990,
AGRITEC,A-92A,Fittings for Agriculture 3 meters 10 KG 160MM,,5490,
AGRITEC,A-91A,Fittings for Agriculture 3 meters 10 KG 140MM,,4290,
AGRITEC,A-90A,Fittings for Agriculture 3 meters 10 KG 125MM,,3340,
AGRITEC,A-89A,Fittings for Agriculture 3 meters 10 KG 110MM,,2670,
AGRITEC,A-88A,Fittings for Agriculture 3 meters 10 KG 90MM,,1748,
AGRITEC,A-87A,Fittings for Agriculture 3 meters 10 KG 75MM,,1240,
AGRITEC,A-86A,Fittings for Agriculture 3 meters 10 KG 63MM,,892,
AGRITEC,A-85A,Fittings for Agriculture 3 meters 10 KG 50MM,,620,
AGRITEC,A-84A,Fittings for Agriculture 3 meters 10 KG 40MM,,358,
AGRITEC,A-83A,Fittings for Agriculture 3 meters 10 KG 32MM,,234,
AGRITEC,A-82A,Fittings for Agriculture 3 meters 10 KG 25MM,,147,
AGRITEC,A-81A,Fittings for Agriculture 3 meters 10 KG 20MM,,98,
AGRITEC,A-54A,Fittings for Agriculture 3 meters 6 KG 200MM,,5244,
AGRITEC,A-53A,Fittings for Agriculture 3 meters 6 KG 180MM,,4248,
AGRITEC,A-52A,Fittings for Agriculture 3 meters 6 KG 160MM,,3348,
AGRITEC,A-51A,Fittings for Agriculture 3 meters 6 KG 140MM,,2614,
AGRITEC,A-50A,Fittings for Agriculture 3 meters 6 KG 125MM,,2094,
AGRITEC,A-49A,Fittings for Agriculture 3 meters 6 KG 110MM,,1574,
AGRITEC,A-48A,Fittings for Agriculture 3 meters 6 KG 90MM,,1074,
AGRITEC,A-47A,Fittings for Agriculture 3 meters 6 KG 75MM,,764,
AGRITEC,A-46A,Fittings for Agriculture 3 meters 6 KG 63MM,,547,
AGRITEC,A-45A,Fittings for Agriculture 3 meters 6 KG 50MM,,347,
AGRITEC,A-44A,Fittings for Agriculture 3 meters 6 KG 40MM,,232,
AGRITEC,A-34A,Fittings for Agriculture 3 meters 4 KG 200MM,,3684,
AGRITEC,A-33A,Fittings for Agriculture 3 meters 4 KG 180MM,,3048,
AGRITEC,A-32A,Fittings for Agriculture 3 meters 4 KG 160MM,,2395,
AGRITEC,A-31A,Fittings for Agriculture 3 meters 4 KG 140MM,,1824,
AGRITEC,A-30A,Fittings for Agriculture 3 meters 4 KG 125MM,,1448,
AGRITEC,A-29A,Fittings for Agriculture 3 meters 4 KG 110MM,,1098,
AGRITEC,A-28A,Fittings for Agriculture 3 meters 4 KG 90MM,,748,
AGRITEC,A-27A,Fittings for Agriculture 3 meters 4 KG 75MM,,548,
AGRITEC,A-26A,Fittings for Agriculture 3 meters 4 KG 63MM,,398,
AGRITEC,A-14A,Fittings for Agriculture 3 meters 2.5 KG 200MM,,2445,
AGRITEC,A-13A,Fittings for Agriculture 3 meters 2.5 KG 180MM,,1970,
AGRITEC,A-12A,Fittings for Agriculture 3 meters 2.5 KG 160MM,,1545,
AGRITEC,A-11A,Fittings for Agriculture 3 meters 2.5 KG 140MM,,1145,
AGRITEC,A-10A,Fittings for Agriculture 3 meters 2.5 KG 125MM,,935,
AGRITEC,A-9A,Fittings for Agriculture 3 meters 2.5 KG 110MM,,740,
AGRITEC,A-8A,Fittings for Agriculture 3 meters 2.5 KG 90MM,,495,
AGRITEC,A-94C,Fittings for Agriculture 6 meters 10 KG 200MM,,17380,
AGRITEC,A-93C,Fittings for Agriculture 6 meters 10 KG  180MM,,13980,
AGRITEC,A-92C,Fittings for Agriculture 6 meters 10 KG 160MM,,10980,
AGRITEC,A-91C,Fittings for Agriculture 6 meters 10 KG 140MM,,8580,
AGRITEC,A-90C,Fittings for Agriculture 6 meters 10 KG 125MM,,6680,
AGRITEC,A-89C,Fittings for Agriculture 6 meters 10 KG 110MM,,5340,
AGRITEC,A-88C,Fittings for Agriculture 6 meters 10 KG 90MM,,3496,
AGRITEC,A-87C,Fittings for Agriculture 6 meters 10 KG 75MM,,2480,
AGRITEC,A-86C,Fittings for Agriculture 6 meters 10 KG 63MM,,1784,
AGRITEC,A-85C,Fittings for Agriculture 6 meters 10 KG 50MM,,1240,
AGRITEC,A-84C,Fittings for Agriculture 6 meters 10 KG 40MM,,716,
AGRITEC,A-83C,Fittings for Agriculture 6 meters 10 KG 32MM,,468,
AGRITEC,A-82C,Fittings for Agriculture 6 meters 10 KG 25MM,,294,
AGRITEC,A-81C,Fittings for Agriculture 6 meters 10 KG 20MM,,196,
AGRITEC,A-54C,Fittings for Agriculture 6 meters 6 KG 200MM,,10488,
AGRITEC,A-53C,Fittings for Agriculture 6 meters 6 KG  180MM,,8496,
AGRITEC,A-52C,Fittings for Agriculture 6 meters 6 KG 160MM,,6696,
AGRITEC,A-51C,Fittings for Agriculture 6 meters 6 KG 140MM,,5228,
AGRITEC,A-50C,Fittings for Agriculture 6 meters 6 KG 125MM,,4188,
AGRITEC,A-49C,Fittings for Agriculture 6 meters 6 KG 110MM,,3148,
AGRITEC,A-48C,Fittings for Agriculture 6 meters 6 KG 90MM,,2148,
AGRITEC,A-47C,Fittings for Agriculture 6 meters 6 KG 75MM,,1528,
AGRITEC,A-46C,Fittings for Agriculture 6 meters 6 KG 63MM,,1094,
AGRITEC,A-45C,Fittings for Agriculture 6 meters 6 KG 50MM,,694,
AGRITEC,A-44C,Fittings for Agriculture 6 meters 6 KG 40MM,,464,
AGRITEC,A-34C,Fittings for Agriculture 6 meters 4 KG 200MM,,7368,
AGRITEC,A-33C,Fittings for Agriculture 6 meters 4 KG  180MM,,6096,
AGRITEC,A-32C,Fittings for Agriculture 6 meters 4 KG 160MM,,4790,
AGRITEC,A-31C,Fittings for Agriculture 6 meters 4 KG 140MM,,3648,
AGRITEC,A-30C,Fittings for Agriculture 6 meters 4 KG 125MM,,2896,
AGRITEC,A-29C,Fittings for Agriculture 6 meters 4 KG 110MM,,2196,
AGRITEC,A-28C,Fittings for Agriculture 6 meters 4 KG 90MM,,1496,
AGRITEC,A-27C,Fittings for Agriculture 6 meters 4 KG 75MM,,1096,
AGRITEC,A-26C,Fittings for Agriculture 6 meters 4 KG 63MM,,796,
AGRITEC,A-14C,Fittings for Agriculture 6 meters  2.5 KG 200MM,,4890,
AGRITEC,A-13C,Fittings for Agriculture 6 meters  2.5 KG 180MM,,3940,
AGRITEC,A-12C,Fittings for Agriculture 6 meters  2.5 KG 160MM,,3090,
AGRITEC,A-11C,Fittings for Agriculture 6 meters  2.5 KG 140MM,,2290,
AGRITEC,A-10C,Fittings for Agriculture 6 meters  2.5 KG 125MM,,1870,
AGRITEC,A-9C,Fittings for Agriculture 6 meters  2.5 KG 110MM,,1480,
AGRITEC,A-8C,Fittings for Agriculture 6 meters  2.5 KG 90MM,,990,
AGRITEC,A-94B,Fittings for Agriculture 5 meters 10 KG 200MM,,14483,
AGRITEC,A-93B,Fittings for Agriculture 5 meters 10 KG  180MM,,11650,
AGRITEC,A-92B,Fittings for Agriculture 5 meters 10 KG 160MM,,9150,
AGRITEC,A-91B,Fittings for Agriculture 5 meters 10 KG 140MM,,7150,
AGRITEC,A-90B,Fittings for Agriculture 5 meters 10 KG 125MM,,5566,
AGRITEC,A-89B,Fittings for Agriculture 5 meters 10 KG 110MM,,4450,
AGRITEC,A-88B,Fittings for Agriculture 5 meters 10 KG 90MM,,2913,
AGRITEC,A-87B,Fittings for Agriculture 5 meters 10 KG 75MM,,2066,
AGRITEC,A-86B,Fittings for Agriculture 5 meters 10 KG 63MM,,1486,
AGRITEC,A-85B,Fittings for Agriculture 5 meters 10 KG 50MM,,1033,
AGRITEC,A-84B,Fittings for Agriculture 5 meters 10 KG 40MM,,596,
AGRITEC,A-83B,Fittings for Agriculture 5 meters 10 KG 32MM,,390,
AGRITEC,A-82B,Fittings for Agriculture 5 meters 10 KG 25MM,,245,
AGRITEC,A-81B,Fittings for Agriculture 5 meters 10 KG 20MM,,163,
AGRITEC,A-54B,Fittings for Agriculture 5 meters 6 KG 200MM,,8740,
AGRITEC,A-53B,Fittings for Agriculture 5 meters 6 KG  180MM,,7080,
AGRITEC,A-52B,Fittings for Agriculture 5 meters 6 KG 160MM,,5580,
AGRITEC,A-51B,Fittings for Agriculture 5 meters 6 KG 140MM,,4357,
AGRITEC,A-50B,Fittings for Agriculture 5 meters 6 KG 125MM,,3490,
AGRITEC,A-49B,Fittings for Agriculture 5 meters 6 KG 110MM,,2623,
AGRITEC,A-48B,Fittings for Agriculture 5 meters 6 KG 90MM,,1790,
AGRITEC,A-47B,Fittings for Agriculture 5 meters 6 KG 75MM,,1273,
AGRITEC,A-46B,Fittings for Agriculture 5 meters 6 KG 63MM,,912,
AGRITEC,A-45B,Fittings for Agriculture 5 meters 6 KG 50MM,,578,
AGRITEC,A-44B,Fittings for Agriculture 5 meters 6 KG 40MM,,387,
AGRITEC,A-34B,Fittings for Agriculture 5 meters 4 KG 200MM,,6140,
AGRITEC,A-33B,Fittings for Agriculture 5 meters 4 KG  180MM,,5080,
AGRITEC,A-32B,Fittings for Agriculture 5 meters 4 KG 160MM,,3992,
AGRITEC,A-31B,Fittings for Agriculture 5 meters 4 KG 140MM,,3040,
AGRITEC,A-30B,Fittings for Agriculture 5 meters 4 KG 125MM,,2413,
AGRITEC,A-29B,Fittings for Agriculture 5 meters 4 KG 110MM,,1830,
AGRITEC,A-28B,Fittings for Agriculture 5 meters 4 KG 90MM,,1247,
AGRITEC,A-27B,Fittings for Agriculture 5 meters 4 KG 75MM,,913,
AGRITEC,A-26B,Fittings for Agriculture 5 meters 4 KG 63MM,,663,
AGRITEC,A-14B,Fittings for Agriculture 5 meters  2.5 KG 200MM,,4075,
AGRITEC,A-13B,Fittings for Agriculture 5 meters  2.5 KG 180MM,,3283,
AGRITEC,A-12B,Fittings for Agriculture 5 meters  2.5 KG 160MM,,2575,
AGRITEC,A-11B,Fittings for Agriculture 5 meters  2.5 KG 140MM,,1908,
AGRITEC,A-10B,Fittings for Agriculture 5 meters  2.5 KG 125MM,,1558,
AGRITEC,A-9B,Fittings for Agriculture 5 meters  2.5 KG 110MM,,1233,
AGRITEC,A-8B,Fittings for Agriculture 5 meters  2.5 KG 90MM,,825,
AGRITEC,A-770,Fittings for Agriculture ( 6 kg ) REDUCER COUPLER 160 x 110MM,,304.1,
AGRITEC,A-769,Fittings for Agriculture ( 6 kg ) REDUCER COUPLER 140 x 90MM,,207.9,
AGRITEC,A-768,Fittings for Agriculture ( 6 kg ) REDUCER COUPLER 110 x 90MM,,124.1,
AGRITEC,A-767,Fittings for Agriculture ( 6 kg ) REDUCER COUPLER 110 x 75MM,,116.2,
AGRITEC,A-766,Fittings for Agriculture ( 6 kg ) REDUCER COUPLER 110 x 63MM,,110.1,
AGRITEC,A-765,Fittings for Agriculture ( 6 kg ) REDUCER COUPLER 90 x 75MM,,80.4,
AGRITEC,A-764,Fittings for Agriculture ( 6 kg ) REDUCER COUPLER 90 x 63MM,,72.9,
AGRITEC,A-763,Fittings for Agriculture ( 6 kg ) REDUCER COUPLER 90 x 50 MM,,69.2,
AGRITEC,A-762,Fittings for Agriculture ( 6 kg ) REDUCER COUPLER  75 x 63MM,,53.8,
AGRITEC,A-761,Fittings for Agriculture ( 6 kg ) REDUCER COUPLER 75 x 50MM,,48.4,
AGRITEC,A-672,Fittings for Agriculture ( 6 kg ) REDUCER TEE 160 x 110MM,,682.1,
AGRITEC,A-671,Fittings for Agriculture ( 6 kg ) REDUCER TEE 160 x 90MM,,695.4,
AGRITEC,A-670,Fittings for Agriculture ( 6 kg ) REDUCER TEE 160 x 75MM,,581.4,
AGRITEC,A-669,Fittings for Agriculture ( 6 kg ) REDUCER TEE 140 x 90MM,,473.1,
AGRITEC,A-668,Fittings for Agriculture ( 6 kg ) REDUCER TEE  140 x 75MM,,439.6,
AGRITEC,A-667,Fittings for Agriculture ( 6 kg ) REDUCER TEE 110 x 90MM,,300.6,
AGRITEC,A-666,Fittings for Agriculture ( 6 kg ) REDUCER TEE 110 x 75MM,,269.1,
AGRITEC,A-665,Fittings for Agriculture ( 6 kg ) REDUCER TEE 110 x 63MM,,244,
AGRITEC,A-664,Fittings for Agriculture ( 6 kg ) REDUCER TEE 90 x 63MM,,187.2,
AGRITEC,A-663,Fittings for Agriculture ( 6 kg ) REDUCER TEE 90 x 63MM,,173.1,
AGRITEC,A-662,Fittings for Agriculture ( 6 kg ) REDUCER TEE 75 x 63MM,,132,
AGRITEC,A-661,Fittings for Agriculture ( 6 kg ) REDUCER TEE 75 x 50MM,,113,
AGRITEC,A-572,Fittings for Agriculture ( 6 kg ) END CAP 160MM,,260.4,
AGRITEC,A-571,Fittings for Agriculture ( 6 kg ) END CAP 140MM,,182.4,
AGRITEC,A-570,Fittings for Agriculture ( 6 kg ) END CAP 125MM,,136.8,
AGRITEC,A-569,Fittings for Agriculture ( 6 kg ) END CAP 110MM,,104.8,
AGRITEC,A-568,Fittings for Agriculture ( 6 kg ) END CAP 90MM,,67.6,
AGRITEC,A-567,Fittings for Agriculture ( 6 kg ) END CAP 75MM,,43.4,
AGRITEC,A-566,Fittings for Agriculture ( 6 kg ) END CAP 63MM,,30.8,
AGRITEC,A-565,Fittings for Agriculture ( 6 kg ) END CAP 50MM,,19.2,
AGRITEC,A-564,Fittings for Agriculture ( 6 kg ) END CAP 40MM,,12.2,
AGRITEC,A-472,Fittings for Agriculture ( 6 kg ) ELBOW 160MM,,754,
AGRITEC,A-471,Fittings for Agriculture ( 6 kg ) ELBOW 140MM,,506,
AGRITEC,A-470,Fittings for Agriculture ( 6 kg ) ELBOW 125MM,,384,
AGRITEC,A-469,Fittings for Agriculture ( 6 kg ) ELBOW 110MM,,256,
AGRITEC,A-468,Fittings for Agriculture ( 6 kg ) ELBOW 90MM,,168,
AGRITEC,A-467,Fittings for Agriculture ( 6 kg ) ELBOW 75MM,,112,
AGRITEC,A-466,Fittings for Agriculture ( 6 kg ) ELBOW 63MM,,73.4,
AGRITEC,A-465,Fittings for Agriculture ( 6 kg ) ELBOW 50MM,,47.4,
AGRITEC,A-464,Fittings for Agriculture ( 6 kg ) ELBOW 40MM,,29.4,
AGRITEC,A-372,Fittings for Agriculture ( 6 kg ) EQUAL TEE 160MM,,888,
AGRITEC,A-371,Fittings for Agriculture ( 6 kg ) EQUAL TEE 140MM,,644,
AGRITEC,A-370,Fittings for Agriculture ( 6 kg ) EQUAL TEE 125MM,,472,
AGRITEC,A-369,Fittings for Agriculture ( 6 kg ) EQUAL TEE 110MM,,348,
AGRITEC,A-368,Fittings for Agriculture ( 6 kg ) EQUAL TEE 90MM,,224,
AGRITEC,A-367,Fittings for Agriculture ( 6 kg ) EQUAL TEE 75MM,,146.8,
AGRITEC,A-366,Fittings for Agriculture ( 6 kg ) EQUAL TEE 63MM,,96.8,
AGRITEC,A-365,Fittings for Agriculture ( 6 kg ) EQUAL TEE 50MM,,59.8,
AGRITEC,A-364,Fittings for Agriculture ( 6 kg ) EQUAL TEE 40MM,,37.8,
AGRITEC,A-272,Fittings for Agriculture ( 6 kg ) COUPLER 160MM,,368,
AGRITEC,A-271,Fittings for Agriculture ( 6 kg ) COUPLER 140MM,,264,
AGRITEC,A-270,Fittings for Agriculture ( 6 kg ) COUPLER 125MM,,192.4,
AGRITEC,A-269,Fittings for Agriculture ( 6 kg ) COUPLER 110MM,,143.4,
AGRITEC,A-268,Fittings for Agriculture ( 6 kg ) COUPLER 90MM,,92.4,
AGRITEC,A-267,Fittings for Agriculture ( 6 kg ) COUPLER 75MM,,62.8,
AGRITEC,A-266,Fittings for Agriculture ( 6 kg ) COUPLER 63MM,,42.8,
AGRITEC,A-265,Fittings for Agriculture ( 6 kg ) COUPLER 50MM,,26.8,
AGRITEC,A-264,Fittings for Agriculture ( 6 kg ) COUPLER 40MM,,16.2,
AGRITEC,A-543,Fittings for Agriculture ( 4 kg ) END CAP 200MM,,414,
AGRITEC,A-542,Fittings for Agriculture ( 4 kg ) END CAP 160MM,,207.1,
AGRITEC,A-549,Fittings for Agriculture ( 4 kg ) END CAP 110MM,,83.9,
AGRITEC,A-548,Fittings for Agriculture ( 4 kg ) END CAP 90MM,,54,
AGRITEC,A-547,Fittings for Agriculture ( 4 kg ) END CAP 75MM,,37.9,
AGRITEC,A-546,Fittings for Agriculture ( 4 kg ) END CAP 63MM,,26.2,
AGRITEC,A-443,Fittings for Agriculture ( 4 kg ) ELBOW 200MM,,898,
AGRITEC,A-442,Fittings for Agriculture ( 4 kg ) ELBOW 160MM,,627,
AGRITEC,A-449,Fittings for Agriculture ( 4 kg ) ELBOW 110MM,,226.1,
AGRITEC,A-448,Fittings for Agriculture ( 4 kg ) ELBOW 90MM,,138.6,
AGRITEC,A-447,Fittings for Agriculture ( 4 kg ) ELBOW 75MM,,93.1,
AGRITEC,A-446,Fittings for Agriculture ( 4 kg ) ELBOW 63MM,,62,
AGRITEC,A-343,Fittings for Agriculture ( 4 kg ) EQUAL TEE 200MM,,1276,
AGRITEC,A-342,Fittings for Agriculture ( 4 kg ) EQUAL TEE 160MM,,756.8,
AGRITEC,A-349,Fittings for Agriculture ( 4 kg ) EQUAL TEE 110MM,,302.1,
AGRITEC,A-348,Fittings for Agriculture ( 4 kg ) EQUAL TEE 90MM,,190.8,
AGRITEC,A-347,Fittings for Agriculture ( 4 kg ) EQUAL TEE 75MM,,129.2,
AGRITEC,A-346,Fittings for Agriculture ( 4 kg ) EQUAL TEE 63MM,,87,
AGRITEC,A-243,Fittings for Agriculture ( 4 kg ) COUPLER 200MM,,492.8,
AGRITEC,A-242,Fittings for Agriculture ( 4 kg ) COUPLER 160MM,,281.2,
AGRITEC,A-249,Fittings for Agriculture ( 4 kg ) COUPLER 110MM,,116.8,
AGRITEC,A-248,Fittings for Agriculture ( 4 kg ) COUPLER 90MM,,75.8,
AGRITEC,A-247,Fittings for Agriculture ( 4 kg ) COUPLER 75MM,,52,
AGRITEC,A-246,Fittings for Agriculture ( 4 kg ) COUPLER 63MM,,35.6,
AGRITEC,A-503,AGRI Fittings ELBOW 45? 50,,39,
AGRITEC,A-504,AGRI Fittings ELBOW 45? 63,,65.6,
AGRITEC,A-505,AGRI Fittings ELBOW 45? 75,,94.4,
AGRITEC,A-702,AGRI Fittings BUSH 50 x 40,,19.2,
AGRITEC,A-703,AGRI Fittings BUSH 75 x 50,,41.2,
AGRITEC,A-704,AGRI Fittings BUSH 75 x 110,,129.2,
AGRITEC,A-227,AGRI Fittings COUPLER 2.5 kg 75,,27.4,
AGRITEC,A-228,AGRI Fittings COUPLER 2.5 kg 90,,38.4,
AGRITEC,A-229,AGRI Fittings COUPLER 2.5 kg 110,,66,
AGRITEC,A-327,AGRI Fittings EQUAL TEE 2.5kg 75,,63.2,
AGRITEC,A-328,AGRI Fittings EQUAL TEE 2.5kg 90,,96.2,
AGRITEC,A-329,AGRI Fittings EQUAL TEE 2.5kg 110,,165,
AGRITEC,A-427,AGRI Fittings ELBOW 90 2.5 kg 75MM,,46.6,
AGRITEC,A-428,AGRI Fittings ELBOW 90 2.5 kg 90MM,,71.4,
AGRITEC,A-429,AGRI Fittings ELBOW 90 2.5 kg 110MM,,115.4,
AGRITEC,AS-246,AGRI SMART Fittings COUPLER PN-6 63,,38.4,
AGRITEC,AS-247,AGRI SMART Fittings COUPLER PN-6 75,,55.4,
AGRITEC,AS-248,AGRI SMART Fittings COUPLER PN-6 90,,80.8,
AGRITEC,AS-249,AGRI SMART Fittings COUPLER PN-6 110,,124.8,
AGRITEC,AS-242,AGRI SMART Fittings COUPLER PN-6 160,,299.4,
AGRITEC,AS-243,AGRI SMART Fittings COUPLER PN-6 200,,520.4,
AGRITEC,AS-346,AGRI SMART Fittings EQUAL TEE PN-6 63,,93.4,
AGRITEC,AS-347,AGRI SMART Fittings EQUAL TEE PN-6 75,,138.4,
AGRITEC,AS-348,AGRI SMART Fittings EQUAL TEE PN-6 90,,204.4,
AGRITEC,AS-349,AGRI SMART Fittings EQUAL TEE PN-6 110,,324.4,
AGRITEC,AS-342,AGRI SMART Fittings EQUAL TEE PN-6 160,,812.8,
AGRITEC,AS-343,AGRI SMART Fittings EQUAL TEE PN-6 200,,1564.8,
AGRITEC,AS-446,AGRI SMART Fittings ELBOW 90 PN-6 63MM,,67.4,
AGRITEC,AS-447,AGRI SMART Fittings ELBOW 90 PN-6 75MM,,99.8,
AGRITEC,AS-448,AGRI SMART Fittings ELBOW 90 PN-6 90MM,,148.8,
AGRITEC,AS-449,AGRI SMART Fittings ELBOW 90 PN-6 110MM,,242.8,
AGRITEC,AS-442,AGRI SMART Fittings ELBOW 90 PN-6 160MM,,672.2,
AGRITEC,AS-443,AGRI SMART Fittings ELBOW 90 PN-6 200MM,,1053.4,
AGRITEC,AS-546,AGRI SMART Fittings END CAP PN-6 63,,28.8,
AGRITEC,AS-547,AGRI SMART Fittings END CAP PN-6 75,,40.2,
AGRITEC,AS-548,AGRI SMART Fittings END CAP PN-6 90,,58.2,
AGRITEC,AS-549,AGRI SMART Fittings END CAP PN-6 110,,90.2,
AGRITEC,AS-542,AGRI SMART Fittings END CAP PN-6 160,,222.4,
AGRITEC,AS-543,AGRI SMART Fittings END CAP PN-6 200,,464.4,
AGRITEC,AS-227,AGRI SMART Fittings COUPLER PN-4 75,,28.8,
AGRITEC,AS-228,AGRI SMART Fittings COUPLER PN-4 90,,40.2,
AGRITEC,AS-229,AGRI SMART Fittings COUPLER PN-4 110,,68,
AGRITEC,AS-327,AGRI SMART Fittings EQUAL TEE PN-4 75,,64.4,
AGRITEC,AS-328,AGRI SMART Fittings EQUAL TEE PN-4 90,,98.2,
AGRITEC,AS-329,AGRI SMART Fittings EQUAL TEE PN-4 110,,168.4,
AGRITEC,AS-427,AGRI SMART Fittings ELBOW 90 PN-4 75MM,,48.2,
AGRITEC,AS-428,AGRI SMART Fittings ELBOW 90 PN-4 90MM,,72.8,
AGRITEC,AS-429,AGRI SMART Fittings ELBOW 90 PN-4 110MM,,117.4,
AGRITEC,PN 28 C,90 MM AGRI PIPE NON ISI PN 4,,1440,
AGRITEC,PN 29 C,110 MM AGRI PIPE NON ISI PN 4,,1980,
AGRITEC,PN 32 C,160 MM AGRI PIPE NON ISI PN 4,,4180,
AGRITEC,PN 48 C,90 MM AGRI PIPE NON ISI PN 6,,1980,
AGRITEC,PN 49 C,110 MM AGRI PIPE NON ISI PN 6,,2750,
AGRITEC,PN 52 C,160 MM AGRI PIPE NON ISI PN 6,,5740,
AGRITEC,PN 89 C,110 MM AGRI PIPE NON ISI PN 10,,3980,
AGRITEC,A-211,Fittings for Agriculture (10 kg) COUPLER 20mm,,6.6,
AGRITEC,A-212,Fittings for Agriculture (10 kg) COUPLER 25mm,,12.2,
AGRITEC,A-213,Fittings for Agriculture (10 kg) COUPLER 32mm,,17.1,
AGRITEC,A-214,Fittings for Agriculture (10 kg) COUPLER 40mm,,23.1,
AGRITEC,A-215,Fittings for Agriculture (10 kg) COUPLER 50mm,,34,
AGRITEC,A-311,Fittings for Agriculture (10 kg) EQUAL TEE 20mm,,13.7,
AGRITEC,A-312,Fittings for Agriculture (10 kg) EQUAL TEE 25mm,,22,
AGRITEC,A-313,Fittings for Agriculture (10 kg) EQUAL TEE 32mm,,32.4,
AGRITEC,A-314,Fittings for Agriculture (10 kg) EQUAL TEE 40mm,,48,
AGRITEC,A-315,Fittings for Agriculture (10 kg) EQUAL TEE 50mm,,72.5,
AGRITEC,A-411,Fittings for Agriculture (10 kg) ELBOW 90 20mm,,9.9,
AGRITEC,A-412,Fittings for Agriculture (10 kg) ELBOW 90 25mm,,16,
AGRITEC,A-413,Fittings for Agriculture (10 kg) ELBOW 90 32mm,,25.3,
AGRITEC,A-414,Fittings for Agriculture (10 kg) ELBOW 90 40mm,,36.5,
AGRITEC,A-415,Fittings for Agriculture (10 kg) ELBOW 90 50mm,,53,
AGRITEC,A-417,Fittings for Agriculture (4 kg) REDUCER ELBOW 110X75,,232,
AGRITEC,A-419,Fittings for Agriculture (4 kg) REDUCER ELBOW 110X90,,238,
AGRITEC,A-509,Fittings for Agriculture (4 kg) ELBOW 45 90mm,,148,
AGRITEC,A-510,Fittings for Agriculture (4 kg) ELBOW 45 110mm,,236,
AGRITEC,A-511,Fittings for Agriculture (10 kg) ELBOW 45 20mm,,9.5,
AGRITEC,A-512,Fittings for Agriculture (10 kg) ELBOW 45 25mm,,15,
AGRITEC,A-513,Fittings for Agriculture (10 kg) ELBOW 45 32mm,,20.9,
AGRITEC,A-514,Fittings for Agriculture (10 kg) ELBOW 45 40mm,,30,
AGRITEC,A-515,Fittings for Agriculture (10 kg) ELBOW 45 50mm,,44.5,
AGRITEC,A-711,Fittings for Agriculture (4 kg) REDUCER BUSH 20X25,,3.5,
AGRITEC,A-712,Fittings for Agriculture (4 kg) REDUCER BUSH 20X32,,6.9,
AGRITEC,A-713,Fittings for Agriculture (4 kg) REDUCER BUSH 20X40,,13.7,
AGRITEC,A-714,Fittings for Agriculture (4 kg) REDUCER BUSH 20X50,,19.6,
AGRITEC,A-715,Fittings for Agriculture (4 kg) REDUCER BUSH 25X32,,6.4,
AGRITEC,A-716,Fittings for Agriculture (4 kg) REDUCER BUSH 25X40,,15.7,
AGRITEC,A-717,Fittings for Agriculture (4 kg) REDUCER BUSH 25X50,,22.1,
AGRITEC,A-718,Fittings for Agriculture (4 kg) REDUCER BUSH 32X40,,12.4,
AGRITEC,A-719,Fittings for Agriculture (4 kg) REDUCER BUSH 32X50,,21.6,
AGRITEC,A-720,Fittings for Agriculture (4 kg) REDUCER BUSH 40X63,,31.2,
AGRITEC,A-721,Fittings for Agriculture (4 kg) REDUCER BUSH 50X63,,36.3,
C.P-CDA,BEA-106,Health Faucet (Brass) With SS Tube & Abs Hook 1Mtr.,,1290,
C.P-CDA,BEA-105,Health Faucet (Brass) With SS Tube & Abs Hook 1Mtr.,,1090,
C.P-CDA,C-2,WIPE N SHINE FAUCET CLEANER 200ML,,504,
C.P-CDA,C-1,WIPE N SHINE FAUCET CLEANER 100ML,,252,
C.P-CDA,BEN-04,"EXTENSION NIPPLE BRASS/2""",,218,
C.P-CDA,BEN-03,"EXTENSION NIPPLE BRASS 1.5""",,166,
C.P-CDA,ECO-63,Overhead Shower With Armand Flange,,830,
C.P-CDA,BHS-49S,HAND SHOWER TUBE 100MM (1 MTR),,296,
C.P-CDA,BHS-48S,SHOWER TUBE 1500MM (15 MTR),,360,
C.P-CDA,BEA-22,BOTTLE TRAP 12,,2470,
C.P-CDA,BEA-21,Bottle Trap 7 (Droplets),,2580,
C.P-CDA,PR-544,VIRGO Angle Cock,,620,
C.P-CDA,BS-66,"5""Overhead ABS Shower round with 225mm S.S Arm & Flange",,1190,
C.P-CDA,CPS-81,CONCEALED FLANGE HANDLE & SLEEVE,,790,
C.P-CDA,CPS-20,PREMIUM CONCEALEDSTOP COCK WITH FITTING,,1380,
C.P-CDA,CPS-15,PREMIUM CONCEALEDSTOP COCK WITH FITTING,,1320,
C.P-CDA,CSS-79F,CONCEALED FLANGE HANDLE & SLEEVE,,640,
C.P-CDA,CSS-78,CONCEALED FLANGE HANDLE & SLEEVE,,550,
C.P-CDA,CSS-77,CONCEALED FLANGE HANDLE & SLEEVE,,580,
C.P-CDA,CSS-76,CONCEALED FLANGE HANDLE & SLEEVE,,450,
C.P-CDA,CSS-74,CONCEALED FLANGE HANDLE & SLEEVE,,550,
C.P-CDA,CSS-73,CONCEALED FLANGE HANDLE & SLEEVE,,520,
C.P-CDA,CSS-72,CONCEALED FLANGE HANDLE & SLEEVE,,540,
C.P-CDA,BS-78,CASCADE,,1930,
C.P-CDA,BEN-01,EXTENSION NIPPLE BRASS HEXA NIPPLE,,176,
C.P-CDA,BSS-01,CANTABILE-FERRIS MATERIAL S.S-FINISH GLOSSY FERRIS BATH SET 5 PCS,,2690,
C.P-CDA,BA-17S,CANTABILE-CLEA MATERIAL S.S. -FINISH GLOSSY ROBE HOOK,,510,
C.P-CDA,BA-16S,CANTABILE-CLEA MATERIAL S.S. -FINISH GLOSSY  TUMBLER HOLDER,,790,
C.P-CDA,BA-15S,CANTABILE-CLEA MATERIAL S.S. -FINISH GLOSSY  SOAP DISH,,670,
C.P-CDA,BA-11S,CANTABILE-CLEA MATERIAL S.S. -FINISH GLOSSY  TOWEL RING,,790,
C.P-CDA,BA-10S,"CANTABILE-CLEA MATERIAL S.S. -FINISH GLOSSY  TOWEL RAIL 24"" 600MM",,1130,
C.P-CDA,BA-48,SAGA ROUND MATERIAL BRASS-FINISH GLOSSY TOILET PAPER HOLDER,,910,
C.P-CDA,BA-47,SAGA ROUND MATERIAL BRASS-FINISH GLOSSY ROBE HOOK,,530,
C.P-CDA,BA-46,SAGA ROUND MATERIAL BRASS-FINISH GLOSSY TUMBLER HOLDER,,960,
C.P-CDA,BA-45,SAGA ROUND MATERIAL BRASS-FINISH GLOSSY SOAP DISH,,730,
C.P-CDA,BA-42,SAGA ROUND MATERIAL BRASS-FINISH GLOSSY TOWEL RACK,,4270,
C.P-CDA,BA-41,SAGA ROUND MATERIAL BRASS-FINISH GLOSSY TOWEL RING,,1040,
C.P-CDA,BA-40,SAGA ROUND MATERIAL BRASS-FINISH GLOSSY TOWEL RAIL,,1480,
C.P-CDA,BA-07,PICASSO MATERIAL BRASS -FINISH GLOSSY ROBE HOOK,,720,
C.P-CDA,BA-06,PICASSO MATERIAL BRASS -FINISH GLOSSY TUMBLER HOLDER,,1070,
C.P-CDA,BA-05,PICASSO MATERIAL BRASS -FINISH GLOSSY SOAP DISH,,850,
C.P-CDA,BA-03,PICASSO MATERIAL BRASS -FINISH GLOSSY TOWEL RACK,,5890,
C.P-CDA,BA-02,PICASSO MATERIAL BRASS -FINISH GLOSSY TOWEL RING,,1140,
C.P-CDA,BA-01,PICASSO MATERIAL BRASS -FINISH GLOSSY TOWEL RAIL,,2010,
C.P-CDA,PR-644,ANGLE COCK BRASS RECTANGLE,,710,
C.P-CDA,PR-444,ANGLE COCK BRASS  SPIRO,,1040,
C.P-CDA,PR-344,ANGLE COCK BRASS  TULIP,,690,
C.P-CDA,PR-244,ANGLE COCK BRASS MUSE,,730,
C.P-CDA,PR-144,ANGLE COCK BRASS JIVE,,730,
C.P-CDA,BSP-19,SENSORS PILLAR FAUCET AC-DC,,12990,
C.P-CDA,BSD-18,SENSORS HAND DRYER,,8990,
C.P-CDA,BSP-17,SENSORS PILLAR FAUCET AC-DC,,10490,
C.P-CDA,BSU-11,SENSORS URINAL,,12200,
C.P-CDA,PR-139,PUSH COCK SELF CLOSERS PUSH COCK BRASS,,910,
C.P-CDA,BSC-10,PUSH COCK SELF CLOSERS SELF CLOSERS ANGLE TAP BRASS,,2280,
C.P-CDA,BSC-06,PUSH COCK SELF CLOSERS SELF CLOSERS BIP TAP BRASS,,2390,
C.P-CDA,BSC-02,PUSH COCK SELF CLOSERS PILLAR TAP BRASS,,3890,
C.P-CDA,BEA-48,ABS BRACKETS CORNER GLASS SHELF 200MM 200*6 WITH ABS BRACKETS,,990,
C.P-CDA,BEA-47,ABS BRACKETS CORNER GLASS SHELF 200MM 200*6,,1190,
C.P-CDA,BEA-46,ABS BRACKETS CORNER GLASS SHELF 300MM 300*600,,1110,
C.P-CDA,BEA-43,ABS BRACKETS GLASS SHELF 300M,,1020,
C.P-CDA,BEA-49,BRASS BRACKETS GLASS SHELF 300MM WITH BRASS,,1510,
C.P-CDA,BEA-45,BRASS BRACKETS GLASS SHELF 500*125MM,,1560,
C.P-CDA,BEA-44,BRASS BRACKETS CORNER GLASS SHELF 300MM,,1560,
C.P-CDA,BEA-42,BRASS BRACKETS CORNER GLASS SHELF 200MM,,1560,
C.P-CDA,BEA-103,HEALTH FAUCETS ABS WITH SS TUBE 1 MTR SS TUBE TUBE & ABS HOOK,,990,
C.P-CDA,BEA-100,HEALTH FAUCETS ABS WITH SS TUBE 1 MTR SS TUBE TUBE & HOOK,,940,
C.P-CDA,BEA-97,HEALTH FAUCETS ABS WITH SS TUBE 1 MTR SS TUBE TUBE & HOOK,,940,
C.P-CDA,BEA-95,HEALTH FAUCETS ABS WITH SS TUBE 1 MTR SS TUBE TUBE & HOOK,,990,
C.P-CDA,BEA-81,HEALTH FAUCETS ABS WITH SS TUBE BRASS WITH 1MTR TUBE & HOK,,1760,
C.P-CDA,BEA-41,HEALTH FAUCETS ABS WITH SS TUBE BRASS WITH 1 MITR TUBE & HOOK,,1990,
C.P-CDA,BEA-40,HEALTH FAUCETS ABS WITH SS TUBE 1MTR TUBE & HOOK,,780,
C.P-CDA,BEA-37,FLUSH COCK BRASS CONC FLUSH VALVE 40MM,,4910,
C.P-CDA,BEA-36,FLUSH COCK BRASS DUAL PUSH CONC FLUSH VALVE 32MM,,4910,
C.P-CDA,BEA-35,FLUSH COCK BRASS CONC FLUSH VALVE 32MM,,4910,
C.P-CDA,BEA-34,"FLUSH COCK BRASS 1 /1/4"" PUSH TYPE",,3840,
C.P-CDA,BEA-33,FLUSH COCK BRASS 25MM HALF TURN,,3840,
C.P-CDA,BEA-32,FLUSH COCK BRASS LEVER TYPE 25MM,,3340,
C.P-CDA,BEA-31,FLUSH COCK BRASS PUSH TYPE 25MM,,3230,
C.P-CDA,BEA-25,BOTTLE TRAP & URINAL SPREADER  BRASS URINAL SPREADER,,910,
C.P-CDA,BEA-26,"BOTTLE TRAP & URINAL SPREADER  BRASS BOTTLE TRAP 12""",,2370,
C.P-CDA,BEA-23,"BOTTLE TRAP & URINAL SPREADER BRASS BOTTLE 7"" PROJECT",,2150,
C.P-CDA,BEA-18,JET SPRAY S.S L BEND WITH 1MTR TUBE,,560,
C.P-CDA,BEA-17,JET SPRAY S.S BUTTERFLY WITH BRAIDED TUBE 1.5MTR,,560,
C.P-CDA,BEA-16B,DROPLET WASTE COUPLING HEAVY FULL THREAD 40MM BRASS,,1190,
C.P-CDA,BEA-16,DROPLET WASTE COUPLING HEAVY FULL THREAD 50MM BRASS,,1280,
C.P-CDA,BEA-15,DROPLET WASTE COUPLING HEAVY COUPLING FULL THREAD 32MM BRASS,,670,
C.P-CDA,BEA-14,DROPLET WASTE COUPLING HEAVY HALF THREAD 32MM BRASS,,670,
C.P-CDA,BEA-13L,DROPLET WASTE COUPLING POP UP 150MM BRASS,,1590,
C.P-CDA,BEA-13,DROPLET WASTE COUPLING 32MM FULL POP UP BRASS,,1090,
C.P-CDA,BEA-11S,"DROPLET S.S WASTE COUPLING LIGHT FULL THREAD 32MM 3.5""",,290,
C.P-CDA,BEA-11,DROPLET WASTE COUPLING LIGHT FULL THREAD 32MM BRASS,,570,
C.P-CDA,BEA-10S,"DROPLET WASTE COUPLING LIGHT HALF THREAD 32MM 3.5""S",,290,
C.P-CDA,BEA-10,DROPLET WASTE COUPLING LIGHT HALF THREAD 32MM BRASS,,570,
C.P-CDA,BHS-99,DRIZZLE HAND SHOWER ABS SINGLE FLOW WITH 1.5MTR SS TUBE,,1090,
C.P-CDA,BHS-85,DRIZZLE MULTI FLOW HAND SHOWER ABS WITH 1.5MTR S.S. FLEXIBLE TUBE & HOOK,,1290,
C.P-CDA,BHS-49,DRIZZLE HAND SHOWER S.S. TUBE 1.5/1MTR,,490,
C.P-CDA,BHS-48,DRIZZLE HAND SHOWER S.S. TUBE 1.5/1MTR,,590,
C.P-CDA,BH-79,DRIZZLE HAND SHOWER ABS WITH 1.5MTR S.S. FLEXIBLE TUBE AND HOOK,,1090,
C.P-CDA,BH-73,DRIZZLE SINGLE FLOW HAND ABS SHOWER WITH 1.5MTR S.S. FLEXIBLE TUBE & HOOK,,1190,
C.P-CDA,SE-06,FLAT HOOK ABS FOR HEALTH FAUCET,,58,
C.P-CDA,SE-05,CASCADE SQUARE HOOK ABS FOR HEALTH FAUCET,,58,
C.P-CDA,BNS-04,CASCADE SQUARE 100MM WALL SHOWER ADJUSTABLE S.S.,,6280,
C.P-CDA,BNS-03,CASCADE ROUND 100MM WALL SHOWER ADJUSTABLE S.S.,,6280,
C.P-CDA,BNS-02,CASCADE SQUARE BODY 45*45MM MATE FINISH BRASS,,2510,
C.P-CDA,BNS-01,CASCADE ROUND BODY 45*45MM MATE FINISH BRASS,,2510,
C.P-CDA,BS-79,"CASCADE OVERHEAD ABS SHOWER WITH BRASS ARM & FLANGE 4"" 225MM",,1680,
C.P-CDA,BS-73,"CASCADE 4"" OVERHEAD SHOWER ABS WITH BRASS ARM 225MM & FLANGE",,1540,
C.P-CDA,BS-69,"CASCADE 5"" OVERHEAD SHOWER ABS ROUND WITH 225MM BRASS ARM & FLANGE",,940,
C.P-CDA,BS-30,CASCADE WATER FALL SQUARE SHOWER 100MM ABS WITHOUT ARM,,1230,
C.P-CDA,BOS-106,CASCADE CELLING SHOWER RAIN+MIST -SS 04 WITHOUT ARM 250*375MM,,23520,
C.P-CDA,BOS-105B,"CASCADE OVERHEAD GRACE SHOWER SS 201 WITHOUT ARM 8"" 200MM",,1980,
C.P-CDA,BOS-105A,"CASCADE OVERHEAD GRACE SHOWER SS 201 WITHOUT ARM 6"" 150MM",,1460,
C.P-CDA,BOS-105,"CASCADE OVERHEAD GRACE SHOWER SS 201 WITHOUT ARM 4"" 100MM",,990,
C.P-CDA,BOS-104C,"CASCADE OVERHEAD MAZE SHOWER SS 304 WITHOUT ARM 16"" 400MM",,14110,
C.P-CDA,BOS-104B,"CASCADE OVERHEAD MAZE SHOWER SS 304 WITHOUT ARM 12"" 300MM",,6190,
C.P-CDA,BOS-104A,"CASCADE OVERHEAD MAZE SHOWER SS 304 WITHOUT ARM 8"" 200MM",,2490,
C.P-CDA,BOS-104,"CASCADE OVERHEAD MAZE SHOWER SS 304 WITHOUT ARM 6"" 150MM",,1970,
C.P-CDA,BOS-50,CASCADE SHOWER BRASS ARM 375MM WITH FLANGE,,1560,
C.P-CDA,BOS-49,CASCADE SHOWER BRASS ARM 225MM WITH FLANGE,,1060,
C.P-CDA,BOS-48,CASCADE SHOWER BRASS ARM 150MM WITH FLANGE,,750,
C.P-CDA,BOS-47,CASCADE SHOWER BRASS ARM 300MM WITH FLANGE,,1290,
C.P-CDA,BOS-42,"CASCADE SQUARE RAIN SHOWER 8"" WITHOUT ARM",,1880,
C.P-CDA,BOS-41,"CASCADE ROUND RAIN SHOWER 8"" WITHOUT ARM",,1720,
C.P-CDA,453,ABS Health Faucet with Hook,"IVORY,WHITE",430,
C.P-CDA,452,CHROME PLATED SERIES ROMAN 2IN1 FAUCET ( 1.5 Mtr Tube & HOOK ),WHITE,780,
C.P-CDA,452,CHROME PLATED SERIES ROMAN 2IN1 FAUCET ( 1.5 Mtr Tube & HOOK ),IVORY,780,
C.P-CDA,BS-89,ABS Overhead Shower Square 150mm,,2840,
C.P-CDA,BOS-04,Brass Overhead Shower 100mm,,2290,
C.P-CDA,BSP-20,Sensor Pillar Faucet (Ac-Dc),,12540,
C.P-CDA,BA-12S,SS Towel Rack,,3650,
C.P-CDA,BA-18S,SS Toilet Paper Holder,,990,
C.P-CDA,BA-20N,Zink Towel Ring,,1330,
C.P-CDA,BA-21N,Zink Towel Ring,,940,
C.P-CDA,BA-25N,Glass Soap Dish with Zink Stand,,940,
C.P-CDA,BA-26N,Glass Tumbler Holder with Zink Stand,,940,
C.P-CDA,BA-27N,Zink Robe Hook,,670,
C.P-CDA,BOS-49SR,SS Shower Arm 255mm with Flange,,405,
C.P-CDA,BOS-50SR,SS Shower Arm 375mm with Flange,,560,
C.P-CDA,BOS-47SR,SS Shower Arm 300mm with Flange,,450,
C.P-CDA,493B,ABS Soap Dispeser Round 400 ML,,650,
C.P-CDA,492B,ABS Soap Dispeser Ovel 400 ML,,650,
C.P-CDA,CSS-71,"CYGNUS Concealed Flange, Handle & Sleeve",,890,
C.P-CDA,CPS-93,"LAGUNA Concealed Flange, Handle & Sleeve",,790,
C.P-CDA,BEA-101A,HEALTH FAUCETS (BLISTER PACKING)ABS Health Faucet with 1 Mtr S S Tube & Hook Chrome Plated MILANO,,990,
C.P-CDA,BEA-102A,HEALTH FAUCETS (BLISTER PACKING)ABS Health Faucet with 1 Mtr PVC Tube & Hook Chrome Plated EVA,,910,
C.P-CDA,BEA-195A,HEALTH FAUCETS (BLISTER PACKING) ABS Health Faucet with 1 Mtr S S Tube & Hook Chrome Plated CROMA,,1060,
C.P-CDA,BOS-107,OVERHEAD SHOWERS S S Overhead Shower 150 x 150 mm with S S Arm 325 mm & Flange PASSION,,1490,
C.P-CDA,BOS-108,OVERHEAD SHOWERS S S Overhead Shower 200 x 200 mm with S S Arm 375 mm & Flange PASSION,,1990,
C.P-CDA,BOS-195,OVERHEAD SHOWERS ABS Overhead Shower 150 mm with S S Arm 325 mm & Flange SQUARE,,1690,
C.P-CDA,BOS-196,OVERHEAD SHOWERS ABS Overhead Shower 150 mm with S S Arm 325 mm & Flange ROUND,,1690,
C.P-CDA,PD-46-H-N,"ORBIT  High Flow Concealed Diverter Body 46mm (Cartridge, Sleeve, Tipton Assembly)",,4980,
C.P-CDA,TM-06C,Thermostatic Diverter Click Tec Series 3- Outlet Chrome Finish Brass Body,,48380,
C.P-CDA,TM-07C,Thermostatic Diverter Click Tec Series 4-Outlet Chrome Finish Brass Body,,59180,
C.P-CDA,TM-08C,Thermostatic Diverter Click Tec Series 5-Outlet Chrome Finish Brass Body,,64580,
C.P-CDA,TM-09C,Thermostatic Diverter Click Tec Series 6-Outlet Chrome Finish Brass Body,,75380,
C.P-CDA,TM-10C,Thermostatic Diverter Click Tec Series 4-Outlet with Water-Flow Control,,62890,
C.P-CDA,BEA-521,SS Jet Spray (Butterfly) with 1Mtr Tube,,340,
C.P-CDA,BEA-522,SS Jet Spray (L-Bend) with 1Mtr Tube,,340,
C.P-CDA,BEA-523,SS Jet Spray (American) with 1Mtr Tube,,340,
C.P-CDA,ECO-65,ABS Round Overhead Shower 75mm Full CP with SS Arm 225mm and Flange,,850,
C.P-CDA,CNS-15,"Concealed Stop Cock Suitable For 15mm Pipe Line with 1/2"" Spindle ALLIED",,940,
C.P-CDA,CNS-20,"Concealed Stop Cock Suitable For 20mm Pipe Line with 1/2"" Spindle ALLIED",,980,
C.P-CDA,CNS-52,"Concealed Flange, Handle & Sleeve ALLIED",,340,
C.P-CDA,CNS-53,"Concealed Flange, Handle & Sleeve ALLIED",,350,
C.P-CDA,BS-73SS,ABS Overhead Shower 100mm with SS Arm 225mm & Flange ACCESSORIES,,920,
C.P-CDA,BS-79SS,ABS Overhead Shower Square 100mm with SS Arm 225mm & Flange ACCESSORIES,,1030,
C.P-CDA,BS-78SS,ABS Overhead Shower 150mm with SS Arm 225mm & Flange ACCESSORIES,,1290,
C.P-CDA,BS-89SS,ABS Overhead Shower Square 150mm with SS Arm 375mm & Flange ACCESSORIES,,2190,
C.P-CDA,BS-30SS,ABS Water Fall Square Overhead Shower 100mm with SS Arm 225mm & Flange ACCESSORIES,,920,
C.P-CDA,BOS-41SS,Round Rain Shower 200mm with SS Plate and SS Arm 375mm & Flange ACCESSORIES,,2290,
C.P-CDA,BOS-41SB,Round Rain Shower 200mm with SS Plate and Brass Arm 375mm & Flange ACCESSORIES,,3090,
C.P-CDA,BOS-42SS,Square Rain Shower 200mm with SS Plate and SS Arm 375mm & Flange ACCESSORIES,,2380,
C.P-CDA,BOS-42SB,Square Rain Shower 200mm with SS Plate and Brass Arm 375mm & Flange ACCESSORIES,,3450,
C.P-CDA,BHS-89,ABS Hand Shower with 1.5Mtr SS Tube & ABS Hook ACCESSORIES,,1290,
C.P-CDA,BCT-03P,Polyamide Braided Connection Tube with Brass Nut 450mm ACCESSORIES,,234,
C.P-CDA,BCT-04P,Polyamide Braided Connection Tube with Brass Nut 600mm ACCESSORIES,,252,
C.P-CDA,BCT-05P,Polyamide Braided Connection Tube with Brass Nut 750mm ACCESSORIES,,274,
C.P-CDA,BCT-06P,Polyamide Braided Connection Tube with Brass Nut 900mm ACCESSORIES,,302,
C.P-CDA,BA-01S,SS Towel Rail (600mm) ACCESSORIES,,1460,
C.P-CDA,BA-02S,SS Towel Ring ACCESSORIES,,910,
C.P-CDA,BA-05S,SS Soap Dish ACCESSORIES,,710,
C.P-CDA,BA-06S,SS Tumbler Holder ACCESSORIES,,880,
C.P-CDA,BA-07S,SS Robe Hook ACCESSORIES,,416,
C.P-CDA,BA-08S,SS Toilet Paper Holder ACCESSORIES,,1340,
C.P-CDA,BEN-02,"Extension Nipple 1"" ACCESSORIES",,108,
C.P-CDA,BEN-05,"Extension Nipple 2.5"" ACCESSORIES",,268,
C.P-CDA,BEN-06,"Extension Nipple 3"" ACCESSORIES",,332,
C.P-CDA,BEA-17B,SS Jet Spray with 1.5Mtr Tube ACCESSORIES,,590,
C.P-CDA,BEA-18B,SS Jet Spray with 1.5Mtr Tube ACCESSORIES,,590,
C.P-CDA,BEA-888,ABS Health Faucet Chrome Plated with 1Mtr Polyamide Gray Tube & ABS Hook ACCESSORIES,,1090,
C.P-CDA,BOS-6003,Chrome Plated Over Head Steppo Shower 150x150mm ACCESSORIES,,980,
C.P-CDA,BOS-4009,Chrome Plated Over Head Steppo Shower 100x100mm ACCESSORIES,,780,
C.P-CDA,BOS-502,"Chrome Plated Over Head Rain Shower 5"" ACCESSORIES",,590,
C.P-CDA,BOS-118,SS Over Head Drizzle Shower 100x100mm ACCESSORIES,,1090,
C.P-CDA,BOS-119,SS Over Head Drizzle Shower 150x150mm ACCESSORIES,,1540,
C.P-CDA,BOS-120,SS Over Head Drizzle Shower 200x200mm ACCESSORIES,,1940,
C.P-CDA,BOS-121,SS Over Head Drizzle Shower 300x300mm ACCESSORIES,,5880,
C.P-CDA,BOS-2001,Chrome Plated Over Head Rainduet Shower 5-Function ACCESSORIES,,940,
C.P-CDA,BOS-2011,Chrome Plated Over Head Regal Shower 5-Function ACCESSORIES,,740,
C.P-CDA,BEA-1050,ABS Health Faucet Axor with 1Mtr SS Tube & Hook Chrome Plated ACCESSORIES,,1490,
C.P-CDA,BEA-1050B,Matt Black ABS Health Faucet Axor with 1Mtr SS Tube & Hook ACCESSORIES,,2880,
C.P-CDA,BEA-1050RG,Rose Gold ABS Health Faucet Axor with 1Mtr SS Tube & Hook ACCESSORIES,,2880,
C.P-CDA,BEA-1050G,Gold ABS Health Faucet Axor with 1Mtr SS Tube & Hook ACCESSORIES,,2880,
C.P-CDA,BEA-1049,Matt Black ABS Health Faucet Magna with 1Mtr SS Tube & Hook ACCESSORIES,,1740,
C.P-CDA,BOS-802B,"Black 19""x13"" Ceiling Shower SS-304 with Frame ACCESSORIES",,46990,
C.P-CDA,BOS-802RG,"Rose Gold 19""x13"" Ceiling Shower SS-304 with Frame ACCESSORIES",,46990,
C.P-CDA,BOS-802G,"Gold 19""x13"" Ceiling Shower SS-304 with Frame ACCESSORIES",,46990,
C.P-CDA,BEA-1019B,Black Health Faucet Brass with 1Mtr SS Tube & Matal Hook ACCESSORIES,,3440,
C.P-CDA,BEA-1019RG,Rose Gold Health Faucet Brass with 1Mtr SS Tube & Matal Hook ACCESSORIES,,3440,
C.P-CDA,BEA-1019G,Gold Health Faucet Brass with 1Mtr SS Tube & Matal Hook ACCESSORIES,,3440,
C.P-CDA,BHS-802B,Black Brass Hand Shower with 1.5Mtr SS Tube & ABS Adjustable Hook ACCESSORIES,,4990,
C.P-CDA,BHS-802RG,Rose Gold Brass Hand Shower with 1.5Mtr SS Tube & ABS Adjustable Hook ACCESSORIES,,4990,
C.P-CDA,BHS-802G,Gold Brass Hand Shower with 1.5Mtr SS Tube & ABS Adjustable Hook ACCESSORIES,,4990,
C.P-CDA,BHS-803B,Black ABS Hand Shower with 1.5Mtr SS Tube & ABS Adjustable Hook ACCESSORIES,,2780,
C.P-CDA,BHS-803RG,Rose Gold ABS Hand Shower with 1.5Mtr SS Tube & ABS Adjustable Hook ACCESSORIES,,2780,
C.P-CDA,BHS-803G,Gold ABS Hand Shower with 1.5Mtr SS Tube & ABS Adjustable Hook ACCESSORIES,,2780,
C.P-CDA,BOS-803B,Black SS Shower 8x8 with Brass Nut & Ball Fittings ACCESSORIES,,3430,
C.P-CDA,BOS-803RG,Rose Gold SS Shower 8x8 with Brass Nut & Ball Fittings ACCESSORIES,,3430,
C.P-CDA,BOS-803G,Gold SS Shower 8x8 with Brass Nut & Ball Fittings ACCESSORIES,,3430,
C.P-CDA,BOS-8003B,Black SS Shower 12x12 with Brass Nut & Ball Fittings ACCESSORIES,,6990,
C.P-CDA,BOS-8003RG,Rose Gold SS Shower 12x12 with Brass Nut & Ball Fittings ACCESSORIES,,6990,
C.P-CDA,BOS-8003G,Gold SS Shower 12x12 with Brass Nut & Ball Fittings ACCESSORIES,,6990,
C.P-CDA,BOS-801B,Black SS Shower Arm 450mm with Flange ACCESSORIES,,3290,
C.P-CDA,BOS-801RG,Rose Gold SS Shower Arm 450mm with Flange ACCESSORIES,,3290,
C.P-CDA,BOS-801G,Gold SS Shower Arm 450mm with Flange ACCESSORIES,,3290,
C.P-CDA,BNS-04B,"Black Brass Body Jet 5""x5"" ACCESSORIES",,9120,
C.P-CDA,BNS-04RG,"Rose Brass Gold Body Jet 5""x5"" ACCESSORIES",,9120,
C.P-CDA,BNS-04G,"Gold Brass Body Jet 5""x5"" ACCESSORIES",,9120,
C.P-CDA,BOS-51SR,SS Shower Arm 450mm with Flange ACCESSORIES,,570,
C.P-CDA,BOS-52SR,SS Shower Arm 600mm with Flange ACCESSORIES,,880,
C.P-CDA,BEA-13LL,Brass Waste Coupling Pop Up 175 mm ACCESSORIES,,2140,
C.P-CDA,BS-41,CASCADE Optus Mini Shower Oval 125 mm,,690,
C.P-CDA,BS-112,CASCADE Over Head Shower Aesthetic Square 100mm with SS Arm,,940,
C.P-CDA,BS-104,ACCESSORIES Pluto Multi Flow Round Shower 110 mm,,840,
C.P-CDA,BS-108,ACCESSORIES Over Head Shower Round Full CP 225 MM,,1730,
C.P-CDA,BS-1001,ACCESSORIES Over Head Shower Edge Slim 4x4 Blister Set,,1030,
C.P-CDA,BS-1002,ACCESSORIES Over Head Shower Nova Slim 4 Blister Set (Round),,1030,
C.P-CDA,BS-1003,ACCESSORIES Over Head Shower Edge Slim 5x5 Blister Set,,1140,
C.P-CDA,BS-1004,ACCESSORIES Over Head Shower Nova Slim 5Blister Set (Round),,1140,
C.P-CDA,BS-109,ACCESSORIES Over Head Shower Aesthetic Round 100 mm with 225 mm ss arm,,930,
C.P-CDA,BHS-51,ACCESSORIES Sliding Bar SS-304 Square,,2080,
C.P-CDA,BSD-10,ACCESSORIES Hand Dryer,,93980,
C.P-CDA,BSD-11,ACCESSORIES Hand Dryer,,20790,
C.P-CDA,BSD-12,ACCESSORIES Hand Dryer,,14590,
C.P-CDA,BSD-13,ACCESSORIES Hand Dryer,,21950,
C.P-CDA,TSA-01,ACCESSORIES Tissue Paper Dispenser White,,3940,
C.P-CDA,TSA-02,ACCESSORIES Tissue Paper Dispenser Black,,3940,
C.P-CDA,BSD-14,ACCESSORIES Hand Dryer,,23730,
C.P-CDA,BHS-103,ACCESSORIES Pluto Hand Shower,,1090,
C.P-CDA,BHS-104,ACCESSORIES Pluto Multi Flow Hand Shower,,1290,
C.P-CDA,BHS-81,ACCESSORIES Steppo Hand Shower Single Flow,,1290,
C.P-CDA,BHS-307,ACCESSORIES Hand Shower Orbit Rain TO Mist Flow,,1640,
C.P-CDA,BHS-301,ACCESSORIES Hand Shower Sleek Round With Silicon Nozzles,,1290,
C.P-CDA,BHS-1WT,ACCESSORIES Hand Shower Maze Round,,1640,
C.P-CDA,BHS-2WT,ACCESSORIES Hand Shower Maze Square,,1640,
C.P-CDA,BHS-306,ACCESSORIES Multi Flow Hand Shower Full CP,,1440,
C.P-CDA,BHS-109,ACCESSORIES Hand Shower steppo with 1.5 mtr ss tube & hook,,1480,
C.P-CDA,TBH-01,ACCESSORIES Toilet Brush Holder ABS,,940,
C.P-CDA,BNS-05,ACCESSORIES Body Jet Dancing Brass,,3950,
C.P-CDA,CSS-15,"ALLIED Concealed Stop Cock Suitable For 15mm Pipe Line with 3/4"" Spindle",,1140,
C.P-CDA,CSS-20,"ALLIED Concealed Stop Cock Suitable For 20mm Pipe Line with 3/4"" Spindle",,1190,
C.P-CDA,CNS-54,"ALLIED Concealed Flange, Handle & Sleeve",,390,
C.P-CDA,CNS-55,"ALLIED Concealed Flange, Handle & Sleeve",,410,
C.P-CDA,CNS-60,"ALLIED Concealed Flange, Handle & Sleeve",,370,
C.P-CDA,CNS-62,"ALLIED Concealed Flange, Handle & Sleeve",,390,
C.P-CDA,451,ACCESSORIES ABS Health Faucet with 1Mtr PVC Tube & Hook,,730,
C.P-CDA,RB-45,"ACCESSORIES Rag Bolt Assy 5/8""",,790,
C.P-CDA,RB-46,"ACCESSORIES Rag Bolt Assy 3/8""",,380,
C.P-CDA,TTS-01,ACCESSORIES Teflon Thread Seal (10Mtr L) 12mm,,36,
C.P-CDA,TTS-02,ACCESSORIES Teflon Thread Seal (10Mtr L) 19mm,,40,
C.P-CDA,TTS-03,ACCESSORIES Teflon Thread Seal (10Mtr L) 12mm,,28,
C.P-CDA,GBS-01,"Grab Bar 18"" SS304+ABS",,1290,
C.P-CDA,GBS-02,"Grab Bar 24"" SS304+ABS",,1390,
C.P-CDA,GBS-03,"Grab Bar U Type 24"" SS304+ABS",,5490,
C.P-CDA,GV-001,Gun Metal Gate Valve 15 MM,,1550,
C.P-CDA,GV-002,Gun Metal Gate Valve 20 MM,,2060,
C.P-CDA,GV-003,Gun Metal Gate Valve 25 MM,,3090,
C.P-CDA,GV-004,Gun Metal Gate Valve 32 MM,,4870,
C.P-CDA,GV-005,Gun Metal Gate Valve 40 MM,,6450,
C.P-CDA,GV-006,Gun Metal Gate Valve 50 MM,,9440,
C.P-CDA,GV-007,Gun Metal Gate Valve 65 MM,,16780,
C.P-CDA,GV-008,Gun Metal Gate Valve 80 MM,,24660,
C.P-CDA,GV-009,Gun Metal Gate Valve 100 MM,,40830,
C.P-CDA,PR-100,Angle Cock 15mm SS Body Zinc Handle Brass Internel Fitting,,490,
C.P-CDA,PR-101,Angle Cock 15mm SS Body Zinc Handle Brass Internel Fitting,,490,
C.P-CDA,PR-102,Angle Cock 15mm SS Body ABS Handle Brass Internel Fitting,,360,
C.P-CDA,PR-103,Angle Cock 15mm SS Body ABS Handle Brass Internel Fitting,,360,
C.P-CDA,BEA-27Z,Zink Bottle Trap with SS Pipe 275 mm,,1550,
C.P-CDA,BEA-11SC,SS 304 Crome Plated Waste Coupling (Full Thread) 32mm,,340,
C.P-CDA,BSC-03,Pillar Cock Auto Closing System,,3890,
C.P-CDA,BSC-07,Bib Cock Auto Closing System,,3890,
C.P-CDA,BSC-09,Urinal Valve Auto Closing System,,4190,
C.P-CDA,BOS-33DG,Abs Crome Plated Square Over Head Shower Edge Slim 4X4 Inch With SS Arm 6 Inch,,740,
C.P-CDA,BOS-34DG,Abs Crome Plated Round Over Head Shower Edge Slim 4 Inch With SS Arm 6 Inch,,720,
C.P-CDA,BOS-31DG,Abs Crome Plated Square Over Head Shower 5X5 D-Gray With SS Arm 6 Inch,,880,
C.P-CDA,BOS-32DG,Abs Crome Plated Round Over Head Shower 5 Inch D-Gray With SS Arm 6 Inch,,860,
C.P-CDA,BOS-37DG,Abs Crome Plated Square Over Head Shower 5X5 Royal With SS Arm 6 Inch,,860,
C.P-CDA,BOS-38DG,Abs Crome Plated Round Over Head Shower 5 Inch Royal With SS Arm 6 Inch,,840,
C.P-CDA,BEA-107N,Abs Health Faucet With 1 Mtr SS Tube & Hook,,1050,
C.P. 6000 SERIES,6804,Pillar Cock Extended Body (Marcus),,2190,
C.P. 6000 SERIES,6803,Pillar Cock Tall Height  (Marcus),,3680,
C.P. 6000 SERIES,BB-81,UPPER PART OF SINGLE LEVER BASIN MIXER,,4190,
C.P. 6000 SERIES,6870,WMT WITH CRUCH (PROVISION WITH HS,,5980,
C.P. 6000 SERIES,6865,WALL MIXER NTS,,4190,
C.P. 6000 SERIES,6852,SL BASIN MIXER TALL HEIGHT(MARCUS),,6190,
C.P. 6000 SERIES,6670,WALL MIXER BODY COMMON 6 SERIESVINCENT,,5980,
C.P. 6000 SERIES,6665,WALL MIXER NTS(VINCENT),,4840,
C.P. 6000 SERIES,6652,SINGLE BASIN MIXER TALL (VINCENT),,6150,
C.P. 6000 SERIES,6120,Conc Stop Cock 20mm with Flange(IRIS),,1390,
C.P. 6000 SERIES,6118,Conc Stop Cock 15mm with Flange (Iris),,1350,https://iamprayag.prayagindia.net/api/uploads/product_image/6118.png
C.P. 6000 SERIES,6112,BIB COCK 2WAY DOUBLE HANDLE (IRIS),,2390,https://iamprayag.prayagindia.net/api/uploads/product_image/6112.png
C.P. 6000 SERIES,6111,2WAY ANGLE COCK (IRIS),,1770,https://iamprayag.prayagindia.net/api/uploads/product_image/6111.png
C.P. 6000 SERIES,6110,ANGLE COCK (IRIS),,1040,https://iamprayag.prayagindia.net/api/uploads/product_image/6110.png
C.P. 6000 SERIES,6108,BIB COCK LONG BODY (IRIS),,1590,https://iamprayag.prayagindia.net/api/uploads/product_image/6108.png
C.P. 6000 SERIES,6106,BIB COCK (IRIS),,1390,https://iamprayag.prayagindia.net/api/uploads/product_image/6106.png
C.P. 6000 SERIES,6102,PILLAR COCK (IRIS),,1770,https://iamprayag.prayagindia.net/api/uploads/product_image/6102.png
C.P. 6000 SERIES,P6698,VIRGO Flush Cock 25mm Half Turn With Adjustable Flange,,2240,https://iamprayag.prayagindia.net/api/uploads/product_image/P6698.jpg
C.P. 6000 SERIES,P6620,VIRGO Concealed Stop Cock 20mm With Flange,,1220,
C.P. 6000 SERIES,P6618,VIRGO Concealed Stop Cock 15mm With Flange,,1180,https://iamprayag.prayagindia.net/api/uploads/product_image/P6618.jpg
C.P. 6000 SERIES,P6616,VIRGO Bib Tap Sink Cock Regular Spout With Flange (W/M),,1780,https://iamprayag.prayagindia.net/api/uploads/product_image/P6616.jpg
C.P. 6000 SERIES,P6614,VIRGO Pillar Cock Swan Neck (T/M),,1890,https://iamprayag.prayagindia.net/api/uploads/product_image/P6614.jpg
C.P. 6000 SERIES,P6612,VIRGO 2-Way Bib Cock With Flange,,1990,https://iamprayag.prayagindia.net/api/uploads/product_image/P6612.jpg
C.P. 6000 SERIES,P6611,VIRGO 2-Way Angle Cock With Flange,,1640,https://iamprayag.prayagindia.net/api/uploads/product_image/P6611.jpg
C.P. 6000 SERIES,P6610,VIRGO Angle Cock With Flange,,990,https://iamprayag.prayagindia.net/api/uploads/product_image/P6610.jpg
C.P. 6000 SERIES,P6608,VIRGO Bib Cock Long Body With Flange,,1440,https://iamprayag.prayagindia.net/api/uploads/product_image/P6608.jpg
C.P. 6000 SERIES,P6606,VIRGO Bib Cock With Flange,,1290,https://iamprayag.prayagindia.net/api/uploads/product_image/P6606.jpg
C.P. 6000 SERIES,P6602,VIRGO Pillar Cock,,1490,https://iamprayag.prayagindia.net/api/uploads/product_image/P6602.jpg
C.P. 6000 SERIES,P6696,VIRGO Bath Tub Spout Tip Ton With Flange,,1880,https://iamprayag.prayagindia.net/api/uploads/product_image/P6696.jpg
C.P. 6000 SERIES,P6695,VIRGO Bath Tub Spout With Flange,,1180,https://iamprayag.prayagindia.net/api/uploads/product_image/P6695.jpg
C.P. 6000 SERIES,P6680,VIRGO Wall Mixer 3 in 1 (Provision For Over Head Shower & Hand Shower),,6240,https://iamprayag.prayagindia.net/api/uploads/product_image/P6680.jpg
C.P. 6000 SERIES,P6675,VIRGO Wall Mixer With L Bend (Provision For Over Head Shower),,5390,https://iamprayag.prayagindia.net/api/uploads/product_image/P6675.jpg
C.P. 6000 SERIES,P6655,VIRGO Sink Mixer With Regular Spout W/M,,3780,https://iamprayag.prayagindia.net/api/uploads/product_image/P6655.jpg
C.P. 6000 SERIES,P6654,VIRGO Single Lever Basin Mixer Wall Mount (Conc),,5940,https://iamprayag.prayagindia.net/api/uploads/product_image/P6654.jpg
C.P. 6000 SERIES,P6651,VIRGO Single Lever Basin Mixer W/O Pop Up Waste System,,3580,https://iamprayag.prayagindia.net/api/uploads/product_image/P6651.jpg
C.P. 6000 SERIES,P6650,VIRGO Center Hole Basin Mixer W/O Pop Up,,3480,https://iamprayag.prayagindia.net/api/uploads/product_image/P6650.jpg
C.P. 6000 SERIES,BB-68,MARCUS SINGLE LEVER BASIN MIXER WALL MOUNT CONC,,2460,
C.P. 6000 SERIES,BB-66,VINCENT SINGLE LEVER BASIN MIXER WALL MOUNT CONC,,2460,
C.P. 6000 SERIES,6898,MARCUS FLUSH COCK 25MM HALF TURN WITH ADJUSTABLE FLANGE,,2310,https://iamprayag.prayagindia.net/api/uploads/product_image/6898.jpg
C.P. 6000 SERIES,6896,MARCUS BATH TUB SPOUT TIP TON WITH FLANGE,,2030,https://iamprayag.prayagindia.net/api/uploads/product_image/6896.png
C.P. 6000 SERIES,6895,MARCUS BATH TUB SPOUT WITH FLANGE,,1320,https://iamprayag.prayagindia.net/api/uploads/product_image/6895.png
C.P. 6000 SERIES,6880,MARCUS WALL MIXER 3 IN 1 PROVISION FOR OVER HEAD SHOWER & HAND SHOWER,,6760,https://iamprayag.prayagindia.net/api/uploads/product_image/6880.png
C.P. 6000 SERIES,6875,MARCUS WALL MIXER WITH L BEND PROVISION FOR OVER HEAD SHOWER,,5980,https://iamprayag.prayagindia.net/api/uploads/product_image/6875.png
C.P. 6000 SERIES,6855,MARCUS SINK MIXER WITH REGULAR SPOUT W/M,,3950,https://iamprayag.prayagindia.net/api/uploads/product_image/6855.png
C.P. 6000 SERIES,6854,MARCUS SINGLE LEVER BASIN MIXER WALL MOUNT CONC,,6140,https://iamprayag.prayagindia.net/api/uploads/product_image/6854.png
C.P. 6000 SERIES,6851,MARCUS SINGLE LEVER BASIN MIXER W/O POP UP WASTE SYSTEM,,3950,https://iamprayag.prayagindia.net/api/uploads/product_image/6851.png
C.P. 6000 SERIES,6850,MARCUS CENTER HOLE BASIN MIXER W/O POP UP,,3580,https://iamprayag.prayagindia.net/api/uploads/product_image/6850.jpg
C.P. 6000 SERIES,6820,MARCUS CONCEALED STOP COCK 20MM WITH FLANGE,,1380,
C.P. 6000 SERIES,6818,MARCUS CONCEALED STOP COCK 15MM WITH FLANGE,,1340,https://iamprayag.prayagindia.net/api/uploads/product_image/6818.png
C.P. 6000 SERIES,6816,MARCUS BIB TAP SINK COCK REGULAR SPOUT WITH FLANGE W/M,,1880,https://iamprayag.prayagindia.net/api/uploads/product_image/6816.png
C.P. 6000 SERIES,6814,MARCUS PILLAR COCK SWAN NECK T/M,,1980,https://iamprayag.prayagindia.net/api/uploads/product_image/6814.png
C.P. 6000 SERIES,6812,MARCUS 2-WAY BIB COCK WITH FLANGE,,2390,https://iamprayag.prayagindia.net/api/uploads/product_image/6812.png
C.P. 6000 SERIES,6811,MARCUS 2-WAY ANGLE COCK WITH FLANGE,,1790,https://iamprayag.prayagindia.net/api/uploads/product_image/6811.png
C.P. 6000 SERIES,6810,MARCUS ANGLE COCK WITH FLANGE,,1020,https://iamprayag.prayagindia.net/api/uploads/product_image/6810.png
C.P. 6000 SERIES,6808,MARCUS BIB COCK LONG BODY WITH FLANGE,,1590,https://iamprayag.prayagindia.net/api/uploads/product_image/6808.png
C.P. 6000 SERIES,6806,MARCUS BIB COCK WITH FLANGE,,1450,https://iamprayag.prayagindia.net/api/uploads/product_image/6806.png
C.P. 6000 SERIES,6802,MARCUS PILLAR COCK,,1770,https://iamprayag.prayagindia.net/api/uploads/product_image/6802.png
C.P. 6000 SERIES,6698,VINCENT FLUSH COCK 25MM HALF TURN WITH ADJUSTABLE FLANGE,,2350,https://iamprayag.prayagindia.net/api/uploads/product_image/6698.jpg
C.P. 6000 SERIES,6696,VINCENT BATH TUB SPOUT TIP TON WITH FLANGE,,1930,https://iamprayag.prayagindia.net/api/uploads/product_image/6696.png
C.P. 6000 SERIES,6695,VINCENT BATH TUB SPOUT WITH FLANGE,,1290,https://iamprayag.prayagindia.net/api/uploads/product_image/6695.png
C.P. 6000 SERIES,6680,VINCENT WALL MIXER 3 IN 1 PROVISION FOR OVER HEAD SHOWER & HAND SHOWER,,6780,https://iamprayag.prayagindia.net/api/uploads/product_image/6680.jpg
C.P. 6000 SERIES,6675,VINCENT WALL MIXER WITH L BEND PROVISION FOR OVER HEAD SHOWER,,5980,https://iamprayag.prayagindia.net/api/uploads/product_image/6675.png
C.P. 6000 SERIES,6655,VINCENT SINK MIXER WITH REGULAR SPOUT W/M,,3970,https://iamprayag.prayagindia.net/api/uploads/product_image/6655.png
C.P. 6000 SERIES,6654,VINCENT SINGLE LEVER BASIN MIXER WALL MOUNT CONC,,6140,https://iamprayag.prayagindia.net/api/uploads/product_image/6654.png
C.P. 6000 SERIES,6651,VINCENT SINGLE LEVER BASIN MIXER W/O POP UP WASTE SYSTEM,,3980,https://iamprayag.prayagindia.net/api/uploads/product_image/6651.png
C.P. 6000 SERIES,6650,VINCENT CENTER HOLE BASIN MIXER W/O POP UP,,3580,https://iamprayag.prayagindia.net/api/uploads/product_image/6650.jpg
C.P. 6000 SERIES,6620,VINCENT CONCEALED STOP COCK 20MM WITH FLANGE,,1390,
C.P. 6000 SERIES,6618,VINCENT CONCEALED STOP COCK 15MM WITH FLANGE,,1350,https://iamprayag.prayagindia.net/api/uploads/product_image/6618.png
C.P. 6000 SERIES,6616,VINCENT BIB TAP SINK COCK REGULAR SPOUT WITH FLANGE W/M,,1890,https://iamprayag.prayagindia.net/api/uploads/product_image/6616.png
C.P. 6000 SERIES,6614,VINCENT PILLAR COCK SWAN NECK T/M,,2090,https://iamprayag.prayagindia.net/api/uploads/product_image/6614.png
C.P. 6000 SERIES,6612,VINCENT 2-WAY BIB COCK WITH FLANGE,,2390,https://iamprayag.prayagindia.net/api/uploads/product_image/6612.png
C.P. 6000 SERIES,6611,VINCENT 2-WAY ANGLE COCK WITH FLANGE,,1770,https://iamprayag.prayagindia.net/api/uploads/product_image/6611.png
C.P. 6000 SERIES,6610,VINCENT ANGLE COCK WITH FLANGE,,1020,https://iamprayag.prayagindia.net/api/uploads/product_image/6610.png
C.P. 6000 SERIES,6608,VINCENT BIB COCK LONG BODY WITH FLANGE,,1590,https://iamprayag.prayagindia.net/api/uploads/product_image/6608.png
C.P. 6000 SERIES,6606,VINCENT BIB COCK WITH FLANGE,,1490,https://iamprayag.prayagindia.net/api/uploads/product_image/6606.png
C.P. 6000 SERIES,6605,VINCENT BIB COCK NOZZLE WITH FLANGE,,1270,
C.P. 6000 SERIES,6602,VINCENT PILLAR COCK,,1770,https://iamprayag.prayagindia.net/api/uploads/product_image/6602.png
C.P. 6000 SERIES,BD-40,MARCUS SINGLE LEVER BASIN MIXER WALL MOUNT CONC,,3680,
C.P. 6000 SERIES,6603,VINCENT 66 Pillar Cock Tall Hight,,3760,
C.P. 6000 SERIES,P6609,VIRGO P66 Bib Cock Long Nose With Flange,,1590,
C.P. 6000 SERIES,P6652,VIRGO P66 Single Lever Basin Mixer Tall Height W/O Pop Up Waste System,,5680,
C.P. 6000 SERIES,BB-P66,VIRGO P66 Upper (Plate & Handle),,2260,
C.P. 6000 SERIES,P6670,VIRGO P66 Wall Mixer Telephonic With Crutch With (Provision For Hand Shower),,5390,
C.P. 6000 SERIES,6103,EMERALD 61 Pillar Cock Tall Hight,,3820,https://iamprayag.prayagindia.net/api/uploads/product_image/6103.png
C.P. 6000 SERIES,6104,EMERALD 61 Pillar Cock Extended Body,,2370,https://iamprayag.prayagindia.net/api/uploads/product_image/6104.png
C.P. 6000 SERIES,6114,EMERALD 61 Pillar Cock Swan Neck (T/M),,2190,https://iamprayag.prayagindia.net/api/uploads/product_image/6114.png
C.P. 6000 SERIES,6116,EMERALD 61 Bib Tap Sink Cock Regular Spout With Flange (W/M),,1990,https://iamprayag.prayagindia.net/api/uploads/product_image/6116.png
C.P. 6000 SERIES,6150,EMERALD 61 Center Hole Basin Mixer W/O Pop Up,,3480,https://iamprayag.prayagindia.net/api/uploads/product_image/6150.jpg
C.P. 6000 SERIES,6151,EMERALD 61 Single Lever Basin Mixer W/O Pop Up Waste System,,3980,https://iamprayag.prayagindia.net/api/uploads/product_image/6151.png
C.P. 6000 SERIES,6154,EMERALD 61 Single Lever Basin Mixer Wall Mount (Conc),,6140,https://iamprayag.prayagindia.net/api/uploads/product_image/6154.png
C.P. 6000 SERIES,BB-61,EMERALD 61 Upper (Plate & Handle),,2460,
C.P. 6000 SERIES,6155,EMERALD 61 Sink Mixer With Regular Spout (W/M),,3980,https://iamprayag.prayagindia.net/api/uploads/product_image/6155.png
C.P. 6000 SERIES,6170,EMERALD 61 Wall Mixer Telephonic With Crutch With (Provision For Hand Shower),,5980,https://iamprayag.prayagindia.net/api/uploads/product_image/6170.jpg
C.P. 6000 SERIES,6175,EMERALD 61 Wall Mixer With L Bend (Provision For Over Head Shower),,5980,https://iamprayag.prayagindia.net/api/uploads/product_image/6175.png
C.P. 6000 SERIES,6180,EMERALD 61 Wall Mixer 3 in 1 (Provision for Over Head Shower & Hand Shower),,6880,https://iamprayag.prayagindia.net/api/uploads/product_image/6180.jpg
C.P. 6000 SERIES,6194,EMERALD 61 Concealed 4 - Way Diverter (Complete),,9050,
C.P. 6000 SERIES,6195,EMERALD 61 Bath Tub Spout With Flange,,1380,https://iamprayag.prayagindia.net/api/uploads/product_image/6195.png
C.P. 6000 SERIES,6196,EMERALD 61 Bath Tub Spout Tip Ton With Flange,,2030,https://iamprayag.prayagindia.net/api/uploads/product_image/6196.png
C.P. 6000 SERIES,6198,EMERALD 61 Flush Cock 25mm Half Turn With Adjustable Flange,,2370,https://iamprayag.prayagindia.net/api/uploads/product_image/6198.jpg
C.P. 6000 SERIES,6103-S,Pillar Cock Tall Body (Small) EMERALD 61,,3610,
C.P. 6000 SERIES,6113,2-Way Bib Cock Single Handle with Wall Flange EMERALD 61,,2090,
C.P. 6000 SERIES,6152,Single Lever Basin Mixer Tall Body without Popup Waste System EMERALD 61,,6240,
C.P. 6000 SERIES,6191-N,Single Lever Concealed Diverter Bath & Shower 40mm EMERALD 61,,6020,
C.P. 6000 SERIES,DB-61-N,Exposed Parts (Wall Flange & Handle) EMERALD 61,,1780,
C.P. 6000 SERIES,6192-N,Single Lever High Flow Concealed Diverter Bath & Shower 46mm EMERALD 61,,6760,
C.P. 6000 SERIES,DB-61-H-N,Exposed Parts (Wall Flange & Handle) EMERALD 61,,1780,
C.P. 6000 SERIES,6192-ON-OFF-N,Single Lever High Flow Concealed Diverter Bath & Shower 46mm (ON-OFF) EMERALD 61,,6760,
C.P. 6000 SERIES,DB-61-H-ON-OFF-N,Exposed Parts (Wall Flange & Handle) EMERALD 61,,2020,
C.P. 6000 SERIES,6193-N,Single Lever 3 In Let Concealed Diverter Bath & Shower 46mm EMERALD 61,,6760,
C.P. 6000 SERIES,DB-61-3 IN-N,Exposed Parts (Wall Flange & Handle) EMERALD 61,,1780,
C.P. 6000 SERIES,6193-ON-OFF-N,Single Lever 3 In Let Concealed Diverter Bath & Shower 46mm (ON-OFF) EMERALD 61,,6760,
C.P. 6000 SERIES,DB-61-3 IN-ON-OFF-N,Exposed Parts (Wall Flange & Handle) EMERALD 61,,2020,
C.P. 6000 SERIES,P6603,Pillar Cock Tall Body VIRGO P66,,3690,
C.P. 6000 SERIES,P6691-N,Single Lever Concealed Diverter Bath & Shower 40mm VIRGO P66,,6020,
C.P. 6000 SERIES,DB-P66-N,Exposed Parts (Wall Flange & Handle) VIRGO P66,,1780,
C.P. 6000 SERIES,P6692-N,Single Lever High Flow Concealed Diverter Bath & Shower 46mm VIRGO P66,,6760,
C.P. 6000 SERIES,DB-P66-H-N,Exposed Parts (Wall Flange & Handle) VIRGO P66,,1780,
C.P. 6000 SERIES,P6692-ON-OFF-N,Single Lever High Flow Concealed Diverter Bath & Shower 46mm (ON-OFF) VIRGO P66,,6760,
C.P. 6000 SERIES,DB-P66-H-ON-OFF-N,Exposed Parts (Wall Flange & Handle) VIRGO P66,,2020,
C.P. 6000 SERIES,P6693-N,Single Lever 3 In Let Concealed Diverter Bath & Shower 46mm VIRGO P66,,6760,
C.P. 6000 SERIES,DB-P66-3 IN-N,Exposed Parts (Wall Flange & Handle) VIRGO P66,,1780,
C.P. 6000 SERIES,P6693-ON-OFF-N,Single Lever 3 In Let Concealed Diverter Bath & Shower 46mm (ON-OFF) VIRGO P66,,6760,
C.P. 6000 SERIES,DB-P66-3 IN-ON-OFF-N,Exposed Parts (Wall Flange & Handle) VIRGO P66,,2020,
C.P. 6000 SERIES,6603-S,Pillar Cock Tall Body (Small) VINCENT 66,,3550,
C.P. 6000 SERIES,6604,Pillar Cock Extended Body VINCENT 66,,2370,
C.P. 6000 SERIES,6613,2-Way Bib Cock Single Handle with Wall Flange VINCENT 66,,2190,
C.P. 6000 SERIES,6691-N,Single Lever Concealed Diverter Bath & Shower 40mm VINCENT 66,,6020,
C.P. 6000 SERIES,DB-66-N,Exposed Parts (Wall Flange & Handle) VINCENT 66,,1780,
C.P. 6000 SERIES,6692-N,Single Lever High Flow Concealed Diverter Bath & Shower 46mm VINCENT 66,,6760,
C.P. 6000 SERIES,DB-66-H-N,Exposed Parts (Wall Flange & Handle) VINCENT 66,,1780,
C.P. 6000 SERIES,6692-ON-OFF-N,Single Lever High Flow Concealed Diverter Bath & Shower 46mm (ON-OFF) VINCENT 66,,6760,
C.P. 6000 SERIES,DB-66-H-ON-OFF-N,Exposed Parts (Wall Flange & Handle) VINCENT 66,,2020,
C.P. 6000 SERIES,6693-N,Single Lever 3 In Let Concealed Diverter Bath & Shower 46mm VINCENT 66,,6760,
C.P. 6000 SERIES,DB-66-3 IN-N,Exposed Parts (Wall Flange & Handle) VINCENT 66,,1780,
C.P. 6000 SERIES,6693-ON-OFF-N,Single Lever 3 In Let Concealed Diverter Bath & Shower 46mm (ON-OFF) VINCENT 66,,6760,
C.P. 6000 SERIES,DB-66-3 IN-ON-OFF-N,Exposed Parts (Wall Flange & Handle) VINCENT 66,,2020,
C.P. 6000 SERIES,6803-S,Pillar Cock Tall Body (Small) MARCUS 68,,3330,
C.P. 6000 SERIES,6805,Bib Cock Nozzle with Wall Flange MARCUS 68,,1590,
C.P. 6000 SERIES,6813,2-Way Bib Cock Single Handle with Wall Flange MARCUS 68,,2090,
C.P. 6000 SERIES,6891-N,Single Lever Concealed Diverter Bath & Shower 40mm MARCUS 68,,6020,
C.P. 6000 SERIES,DB-68-N,Exposed Parts (Wall Flange & Handle) MARCUS 68,,1780,
C.P. 6000 SERIES,6892-N,Single Lever High Flow Concealed Diverter Bath & Shower 46mm MARCUS 68,,6760,
C.P. 6000 SERIES,DB-68-H-N,Exposed Parts (Wall Flange & Handle) MARCUS 68,,1780,
C.P. 6000 SERIES,6892-ON-OFF-N,Single Lever High Flow Concealed Diverter Bath & Shower 46mm (ON-OFF) MARCUS 68,,6760,
C.P. 6000 SERIES,DB-68-H-ON-OFF-N,Exposed Parts (Wall Flange & Handle) MARCUS 68,,2020,
C.P. 6000 SERIES,6893-N,Single Lever 3 In Let Concealed Diverter Bath & Shower 46mm MARCUS 68,,6760,
C.P. 6000 SERIES,DB-68-3 IN-N,Exposed Parts (Wall Flange & Handle) MARCUS 68,,1780,
C.P. 6000 SERIES,6893-ON-OFF-N,Single Lever 3 In Let Concealed Diverter Bath & Shower 46mm (ON-OFF) MARCUS 68,,6760,
C.P. 6000 SERIES,DB-68-3 IN-ON-OFF-N,Exposed Parts (Wall Flange & Handle) MARCUS 68,,2020,
C.P. 6000 SERIES,CNS-61,"EMERALD Concealed Flange, Handle & Sleeve",,450,
C.P. 6000 SERIES,CNS-66,"VINCENT Concealed Flange, Handle & Sleeve",,450,
C.P. 6000 SERIES,CNS-P66,"VIRGO Concealed Flange, Handle & Sleeve",,390,
C.P. 6000 SERIES,CNS-68,"MARCUS Concealed Flange, Handle & Sleeve",,500,
C.P. 6000 SERIES,6154-S,EMERALD 61 Single Lever Basin Mixer Wall Mount (Concealed),,5740,
C.P. 6000 SERIES,BB-61-S,"EMERALD 61 Exposed Parts (Wall Flange, Handle & Spout)",,2060,
C.P. 6000 SERIES,P6605,VIRGO P66 Bib Cock Nozzle with Wall Flange,,1290,
C.P. 6000 SERIES,P6654-S,VIRGO P66 Single Lever Basin Mixer Wall Mount (Concealed),,5540,
C.P. 6000 SERIES,BB-P66-S,"VIRGO P66 Exposed Parts (Wall Flange, Handle & Spout)",,1860,
C.P. 6000 SERIES,6654-S,VINCENT 66 Single Lever Basin Mixer Wall Mount (Concealed),,5740,
C.P. 6000 SERIES,BB-66-S,"VINCENT 66 Exposed Parts (Wall Flange, Handle & Spout)",,2060,
C.P. 6000 SERIES,6854-S,MARCUS 68 Single Lever Basin Mixer Wall Mount (Concealed),,5740,
C.P. 6000 SERIES,BB-68-S,"MARCUS 68 Exposed Parts (Wall Flange, Handle & Spout)",,2060,
C.P. 6000 SERIES,6002,POLO 60 Pillar Cock,,1740,
C.P. 6000 SERIES,6004,POLO 60 Pillar Cock Extended Body,,2380,
C.P. 6000 SERIES,6006,POLO 60 Bib Cock with Wall Flange,,1420,
C.P. 6000 SERIES,6007,POLO 60 Concealed Wall Mount Pillar Cock,,2730,
C.P. 6000 SERIES,CP-07,POLO 60 Concealed Pillar Cock Body 15mm,,1390,
C.P. 6000 SERIES,CP-60,"POLO 60 Exposed Parts (Wall Flange, Handle & Spout)",,1340,
C.P. 6000 SERIES,6008,POLO 60 Bib Cock Long Body with Wall Flange,,1690,
C.P. 6000 SERIES,6010,POLO 60 Angular Stop Cock with Wall Flange,,1070,
C.P. 6000 SERIES,6011,POLO 60 2-Way Angular Stop Cock with Wall Flange,,1990,
C.P. 6000 SERIES,6012,POLO 60 2-Way Bib Cock Double Handle with Wall Flange,,2190,
C.P. 6000 SERIES,6014,POLO 60 Swan Neck Table Mounted,,2240,
C.P. 6000 SERIES,6016,POLO 60 Sink Cock Wall Mounted with Flange,,1990,
C.P. 6000 SERIES,6018,POLO 60 Concealed Stop Cock 15mm with Wall Flange,,1240,
C.P. 6000 SERIES,6020,POLO 60 Concealed Stop Cock 20mm with Wall Flange,,1280,
C.P. 6000 SERIES,6050,POLO 60 Center Hole Basin Mixer without Popup,,3980,
C.P. 6000 SERIES,6051,POLO 60 Single Lever Basin Mixer without Popup Waste System,,4290,
C.P. 6000 SERIES,6054,POLO 60 Single Lever Basin Mixer Wall Mount (Concealed),,6140,
C.P. 6000 SERIES,BB-60,"POLO 60 Exposed Parts (Wall Flange, Handle & Spout)",,2460,
C.P. 6000 SERIES,6055,POLO 60 Sink Mixer with Regular Spout Wall Mounted with Flange,,4260,
C.P. 6000 SERIES,6070,POLO 60 Wall Mixer Telephonic with Crutch & Wall Flange (Provision For Hand Shower),,5980,
C.P. 6000 SERIES,6075,"POLO 60 Wall Mixer ""L"" Bend with Wall Flange (Provision For Over Head Shower)",,5980,
C.P. 6000 SERIES,6080,POLO 60 Wall Mixer 3 In 1 with Wall Flange (Provision For Over Head Shower & Hand Shower),,6980,
C.P. 6000 SERIES,6091-N,POLO 60 Single Lever Concealed Diverter Bath & Shower 40mm,,6180,
C.P. 6000 SERIES,PD-40-N,"POLO 60 Concealed Diverter Body 40mm (Cartridge, Sleeve, Tipton Assembly)",,4240,
C.P. 6000 SERIES,DB-60-N,POLO 60 Exposed Parts (Wall Flange & Handle),,1940,
C.P. 6000 SERIES,6092-N,POLO 60 Single Lever High Flow Concealed Diverter Bath & Shower 46mm,,6920,
C.P. 6000 SERIES,PD-46-H-N,"POLO 60 High Flow Concealed Diverter Body 46mm (Cartridge, Sleeve, Tipton Assembly)",,4980,
C.P. 6000 SERIES,DB-60-H-N,POLO 60 Exposed Parts (Wall Flange & Handle),,1940,
C.P. 6000 SERIES,6092-ON-OFF-N,POLO 60 Single Lever High Flow Concealed Diverter Bath & Shower 46mm (ON-OFF),,6920,
C.P. 6000 SERIES,PD-46-H-ON-OFF-N,"POLO 60 High Flow Concealed Diverter Body 46mm (Cartridge, Sleeve, On-Off Assembly)",,4740,
C.P. 6000 SERIES,DB-60-H-ON-OFF-N,POLO 60 Exposed Parts (Wall Flange & Handle),,2180,
C.P. 6000 SERIES,6093-N,POLO 60 Single Lever 3 In Let Concealed Diverter Bath & Shower 46mm,,6920,
C.P. 6000 SERIES,PD-3 IN-N,"POLO 60 3 In Let Concealed Diverter Body 46mm (Cartridge, Sleeve, Tipton Assembly)",,4980,
C.P. 6000 SERIES,DB-60-3 IN-N,POLO 60 Exposed Parts (Wall Flange & Handle),,1940,
C.P. 6000 SERIES,6093-ON-OFF-N,POLO 60 Single Lever 3 In Let Concealed Diverter Bath & Shower 46mm (ON-OFF),,6920,
C.P. 6000 SERIES,PD-3 IN-ON-OFF-N,"POLO 60 3 In Let Concealed Diverter Body 46mm (Cartridge, Sleeve, On-Off Assembly)",,4740,
C.P. 6000 SERIES,DB-60-3 IN-ON-OFF-N,POLO 60 Exposed Parts (Wall Flange & Handle),,2180,
C.P. 6000 SERIES,6095,POLO 60 Bath Tub Spout with Flange,,1590,
C.P. 6000 SERIES,6096,POLO 60 Bath Tub Spout Tip Ton with Flange,,2240,
C.P. 6000 SERIES,6098,POLO 60 Flush Cock 25mm Half Turn with Adjustable Flange,,2350,
C.P. 6000 SERIES,6202,BLAZE 62 Pillar Cock,,1770,
C.P. 6000 SERIES,6204,BLAZE 62 Pillar Cock Extended Body,,2420,
C.P. 6000 SERIES,6206,BLAZE 62 Bib Cock with Wall Flange,,1450,
C.P. 6000 SERIES,6207,BLAZE 62 Concealed Wall Mount Pillar Cock,,2730,
C.P. 6000 SERIES,CP-62,"BLAZE 62 Exposed Parts (Wall Flange, Handle & Spout)",,1340,
C.P. 6000 SERIES,6208,BLAZE 62 Bib Cock Long Body with Wall Flange,,1690,
C.P. 6000 SERIES,6210,BLAZE 62 Angular Stop Cock with Wall Flange,,1040,
C.P. 6000 SERIES,6211,BLAZE 62 2-Way Angular Stop Cock with Wall Flange,,1790,
C.P. 6000 SERIES,6212,BLAZE 62 2-Way Bib Cock Double Handle with Wall Flange,,2040,
C.P. 6000 SERIES,6214,BLAZE 62 Swan Neck Table Mounted,,1980,
C.P. 6000 SERIES,6216,BLAZE 62 Sink Cock Wall Mounted with Flange,,1790,
C.P. 6000 SERIES,6218,BLAZE 62 Concealed Stop Cock 15mm with Wall Flange,,1250,
C.P. 6000 SERIES,6220,BLAZE 62 Concealed Stop Cock 20mm with Wall Flange,,1290,
C.P. 6000 SERIES,6250,BLAZE 62 Center Hole Basin Mixer without Popup,,3480,
C.P. 6000 SERIES,6251,BLAZE 62 Single Lever Basin Mixer without Popup Waste System,,3760,
C.P. 6000 SERIES,6254,BLAZE 62 Single Lever Basin Mixer Wall Mount (Concealed),,6140,
C.P. 6000 SERIES,BB-62,"BLAZE 62 Exposed Parts (Wall Flange, Handle & Spout)",,2460,
C.P. 6000 SERIES,6255,BLAZE 62 Sink Mixer with Regular Spout Wall Mounted with Flange,,3980,
C.P. 6000 SERIES,6270,BLAZE 62 Wall Mixer Telephonic with Crutch & Wall Flange (Provision For Hand Shower),,5690,
C.P. 6000 SERIES,6275,"BLAZE 62 Wall Mixer ""L"" Bend with Wall Flange (Provision For Over Head Shower)",,5690,
C.P. 6000 SERIES,6280,BLAZE 62 Wall Mixer 3 In 1 with Wall Flange (Provision For Over Head Shower & Hand Shower),,6460,
C.P. 6000 SERIES,6291-N,BLAZE 62 Single Lever Concealed Diverter Bath & Shower 40mm,,5990,
C.P. 6000 SERIES,DB-62-N,BLAZE 62 Exposed Parts (Wall Flange & Handle),,1750,
C.P. 6000 SERIES,6292-N,BLAZE 62 Single Lever High Flow Concealed Diverter Bath & Shower 46mm,,6730,
C.P. 6000 SERIES,DB-62-H-N,BLAZE 62 Exposed Parts (Wall Flange & Handle),,1750,
C.P. 6000 SERIES,6292-ON-OFF-N,BLAZE 62 Single Lever High Flow Concealed Diverter Bath & Shower 46mm (ON-OFF),,6730,
C.P. 6000 SERIES,DB-62-H-ON-OFF-N,BLAZE 62 Exposed Parts (Wall Flange & Handle),,1990,
C.P. 6000 SERIES,6293-N,BLAZE 62 Single Lever 3 In Let Concealed Diverter Bath & Shower 46mm,,6730,
C.P. 6000 SERIES,DB-62-3 IN-N,BLAZE 62 Exposed Parts (Wall Flange & Handle),,1750,
C.P. 6000 SERIES,6293-ON-OFF-N,BLAZE 62 Single Lever 3 In Let Concealed Diverter Bath & Shower 46mm (ON-OFF),,6730,
C.P. 6000 SERIES,DB-62-3 IN-ON-OFF-N,BLAZE 62 Exposed Parts (Wall Flange & Handle),,1990,
C.P. 6000 SERIES,6295,BLAZE 62 Bath Tub Spout with Flange,,1380,
C.P. 6000 SERIES,6296,BLAZE 62 Bath Tub Spout Tip Ton with Flange,,2030,
C.P. 6000 SERIES,6298,BLAZE 62 Flush Cock 25mm Half Turn with Adjustable Flange,,2240,
C.P. 6000 SERIES,6107,EMERALD 61 Concealed Wall Mount Pillar Cock,,2730,
C.P. 6000 SERIES,CP-61,"EMERALD 61 Exposed Parts (Wall Flange, Handle & Spout)",,1340,
C.P. 6000 SERIES,P6607,VIRGO P66 Concealed Wall Mount Pillar Cock,,2730,
C.P. 6000 SERIES,CP-P66,"VIRGO P66 Exposed Parts (Wall Flange, Handle & Spout)",,1340,
C.P. 6000 SERIES,6607,VINCENT 66 Concealed Wall Mount Pillar Cock,,2730,
C.P. 6000 SERIES,CP-66,"VINCENT 66 Exposed Parts (Wall Flange, Handle & Spout)",,1340,
C.P. 6000 SERIES,6807,MARCUS 68 Concealed Wall Mount Pillar Cock,,2730,
C.P. 6000 SERIES,CP-68,"MARCUS 68 Exposed Parts (Wall Flange, Handle & Spout)",,1340,
C.P. 7000 SERIES,BB-79 F,Upper (Plate & Handle),,3760,
C.P. 7000 SERIES,CPS-85,CONSILD HANDIL SLEEV and FLANGE MIST,,790,
C.P. 7000 SERIES,7652,SINGLE LEVER BASIN MIXER BODY 76,,5990,
C.P. 7000 SERIES,BB-78,URBONA SINGLE LEVER BASIN MIXER WALL MOUNT CONC,,2460,
C.P. 7000 SERIES,BB-76,MACASA SINGLE LEVER BASIN MIXER WALL MOUNT CONC,,2460,
C.P. 7000 SERIES,7998-F,SAGA FLUSH COCK 25MM HALF TURN WITH ADJUSTABLE FLANGE,,2370,https://iamprayag.prayagindia.net/api/uploads/product_image/7998-F.jpg
C.P. 7000 SERIES,7996-F,SAGA BATH TUB SPOUT TIP TON WITH FLANGE,,2470,https://iamprayag.prayagindia.net/api/uploads/product_image/7996-F.jpg
C.P. 7000 SERIES,7995-F,SAGA BATH TUB SPOUT WITH FLANGE,,1530,https://iamprayag.prayagindia.net/api/uploads/product_image/7995-F.jpg
C.P. 7000 SERIES,7980-F,SAGA WALL MIXER 3 IN 1 PROVISION FOR OVER HEAD SHOWER & HAND SHOWER,,8680,https://iamprayag.prayagindia.net/api/uploads/product_image/7980-F.jpg
C.P. 7000 SERIES,7975-F,SAGA WALL MIXER WITH L BEND PROVISION FOR OVERHEAD SHOWER,,7740,https://iamprayag.prayagindia.net/api/uploads/product_image/7975-F.jpg
C.P. 7000 SERIES,7970-F,SAGA WALL MIXER TELEPHONIC WITH CRUTCH WITH PROVISION FOR HAND SHOWER,,7740,https://iamprayag.prayagindia.net/api/uploads/product_image/7970-F.jpg
C.P. 7000 SERIES,7955-F,SAGA SINK MIXER WITH REGULAR SPOUT W/M,,5780,https://iamprayag.prayagindia.net/api/uploads/product_image/7955-F.jpg
C.P. 7000 SERIES,7954-F,SAGA SINGLE LEVER BASIN MIXER WALL MOUNT,,7440,https://iamprayag.prayagindia.net/api/uploads/product_image/7954-F.jpg
C.P. 7000 SERIES,7952-F,SAGA SINGLE LEVER BASIN MIXER TALL HEIGHT W/O POP UP WASTE SYSTEM,,8510,https://iamprayag.prayagindia.net/api/uploads/product_image/7952-F.jpg
C.P. 7000 SERIES,7951-F,SAGA SINGLE LEVER BASIN MIXER W/O POP UP WASTE SYSTEM,,6130,https://iamprayag.prayagindia.net/api/uploads/product_image/7951-F.jpg
C.P. 7000 SERIES,7950-F,SAGA CENTER HOLE BASIN MIXER W/O POP UP,,4890,https://iamprayag.prayagindia.net/api/uploads/product_image/7950-F.jpg
C.P. 7000 SERIES,7920-F,SAGA CONCEALED STOP COCK 20MM WITH FLANGE,,1790,
C.P. 7000 SERIES,7916-F,SAGA BIB TAP SINK COCK REGULAR SPOUT WITH FLANGE W/M,,2640,
C.P. 7000 SERIES,7914-F,SAGA PILLAR COCK SWAN NECK T/M,,2980,https://iamprayag.prayagindia.net/api/uploads/product_image/7914-F.jpg
C.P. 7000 SERIES,7911-F,SAGA 2-WAY ANGLE COCK WITH FLANGE,,2390,https://iamprayag.prayagindia.net/api/uploads/product_image/7911-F.jpg
C.P. 7000 SERIES,7910-F,SAGA ANGLE COCK WITH FLANGE,,1390,https://iamprayag.prayagindia.net/api/uploads/product_image/7910-F.jpg
C.P. 7000 SERIES,7908-F,SAGA BIB COCK LONG BODY WITH FLANGE,,1980,https://iamprayag.prayagindia.net/api/uploads/product_image/7908-F.jpg
C.P. 7000 SERIES,7906-F,SAGA BIB COCK WITH FLANGE,,1840,https://iamprayag.prayagindia.net/api/uploads/product_image/7906-F.jpg
C.P. 7000 SERIES,7904-F,SAGA PILLAR COCK EXTENDED BODY,,2980,https://iamprayag.prayagindia.net/api/uploads/product_image/7904-F.jpg
C.P. 7000 SERIES,7903-F,SAGA PILLAR COCK TALL HEIGHT,,4280,
C.P. 7000 SERIES,7902-F,SAGA PILLAR COCK,,2280,https://iamprayag.prayagindia.net/api/uploads/product_image/7902-F.jpg
C.P. 7000 SERIES,7898,URBONA FLUSH COCK 25MM HALF TURN WITH ADJUSTABLE FLANGE,,2240,https://iamprayag.prayagindia.net/api/uploads/product_image/7898.jpg
C.P. 7000 SERIES,7896,URBONA BATH TUB SPOUT TIP TON WITH FLANGE,,2090,https://iamprayag.prayagindia.net/api/uploads/product_image/7896.jpg
C.P. 7000 SERIES,7895,URBONA BATH TUB SPOUT WITH FLANGE,,1380,https://iamprayag.prayagindia.net/api/uploads/product_image/7895.jpg
C.P. 7000 SERIES,7880,URBONA WALL MIXER 3 IN 1 PROVISION FOR OVER HEAD SHOWER & HAND SHOWER,,7640,https://iamprayag.prayagindia.net/api/uploads/product_image/7880.jpg
C.P. 7000 SERIES,7876,URBONA SINGLE LEVER WALL MIXER L BEND EXPOSE TYPE,,9240,https://iamprayag.prayagindia.net/api/uploads/product_image/7876.jpg
C.P. 7000 SERIES,7875,URBONA WALL MIXER WITH L BEND PROVISION FOR OVERHEAD SHOWER,,6680,https://iamprayag.prayagindia.net/api/uploads/product_image/7875.jpg
C.P. 7000 SERIES,7871,URBONA SINGLE LEVER WALL MIXER BATH & SHOWER ARRANGEMENT WALL MOUNTED FRONT SYSTEM,,5980,https://iamprayag.prayagindia.net/api/uploads/product_image/7871.jpg
C.P. 7000 SERIES,7870,URBONA WALL MIXER TELEPHONIC WITH CRUTCH WITH PROVISIONAL FOR HAND SHOWER,,6680,https://iamprayag.prayagindia.net/api/uploads/product_image/7870.jpg
C.P. 7000 SERIES,7855,URBONA SINK MIXER WITH REGULAR SPOUT W/M,,4980,https://iamprayag.prayagindia.net/api/uploads/product_image/7855.jpg
C.P. 7000 SERIES,7854,URBONA SINGLE LEVER BASIN MIXER WALL MOUNT CONC,,6140,https://iamprayag.prayagindia.net/api/uploads/product_image/7854.jpg
C.P. 7000 SERIES,7852,URBONA SINGLE LEVER BASIN MIXER TALL HEIGHT W/O POP UP WASTE SYSTEM,,6280,https://iamprayag.prayagindia.net/api/uploads/product_image/7852.jpg
C.P. 7000 SERIES,7851,URBONA SINGLE LEVER BASIN MIXER W/O POP UP WASTE SYSTEM,,4980,https://iamprayag.prayagindia.net/api/uploads/product_image/7851.jpg
C.P. 7000 SERIES,7850,URBONA CENTER HOLE BASIN MIXER W/O POP UP,,4980,https://iamprayag.prayagindia.net/api/uploads/product_image/7850.jpg
C.P. 7000 SERIES,7820,URBONA CONCEALED STOP COCK 20MM WITH FLANGE,,1690,
C.P. 7000 SERIES,7818,URBONA CONCEALED STOP COCK 15MM WITH FLANGE,,1640,https://iamprayag.prayagindia.net/api/uploads/product_image/7818.jpg
C.P. 7000 SERIES,7816,URBONA BIB TAP SINK COCK REGULAR SPOUT WITH FLANGE W/M,,2280,https://iamprayag.prayagindia.net/api/uploads/product_image/7816.jpg
C.P. 7000 SERIES,7814,URBONA PILLAR COCK SWAN NECK T/M,,2580,https://iamprayag.prayagindia.net/api/uploads/product_image/7814.jpg
C.P. 7000 SERIES,7812,URBONA 2-WAY BIB COCK WTH FLANGE,,2390,https://iamprayag.prayagindia.net/api/uploads/product_image/7812.jpg
C.P. 7000 SERIES,7811,URBONA 2-WAY ANGLE COCK WITH FLANGE,,1990,https://iamprayag.prayagindia.net/api/uploads/product_image/7811.jpg
C.P. 7000 SERIES,7810,URBONA ANGLE COCK WITH FLANGE,,1270,https://iamprayag.prayagindia.net/api/uploads/product_image/7810.jpg
C.P. 7000 SERIES,7808,URBONA BIB COCK LONG BODY WITH FLANGE,,1770,https://iamprayag.prayagindia.net/api/uploads/product_image/7808.jpg
C.P. 7000 SERIES,7806,URBONA BIB COCK WITH FLANGE,,1390,https://iamprayag.prayagindia.net/api/uploads/product_image/7806.jpg
C.P. 7000 SERIES,7804,URBONA PILLAR COCK EXTENDED BODY,,2420,https://iamprayag.prayagindia.net/api/uploads/product_image/7804.jpg
C.P. 7000 SERIES,7803,URBONA PILLAR COCK TALL HEIGHT,,3590,
C.P. 7000 SERIES,7802,URBONA PILLAR COCK,,1790,https://iamprayag.prayagindia.net/api/uploads/product_image/7802.jpg
C.P. 7000 SERIES,7798,FROST FLUSH COCK 25MM HALF TURN WITH ADJUSTABLE FLANGE,,2260,https://iamprayag.prayagindia.net/api/uploads/product_image/7798.jpg
C.P. 7000 SERIES,7780,FROST WALL MIXER 3 IN 1 PROVISION FOR OVER HEAD SHOWER & HAND SHOWER,,7740,https://iamprayag.prayagindia.net/api/uploads/product_image/7780.jpg
C.P. 7000 SERIES,7775,FROST WALL MIXER WITH L BEND PROVISION FOR OVERHEAD SHOWER,,6990,https://iamprayag.prayagindia.net/api/uploads/product_image/7775.jpg
C.P. 7000 SERIES,7770,FROST WALL MIXER TELEPHONIC WITH CRUTCH WITH PROVISION FOR HAND SHOWER,,6990,https://iamprayag.prayagindia.net/api/uploads/product_image/7770.jpg
C.P. 7000 SERIES,7755,FROST SINK MIXER WITH REGULAR SPOUT W/M,,5390,https://iamprayag.prayagindia.net/api/uploads/product_image/7755.jpg
C.P. 7000 SERIES,7750,FROST CENTER HOLE BASIN MIXER W/O POP UP,,4980,https://iamprayag.prayagindia.net/api/uploads/product_image/7750.jpg
C.P. 7000 SERIES,7720,FROST CONCEALED STOP COCK 20MM WITH FLANGE,,1690,
C.P. 7000 SERIES,7718,FROST CONCEALED STOP COCK 15MM WITH FLANGE,,1640,https://iamprayag.prayagindia.net/api/uploads/product_image/7718.jpg
C.P. 7000 SERIES,7716,FROST BIB TAP SINK COCK REGULAR SPOUT WITH FLANGE W/M,,2380,https://iamprayag.prayagindia.net/api/uploads/product_image/7716.jpg
C.P. 7000 SERIES,7714,FROST PILLAR COCK SWAN NECK T/M,,2680,https://iamprayag.prayagindia.net/api/uploads/product_image/7714.jpg
C.P. 7000 SERIES,7712,FROST 2-WAY BIB COCK WITH FLANGE,,2480,https://iamprayag.prayagindia.net/api/uploads/product_image/7712.jpg
C.P. 7000 SERIES,7711,FROST 2-WAY ANGLE COCK WITH FLANGE,,2080,https://iamprayag.prayagindia.net/api/uploads/product_image/7711.jpg
C.P. 7000 SERIES,7710,FROST ANGLE COCK WITH FLANGE,,1380,https://iamprayag.prayagindia.net/api/uploads/product_image/7710.jpg
C.P. 7000 SERIES,7708,FROST BIB COCK LONG BODY WITH FLANGE,,1880,https://iamprayag.prayagindia.net/api/uploads/product_image/7708.jpg
C.P. 7000 SERIES,7706,FROST BIB COCK WITH FLANGE,,1490,https://iamprayag.prayagindia.net/api/uploads/product_image/7706.jpg
C.P. 7000 SERIES,7704,FROST PILLAR COCK EXTENDED BODY,,2480,https://iamprayag.prayagindia.net/api/uploads/product_image/7704.jpg
C.P. 7000 SERIES,7703,FROST PILLAR COCK TALL HEIGHT,,3680,
C.P. 7000 SERIES,7702,FROST PILLAR COCK,,1790,https://iamprayag.prayagindia.net/api/uploads/product_image/7702.jpg
C.P. 7000 SERIES,7698,MACASA FLUSH COCK 25MM HAF TURN WITH ADJUSTABLE FLANGE,,2120,https://iamprayag.prayagindia.net/api/uploads/product_image/7698.png
C.P. 7000 SERIES,7696,MACASA BATH TUB SPOUT TIP TON WITH FLANGE,,2140,https://iamprayag.prayagindia.net/api/uploads/product_image/7696.png
C.P. 7000 SERIES,7695,MACASA BATH TUB SPOUT WITH FLANGE,,1290,https://iamprayag.prayagindia.net/api/uploads/product_image/7695.png
C.P. 7000 SERIES,7680,MACASA WALL MIXER 3 IN 1 PROVISION FOR OVER HEAD SHOWER & HAND SHOWER,,7440,https://iamprayag.prayagindia.net/api/uploads/product_image/7680.png
C.P. 7000 SERIES,7675,MACASA WALL MIXER WITH L BEND PROVISION FOR OVER HEAD SHOWER,,6680,https://iamprayag.prayagindia.net/api/uploads/product_image/7675.png
C.P. 7000 SERIES,7671,MACASA SINGLE LEVER WALL MOUNT BATH & SHOWER ARRANGEMENT WALL MOUNTED FRONT SYSTEM,,5980,https://iamprayag.prayagindia.net/api/uploads/product_image/7671.png
C.P. 7000 SERIES,7670,MACASA WALL MIXER TELEPHONIC WITH CRUTCH WITH PROVISION FOR HAND SHOWER,,6680,https://iamprayag.prayagindia.net/api/uploads/product_image/7670.png
C.P. 7000 SERIES,7655,MACASA SINK MIXER WITH REGULAR SPOUT W/M,,4980,https://iamprayag.prayagindia.net/api/uploads/product_image/7655.png
C.P. 7000 SERIES,7654,MACASA SINGLE LEVER BASIN MIXER WALL MOUNT CONC,,6140,https://iamprayag.prayagindia.net/api/uploads/product_image/7654.png
C.P. 7000 SERIES,7651,MACASA SINGLE LEVER BASIN MIXER W/O POP UP WASTE SYSTEM,,4290,https://iamprayag.prayagindia.net/api/uploads/product_image/7651.png
C.P. 7000 SERIES,7650,MACASA CENTER HOLE BASIN MIXER W/O POP UP,,4790,https://iamprayag.prayagindia.net/api/uploads/product_image/7650.png
C.P. 7000 SERIES,7620,MACASA CONCEALED STOP COCK 20MM WITH FLANGE,,1630,
C.P. 7000 SERIES,7618,MACASA CONCEALED STOP COCK 15MM WITH FLANGE,,1580,https://iamprayag.prayagindia.net/api/uploads/product_image/7618.png
C.P. 7000 SERIES,7616,MACASA BIB TAP SINK COCK REGULAR SPOUT WITH FLANGE W/M,,2280,https://iamprayag.prayagindia.net/api/uploads/product_image/7616.png
C.P. 7000 SERIES,7614,MACASA PILLAR COCK SWAN NECK T/M,,2490,https://iamprayag.prayagindia.net/api/uploads/product_image/7614.png
C.P. 7000 SERIES,7612,MACASA 2-WAY BIB COCK WITH FLANGE,,2280,https://iamprayag.prayagindia.net/api/uploads/product_image/7612.png
C.P. 7000 SERIES,7611,MACASA 2-WAY ANGLE COCK WITH FLANGE,,1880,https://iamprayag.prayagindia.net/api/uploads/product_image/7611.png
C.P. 7000 SERIES,7610,MACASA ANGLE COCK LONG BODY WITH FLANGE,,1190,https://iamprayag.prayagindia.net/api/uploads/product_image/7610.png
C.P. 7000 SERIES,7608,MACASA BIB COCK LONG BODY WITH FLANGE,,1640,https://iamprayag.prayagindia.net/api/uploads/product_image/7608.png
C.P. 7000 SERIES,7606,MACASA BIB COCK WITH FLANGE,,1390,https://iamprayag.prayagindia.net/api/uploads/product_image/7606.png
C.P. 7000 SERIES,7604,MACASA PILAR COCK EXTENDED BODY,,2280,https://iamprayag.prayagindia.net/api/uploads/product_image/7604.png
C.P. 7000 SERIES,7603,MACASA PILLAR COCK TALL HEIGHT,,3490,
C.P. 7000 SERIES,7602,MACASA PILLAR COCK,,1690,https://iamprayag.prayagindia.net/api/uploads/product_image/7602.png
C.P. 7000 SERIES,7498,GRACIA FLUSH COCK 25MM HALF TURN WITH ADJUSTABLE FLANGE,,2180,https://iamprayag.prayagindia.net/api/uploads/product_image/7498.png
C.P. 7000 SERIES,7480,GRACIA WALL MIXER 3 IN 1 PROVISION FOR OVER HEAD SHOWER & HAND SHOWER,,7790,https://iamprayag.prayagindia.net/api/uploads/product_image/7480.png
C.P. 7000 SERIES,7475,GRACIA WALL MIXER WITH L BEND PROVISION FOR OVERHEAD SHOWER,,6980,https://iamprayag.prayagindia.net/api/uploads/product_image/7475.png
C.P. 7000 SERIES,7470,GRACIA WALL MIXER TELEPHONIC WITH CRUTCH WITH PROVISION FOR HAND SHOWER,,6980,https://iamprayag.prayagindia.net/api/uploads/product_image/7470.png
C.P. 7000 SERIES,7455,GRACIA SINK MIXER WITH REGULAR SPOUT W/M,,5490,https://iamprayag.prayagindia.net/api/uploads/product_image/7455.png
C.P. 7000 SERIES,7450,GRACIA CENTER HOLE BASIN W/O POP UP,,4980,https://iamprayag.prayagindia.net/api/uploads/product_image/7450.png
C.P. 7000 SERIES,7420,GRACIA CONCEALED STOP COCK 20MM WITH FLANGE,,1690,
C.P. 7000 SERIES,7418,GRACIA CONCEALED STOP COCK 15MM WITH FLANGE,,1640,https://iamprayag.prayagindia.net/api/uploads/product_image/7418.png
C.P. 7000 SERIES,7416,GRACIA BIB TAP SINK COCK REGULAR SPOUT WITH FLANGE W/M,,2390,https://iamprayag.prayagindia.net/api/uploads/product_image/7416.png
C.P. 7000 SERIES,7414,GRACIA PILLAR COCK SWAN NECK T/M,,2690,https://iamprayag.prayagindia.net/api/uploads/product_image/7414.png
C.P. 7000 SERIES,7412,GRACIA 2-WAY BIB COCK WITH FLANGE,,2490,https://iamprayag.prayagindia.net/api/uploads/product_image/7412.png
C.P. 7000 SERIES,7411,GRACIA 2-WAY ANGLE COCK WITH FLANGE,,2290,https://iamprayag.prayagindia.net/api/uploads/product_image/7411.png
C.P. 7000 SERIES,7410,GRACIA ANGLE COCK WITH FLANGE,,1360,https://iamprayag.prayagindia.net/api/uploads/product_image/7410.png
C.P. 7000 SERIES,7408,GRACIA BIB COCK LONG BODY WITH FLANGE,,1930,https://iamprayag.prayagindia.net/api/uploads/product_image/7408.png
C.P. 7000 SERIES,7406,GRACIA BOB COCK WITH FLANGE,,1590,https://iamprayag.prayagindia.net/api/uploads/product_image/7406.png
C.P. 7000 SERIES,7404,GRACIA PILLAR COCK EXTENDED BODY,,2390,https://iamprayag.prayagindia.net/api/uploads/product_image/7404.png
C.P. 7000 SERIES,7403,GRACIA PILLAR COCK TALL HEGHT,,3770,
C.P. 7000 SERIES,7402,GRACIA PILLAR COCK,,1790,https://iamprayag.prayagindia.net/api/uploads/product_image/7402.png
C.P. 7000 SERIES,7398,TRANQUIL FLUSH COCK 25MM HALF TURN WITH ADJUSTABLE FLANGE,,2380,
C.P. 7000 SERIES,7380,TRANQUIL WALL MIXER 3 IN 1 PROVISION FOR OVER HEAD SHOWER & HAND SHOWER,,7740,
C.P. 7000 SERIES,7375,TRANQUIL WALL MIXER WITH L BEND PROVISION FOR OVERHEAD SHOWER,,6980,
C.P. 7000 SERIES,7370,TRANQUIL WALL MIXER TELEPHONIC WITH CRUTCH WITH PROVISIONAL FOR HAND SHOWER,,6980,
C.P. 7000 SERIES,7355,TRANQUIL SINK MIXER REGULAR SPOUT W/M,,5440,
C.P. 7000 SERIES,7350,TRANQUIL CENTER HOLE BASIN MIXER W/O POP UP,,4980,https://iamprayag.prayagindia.net/api/uploads/product_image/7350.jpg
C.P. 7000 SERIES,7328,TRANQUIL STOP COCK 15MM FEMALE THREAD,,1270,
C.P. 7000 SERIES,7326,TRANQUIL STOP COCK 15MM MALE THREAD,,1270,
C.P. 7000 SERIES,7320,TRANQUIL CONCEALED STOP COCK 20MM WITH FLANGE,,1690,
C.P. 7000 SERIES,7318,TRANQUIL CONCEALED STOP COCK 15MM WITH FLANGE,,1640,
C.P. 7000 SERIES,7316,TRANQUIL BIB TAP SINK COCK REGULAR SPOUT WITH FLANGE W/M,,2480,
C.P. 7000 SERIES,7314,TRANQUIL PILLAR COCK SWAN NECK T/M,,2790,
C.P. 7000 SERIES,7312,TRANQUIL 2-WAY BIB COCK WITH FLANGE,,2380,
C.P. 7000 SERIES,7311,TRANQUIL 2-WAY ANGLE COCK WITH FLANGE,,2080,
C.P. 7000 SERIES,7310,TRANQUIL ANGLE COCK WITH FLANGE,,1180,
C.P. 7000 SERIES,7309,TRANQUIL BIB COCK LONG NOSE WITH FLANGE,,1740,
C.P. 7000 SERIES,7308,TRANQUIL BIB COCK LONG BODY WITH FLANGE,,1590,
C.P. 7000 SERIES,7306,TRANQUIL BIB COCK WITH FLANGE,,1390,
C.P. 7000 SERIES,7305,TRANQUIL BIB COCK NOZZLE WITH FLANGE,,1390,
C.P. 7000 SERIES,7302,TRANQUIL PILLAR COCK,,1490,
C.P. 7000 SERIES,7298,VIVA FLUSH COCK 25MM HALF TURN WITH ADJUSTABLE FLANGE,,2280,https://iamprayag.prayagindia.net/api/uploads/product_image/7298.png
C.P. 7000 SERIES,7280,VIVA WALL MIXER 3 IN 1 PROVISION FOR OVER HEAD SHOWER & HAND SHOWER,,7770,https://iamprayag.prayagindia.net/api/uploads/product_image/7280.png
C.P. 7000 SERIES,7275,VIVA WALL MIXER WITH L BEND PROVISION FOR OVER HEAD SHOWER,,6980,https://iamprayag.prayagindia.net/api/uploads/product_image/7275.png
C.P. 7000 SERIES,7270,VIVA WALL MIXER TELEPHONIC WITH CRUTCH WITH PROVISION FOR HAND SHOWER,,6980,https://iamprayag.prayagindia.net/api/uploads/product_image/7270.png
C.P. 7000 SERIES,7255,VIVA SINK MIXER WITH REGULAR SPOUT W/M,,5490,https://iamprayag.prayagindia.net/api/uploads/product_image/7255.png
C.P. 7000 SERIES,7250,VIVA CENTER HOLE BASIN MIXER W/O POP UP,,4980,https://iamprayag.prayagindia.net/api/uploads/product_image/7250.png
C.P. 7000 SERIES,7228,VIVA STOP COCK 15MM FEMALE THREAD,,1240,https://iamprayag.prayagindia.net/api/uploads/product_image/7228.png
C.P. 7000 SERIES,7226,VIVA STOP COCK 15MM MALE THREAD,,1240,https://iamprayag.prayagindia.net/api/uploads/product_image/7226.png
C.P. 7000 SERIES,7220,VIVA CONCEALED STOP COCK 20MM WITH FLANGE,,1690,
C.P. 7000 SERIES,7218,VIVA CONCEALED STOP COCK 15MM WITH FLANGE,,1640,https://iamprayag.prayagindia.net/api/uploads/product_image/7218.png
C.P. 7000 SERIES,7216,VIVA BIB TAP SINK COCK REGULAR SPOUT WITH FLANGE W/M,,2490,https://iamprayag.prayagindia.net/api/uploads/product_image/7216.png
C.P. 7000 SERIES,7214,VIVA PILLAR COCK SWAN NECK T/M,,2690,https://iamprayag.prayagindia.net/api/uploads/product_image/7214.png
C.P. 7000 SERIES,7212,VIVA 2-WAY BIB COCK WITH FLANGE,,2420,https://iamprayag.prayagindia.net/api/uploads/product_image/7212.png
C.P. 7000 SERIES,7211,VIVA 2-WAY ANGLE COCK WITH FLANGE,,2190,https://iamprayag.prayagindia.net/api/uploads/product_image/7211.png
C.P. 7000 SERIES,7210,VIVA ANGLE COCK WITH FLANGE,,1180,https://iamprayag.prayagindia.net/api/uploads/product_image/7210.png
C.P. 7000 SERIES,7209,VIVA BIB COCK LONG NOSE WITH FLANGE,,1740,https://iamprayag.prayagindia.net/api/uploads/product_image/7209.png
C.P. 7000 SERIES,7208,VIVA BIB COCK LONG BODY WITH FLANGE,,1640,https://iamprayag.prayagindia.net/api/uploads/product_image/7208.png
C.P. 7000 SERIES,7206,VIVA BIB COCK WITH FLANGE,,1390,https://iamprayag.prayagindia.net/api/uploads/product_image/7206.png
C.P. 7000 SERIES,7205,VIVA BIB COCK NOZZLE WITH FLANGE,,1390,https://iamprayag.prayagindia.net/api/uploads/product_image/7205.png
C.P. 7000 SERIES,7202,VIVA PILLAR COCK,,1490,https://iamprayag.prayagindia.net/api/uploads/product_image/7202.png
C.P. 7000 SERIES,7198,CYGNUS FLUSH COCK 25MM HALF TURN WITH ADJUSTABLE FLANGE,,2790,https://iamprayag.prayagindia.net/api/uploads/product_image/7198.jpg
C.P. 7000 SERIES,7196,CYGNUS BATH TUB SPOUT TIP TON WITH FLANGE,,2480,https://iamprayag.prayagindia.net/api/uploads/product_image/7196.png
C.P. 7000 SERIES,7195,CYGNUS BATH TUB SPOUT WITH FLANGE,,1770,https://iamprayag.prayagindia.net/api/uploads/product_image/7195.png
C.P. 7000 SERIES,7180,CYGNUS WALL MIXER 3 IN 1 PROVISION FOR OVER HEAD SHOWER & HAND SHOWER,,8480,https://iamprayag.prayagindia.net/api/uploads/product_image/7180.png
C.P. 7000 SERIES,7175,CYGNUS WALL MIXER WITH L BEND PROVISION FOR OVER HEAD SHOWER,,7490,https://iamprayag.prayagindia.net/api/uploads/product_image/7175.png
C.P. 7000 SERIES,7170,CYGNUS WALL MIXER TELEPHONIC WITH CRUTCH WITH PROVISION FOR HAND SHOWER,,7490,https://iamprayag.prayagindia.net/api/uploads/product_image/7170.png
C.P. 7000 SERIES,7155,CYGNUS SINK MIXER WITH REGULAR SPOUT W/M,,6340,https://iamprayag.prayagindia.net/api/uploads/product_image/7155.png
C.P. 7000 SERIES,7154,CYGNUS SINGLE LEVER BASIN MIXER WALL MOUNT CONC,,7440,https://iamprayag.prayagindia.net/api/uploads/product_image/7154.png
C.P. 7000 SERIES,7152,CYGNUS SINGLE LEVER BASIN MIXER TALL HEIGHT W/O POP UP WASTE SYSTEM,,8290,https://iamprayag.prayagindia.net/api/uploads/product_image/7152.png
C.P. 7000 SERIES,7151,CYGNUS SINGLE LEVER BASIN MIXER W/O POP UP WASTE SYSTEM,,5880,https://iamprayag.prayagindia.net/api/uploads/product_image/7151.png
C.P. 7000 SERIES,7120,CYGNUS CONCEALED STOP COCK 20MM WITH FLANGE,,1990,
C.P. 7000 SERIES,7118,CYGNUS CONCEALED STOP COCK 15MM WITH FLANGE,,1940,https://iamprayag.prayagindia.net/api/uploads/product_image/7118.png
C.P. 7000 SERIES,7116,CYGNUS BIB TAP SINK COCK REGULAR SPOUT WITH FLANGE W/M,,2860,https://iamprayag.prayagindia.net/api/uploads/product_image/7116.png
C.P. 7000 SERIES,7114,CYGNUS PILLAR COCK SWAN NECK T/M,,3340,https://iamprayag.prayagindia.net/api/uploads/product_image/7114.png
C.P. 7000 SERIES,7111,CYGNUS 2-WAY ANGLE COCK WITH FLANGE,,2450,
C.P. 7000 SERIES,7110,CYGNUS ANGLE COCK WITH FLANGE,,1660,https://iamprayag.prayagindia.net/api/uploads/product_image/7110.png
C.P. 7000 SERIES,7106,CYGNUS PILLAR COCK TALL HEIGHT,,2080,https://iamprayag.prayagindia.net/api/uploads/product_image/7106.png
C.P. 7000 SERIES,7102,CYGNUS PILLAR COCK,,2390,https://iamprayag.prayagindia.net/api/uploads/product_image/7102.png
C.P. 7000 SERIES,BB-71,CYGNUS SINGLE LEVER BASIN MIXER WALL MOUNT CONC,,3760,
C.P. 7000 SERIES,7103,CYGNUS 71 Pillar Cock Tall Hight,,4780,
C.P. 7000 SERIES,7104,CYGNUS 71 Pillar Cock Extended Body,,2890,https://iamprayag.prayagindia.net/api/uploads/product_image/7104.png
C.P. 7000 SERIES,7194,CYGNUS 71 Concealed 4 - Way Diverter (Complete),,9240,
C.P. 7000 SERIES,7918-F,SAGA 79F Concealed Stop Cock 15mm With Flange,,1740,https://iamprayag.prayagindia.net/api/uploads/product_image/7918-F.jpg
C.P. 7000 SERIES,7894,URBONA 78 Concealed 4 - Way Diverter (Complete),,8890,
C.P. 7000 SERIES,7694,MACASA 76 Concealed 4 - Way Diverter (Complete),,8880,
C.P. 7000 SERIES,7676,"Single Lever Wall Mixer ""L"" Bend with Wall Flange (Expose Type) MACASA 76",,9480,
C.P. 7000 SERIES,7691-N,Single Lever Concealed Diverter Bath & Shower 40mm MACASA 76,,6280,
C.P. 7000 SERIES,DB-76-N,Exposed Parts (Wall Flange & Handle) MACASA 76,,2040,
C.P. 7000 SERIES,7692-N,Single Lever High Flow Concealed Diverter Bath & Shower 46mm MACASA 76,,7020,
C.P. 7000 SERIES,DB-76-H-N,Exposed Parts (Wall Flange & Handle) MACASA 76,,2040,
C.P. 7000 SERIES,7692-ON-OFF-N,Single Lever High Flow Concealed Diverter Bath & Shower 46mm (ON-OFF) MACASA 76,,7020,
C.P. 7000 SERIES,DB-76-H-ON-OFF-N,Exposed Parts (Wall Flange & Handle) MACASA 76,,2280,
C.P. 7000 SERIES,7693-N,Single Lever 3 In Let Concealed Diverter Bath & Shower 46mm MACASA 76,,7020,
C.P. 7000 SERIES,DB-76-3 IN-N,Exposed Parts (Wall Flange & Handle) MACASA 76,,2040,
C.P. 7000 SERIES,7693-ON-OFF-N,Single Lever 3 In Let Concealed Diverter Bath & Shower 46mm (ON-OFF) MACASA 76,,7020,
C.P. 7000 SERIES,DB-76-3 IN-ON-OFF-N,Exposed Parts (Wall Flange & Handle) MACASA 76,,2280,
C.P. 7000 SERIES,7794,Concealed 4 Way Diverter Set Hot & Cold with Built-In Non Return Valves Complete Set FROST 77,,8890,
C.P. 7000 SERIES,7891-N,Single Lever Concealed Diverter Bath & Shower 40mm URBONA 78,,6080,https://iamprayag.prayagindia.net/api/uploads/product_image/7891-N.jpg
C.P. 7000 SERIES,DB-78-N,Exposed Parts (Wall Flange & Handle) URBONA 78,,1840,
C.P. 7000 SERIES,7892-N,Single Lever High Flow Concealed Diverter Bath & Shower 46mm URBONA 78,,6820,
C.P. 7000 SERIES,DB-78-H-N,Exposed Parts (Wall Flange & Handle) URBONA 78,,1840,
C.P. 7000 SERIES,7892-ON-OFF-N,Single Lever High Flow Concealed Diverter Bath & Shower 46mm (ON-OFF) URBONA 78,,6820,
C.P. 7000 SERIES,DB-78-H-ON-OFF-N,Exposed Parts (Wall Flange & Handle) URBONA 78,,2080,
C.P. 7000 SERIES,7893-N,Single Lever 3 In Let Concealed Diverter Bath & Shower 46mm URBONA 78,,6820,
C.P. 7000 SERIES,DB-78-3 IN-N,Exposed Parts (Wall Flange & Handle) URBONA 78,,1840,
C.P. 7000 SERIES,7893-ON-OFF-N,Single Lever 3 In Let Concealed Diverter Bath & Shower 46mm (ON-OFF) URBONA 78,,6820,
C.P. 7000 SERIES,DB-78-3 IN-ON-OFF-N,Exposed Parts (Wall Flange & Handle) URBONA 78,,2080,
C.P. 7000 SERIES,7913-F,2-Way Bib Cock Single Handle with Wall Flange SAGA 79F,,2550,
C.P. 7000 SERIES,7991 F-N,Single Lever Concealed Diverter Bath & Shower 40mm SAGA 79F,,6620,
C.P. 7000 SERIES,DB-79 F-N,Exposed Parts (Wall Flange & Handle) SAGA 79F,,2380,
C.P. 7000 SERIES,7992 F-N,Single Lever High Flow Concealed Diverter Bath & Shower 46mm SAGA 79F,,7360,
C.P. 7000 SERIES,DB-79 F-H-N,Exposed Parts (Wall Flange & Handle) SAGA 79F,,2380,
C.P. 7000 SERIES,7992 F-ON-OFF-N,Single Lever High Flow Concealed Diverter Bath & Shower 46mm (ON-OFF) SAGA 79F,,7360,
C.P. 7000 SERIES,DB-79 F-H-ON-OFF-N,Exposed Parts (Wall Flange & Handle) SAGA 79F,,2620,
C.P. 7000 SERIES,7993 F-N,Single Lever 3 In Let Concealed Diverter Bath & Shower 46mm SAGA 79F,,7360,
C.P. 7000 SERIES,DB-79 F-3 IN-N,Exposed Parts (Wall Flange & Handle) SAGA 79F,,2380,
C.P. 7000 SERIES,7993 F-ON-OFF-N,Single Lever 3 In Let Concealed Diverter Bath & Shower 46mm (ON-OFF) SAGA 79F,,7360,
C.P. 7000 SERIES,7108,Bib Cock Long Body with Wall Flange CYGNUS 71,,2380,
C.P. 7000 SERIES,7113,2-Way Bib Cock Single Handle with Wall Flange CYGNUS 71,,2790,
C.P. 7000 SERIES,7191-N,Single Lever Concealed Diverter Bath & Shower 40mm CYGNUS 71,,6620,
C.P. 7000 SERIES,DB-71-N,Exposed Parts (Wall Flange & Handle) CYGNUS 71,,2380,
C.P. 7000 SERIES,7192-N,Single Lever High Flow Concealed Diverter Bath & Shower 46mm CYGNUS 71,,7360,
C.P. 7000 SERIES,DB-71-H-N,Exposed Parts (Wall Flange & Handle) CYGNUS 71,,2380,
C.P. 7000 SERIES,7192-ON-OFF-N,Single Lever High Flow Concealed Diverter Bath & Shower 46mm (ON-OFF) CYGNUS 71,,7360,
C.P. 7000 SERIES,DB-71-H-ON-OFF-N,Exposed Parts (Wall Flange & Handle) CYGNUS 71,,2620,
C.P. 7000 SERIES,7193-N,Single Lever 3 In Let Concealed Diverter Bath & Shower 46mm CYGNUS 71,,7360,
C.P. 7000 SERIES,DB-71-3 IN-N,Exposed Parts (Wall Flange & Handle) CYGNUS 71,,2380,
C.P. 7000 SERIES,7193-ON-OFF-N,Single Lever 3 In Let Concealed Diverter Bath & Shower 46mm (ON-OFF) CYGNUS 71,,7360,
C.P. 7000 SERIES,DB-71-3 IN-ON-OFF-N,Exposed Parts (Wall Flange & Handle) CYGNUS 71,,2620,
C.P. 7000 SERIES,7407,GRACIA 74 Concealed Wall Mount Pillar Cock,,2680,
C.P. 7000 SERIES,CP-07,GRACIA 74 Concealed Pillar Cock Body 15mm,,1390,
C.P. 7000 SERIES,CP-74,"GRACIA 74 Exposed Parts (Wall Flange, Handle & Spout)",,1290,
C.P. 7000 SERIES,7607,MACASA 76 Concealed Wall Mount Pillar Cock,,2680,
C.P. 7000 SERIES,CP-76,"MACASA 76 Exposed Parts (Wall Flange, Handle & Spout)",,1290,
C.P. 7000 SERIES,BD-40,"MACASA 76 Single Lever Basin Mixer Wall Mount (Body, Cartridge, Sleeve & Nipple)",,3680,
C.P. 7000 SERIES,PD-40-N,"MACASA 76 Concealed Diverter Body 40mm (Cartridge, Sleeve, Tipton Assembly)",,4240,
C.P. 7000 SERIES,PD-46-H-N,"MACASA 76 High Flow Concealed Diverter Body 46mm (Cartridge, Sleeve, Tipton Assembly)",,4980,
C.P. 7000 SERIES,PD-46-H-ON-OFF-N,"MACASA 76 High Flow Concealed Diverter Body 46mm (Cartridge, Sleeve, On-Off Assembly)",,4740,
C.P. 7000 SERIES,PD-3 IN-N,"MACASA 76 3 In Let Concealed Diverter Body 46mm (Cartridge, Sleeve, Tipton Assembly)",,4980,
C.P. 7000 SERIES,PD-3 IN-ON-OFF-N,"MACASA 76 3 In Let Concealed Diverter Body 46mm (Cartridge, Sleeve, On-Off Assembly)",,4740,
C.P. 7000 SERIES,7707,FROST 77 Concealed Wall Mount Pillar Cock,,2780,
C.P. 7000 SERIES,CP-77,"FROST 77 Exposed Parts (Wall Flange, Handle & Spout)",,1390,
C.P. 7000 SERIES,7807,URBONA 78 Concealed Wall Mount Pillar Cock,,2780,
C.P. 7000 SERIES,CP-78,"URBONA 78 Exposed Parts (Wall Flange, Handle & Spout)",,1390,
C.P. 7000 SERIES,DB-79 F-3 IN-ON-OFF-N,SAGA 79F Exposed Parts (Wall Flange & Handle),,2620,
C.P. 8000 SERIES,BB-89,Upper,,2740,
C.P. 8000 SERIES,BB-87,Upper,,2740,
C.P. 8000 SERIES,CPS-89,CONCEALED FLANGE HANDLE & SLEEVE OPUS,,750,
C.P. 8000 SERIES,CPS-83,CONCEALED FLANGE HANDLE & SLEEVE,,750,
C.P. 8000 SERIES,BB-90,SINGLE LEVER BASIN MIXER WALL MOUNT (UPPER),,2880,
C.P. 8000 SERIES,CPS-87,Concealed Sleeve Flange and Handle Evian,,680,
C.P. 8000 SERIES,8980,WALL MIXER 3 IN 1(8980),,8480,
C.P. 8000 SERIES,8526,STOP COCK REGBODY 15MM MAIL THREAD(MIST,,1530,
C.P. 8000 SERIES,8180,Wall Mixer 3 In 1 (Niagara),,8880,
C.P. 8000 SERIES,8170,WALL MIXER BODY WITH CRUTCH,,7980,
C.P. 8000 SERIES,9098,EUROPA FLUSH COCK 25MM HALF TURN WITH ADJUSTABLE FLANGE,,3380,https://iamprayag.prayagindia.net/api/uploads/product_image/9098.jpg
C.P. 8000 SERIES,9096,EUROPA BATH TUB SPOUT TIP TON WITH FLANGE,,2120,https://iamprayag.prayagindia.net/api/uploads/product_image/9096.jpg
C.P. 8000 SERIES,9095,EUROPA BATH TUB SPOUT WITH FLANGE,,1490,https://iamprayag.prayagindia.net/api/uploads/product_image/9095.jpg
C.P. 8000 SERIES,9076,EUROPA SINGE LEVER WALL MIXER L BEND EXPOSE TYPE,,9990,https://iamprayag.prayagindia.net/api/uploads/product_image/9076.jpg
C.P. 8000 SERIES,9075,EUROPA WALL MIXER WITH L BEND PROVISION FOR OVER HEAD SHOWER,,8590,
C.P. 8000 SERIES,9071,EUROPA SINGLE LEVER WALL MIXER BATH & SHOWER ARRANGEMENT WALL MOUNTED FRONT SYSTEM,,6350,https://iamprayag.prayagindia.net/api/uploads/product_image/9071.jpg
C.P. 8000 SERIES,9061,EUROPA SINGLE LEVER SINK MIXER TABLE MOUNT WITH SWING SPOUT,,7540,https://iamprayag.prayagindia.net/api/uploads/product_image/9061.jpg
C.P. 8000 SERIES,9055,EUROPA SINK MIXER WITH REGULAR SPOUT W/M,,6460,https://iamprayag.prayagindia.net/api/uploads/product_image/9055.jpg
C.P. 8000 SERIES,9054,EUROPA SINGLE LEVER BASIN MIXER WALL MOUNT CONC,,6560,https://iamprayag.prayagindia.net/api/uploads/product_image/9054.jpg
C.P. 8000 SERIES,9052,EUROPA SINGLE LEVER BASIN MIXER TALL HEIGHT W/O POP UP WASTE SYSTEM,,7430,https://iamprayag.prayagindia.net/api/uploads/product_image/9052.jpg
C.P. 8000 SERIES,9051,EUROPA SINGLE LEVER BASIN MIXER W/O POP UP WASTE SYSTEM,,4980,https://iamprayag.prayagindia.net/api/uploads/product_image/9051.jpg
C.P. 8000 SERIES,9020,EUROPA CONCEALED STOP COCK 20MM WITH FLANGE,,1990,
C.P. 8000 SERIES,9018,EUROPA CONCEALED STOP COCK 15MM WITH FLANGE,,1930,https://iamprayag.prayagindia.net/api/uploads/product_image/9018.jpg
C.P. 8000 SERIES,9016,EUROPA BIB TAP SINK COCK REGULAR SPOUT WITH FLANGE W/M,,2890,https://iamprayag.prayagindia.net/api/uploads/product_image/9016.jpg
C.P. 8000 SERIES,9014,EUROPA PILLAR COCK SWAN NECK T/M,,3290,https://iamprayag.prayagindia.net/api/uploads/product_image/9014.jpg
C.P. 8000 SERIES,9011,EUROPA 2-WAY ANGLE COCK WITH FLANGE,,2570,https://iamprayag.prayagindia.net/api/uploads/product_image/9011.jpg
C.P. 8000 SERIES,9010,EUROPA ANGLE COCK WITH FLANGE,,1740,https://iamprayag.prayagindia.net/api/uploads/product_image/9010.jpg
C.P. 8000 SERIES,9008,EUROPA BIB COCK LONG BODY WITH FLANGE,,2280,https://iamprayag.prayagindia.net/api/uploads/product_image/9008.jpg
C.P. 8000 SERIES,9006,EUROPA BIB COCK WITH FLANGE,,1990,https://iamprayag.prayagindia.net/api/uploads/product_image/9006.jpg
C.P. 8000 SERIES,9003,EUROPA PILLAR COCK TALL HEIGHT,,4840,
C.P. 8000 SERIES,9002,EUROPA PILLAR COCK,,2590,https://iamprayag.prayagindia.net/api/uploads/product_image/9002.jpg
C.P. 8000 SERIES,8976,OPUS SINGLE LEVER WALL MIXER L BEND EXPOSE TYPE,,9980,https://iamprayag.prayagindia.net/api/uploads/product_image/8976.jpg
C.P. 8000 SERIES,8975,OPUS WALL MIXER WITH L BEND PROVISION FOR OVER HEAD SHOWER,,7640,https://iamprayag.prayagindia.net/api/uploads/product_image/8975.jpg
C.P. 8000 SERIES,8971,OPUS SINGLE LEVER WALL MIXER BATH & SHOWER ARRANGEMENT WALL MOUNTED FRONT SYSTEM,,6470,https://iamprayag.prayagindia.net/api/uploads/product_image/8971.jpg
C.P. 8000 SERIES,8961,OPUS SINGLE LEVER SINK MIXER TABLE MOUNT WITH SWING SPOUT,,7430,https://iamprayag.prayagindia.net/api/uploads/product_image/8961.jpg
C.P. 8000 SERIES,8956,OPUS SINGLE LEVER SINK MIXER W/M WITH SWINGING SPOUT,,7280,https://iamprayag.prayagindia.net/api/uploads/product_image/8956.jpg
C.P. 8000 SERIES,8955,OPUS SINK MIXER WITH REGULAR SPOUT W/M,,5480,https://iamprayag.prayagindia.net/api/uploads/product_image/8955.jpg
C.P. 8000 SERIES,8954,OPUS SINGLE LEVER BAASIN MIXER WALL MOUNT CONC,,6420,https://iamprayag.prayagindia.net/api/uploads/product_image/8954.jpg
C.P. 8000 SERIES,8952,OPUS SINGLE LEVER BASIN MIXER TALL HEIGHT W/O POP UP WASTE SYSTEM,,6690,https://iamprayag.prayagindia.net/api/uploads/product_image/8952.jpg
C.P. 8000 SERIES,8951,OPUS SINGLE LEVER BASIN MIXER W/O POP UP WASTE SYSTEM,,4740,https://iamprayag.prayagindia.net/api/uploads/product_image/8951.jpg
C.P. 8000 SERIES,8920,OPUS CONCEALED STOP COCK 200MM WITH FLANGE,,1990,
C.P. 8000 SERIES,8918,OPUS CONCEALED STOP COCK 15MM WITH FLANGE,,1930,https://iamprayag.prayagindia.net/api/uploads/product_image/8918.jpg
C.P. 8000 SERIES,8916,OPUS BIB TAP SINK COCK REGULAR SPOUT WITH FLANGE W/M,,2690,https://iamprayag.prayagindia.net/api/uploads/product_image/8916.jpg
C.P. 8000 SERIES,8914,OPUS PILLAR COCK SWAN NECK T/M,,3180,https://iamprayag.prayagindia.net/api/uploads/product_image/8914.jpg
C.P. 8000 SERIES,8912,OPUS 2-WAY BIB COCK WITH FLANGE,,2870,https://iamprayag.prayagindia.net/api/uploads/product_image/8912.jpg
C.P. 8000 SERIES,8911,OPUS 2-WAY ANGLE COCK WITH FLANGE,,2390,https://iamprayag.prayagindia.net/api/uploads/product_image/8911.jpg
C.P. 8000 SERIES,8910,OPUS ANGLE COCK WITH FLANGE,,1490,https://iamprayag.prayagindia.net/api/uploads/product_image/8910.jpg
C.P. 8000 SERIES,8908,OPUS BOB COCK LONG BODY WITH FLANGE,,2130,https://iamprayag.prayagindia.net/api/uploads/product_image/8908.jpg
C.P. 8000 SERIES,8903,OPUS PILLAR COCK TALL HEIGHT,,4470,https://iamprayag.prayagindia.net/api/uploads/product_image/8903.jpg
C.P. 8000 SERIES,8902,OPUS PILLAR COCK,,2380,https://iamprayag.prayagindia.net/api/uploads/product_image/8902.jpg
C.P. 8000 SERIES,8798,EVIAN FLUSH COCK 25MM HALF TURN WITH ADJUSTABLE FLANGE,,3280,https://iamprayag.prayagindia.net/api/uploads/product_image/8798.jpg
C.P. 8000 SERIES,8796,EVIAN BATH TUB SPOUT TIP TON WITH FLANGE,,2350,https://iamprayag.prayagindia.net/api/uploads/product_image/8796.jpg
C.P. 8000 SERIES,8795,EVIAN BATH TUB SPOUT WITH FLANGE,,1640,https://iamprayag.prayagindia.net/api/uploads/product_image/8795.jpg
C.P. 8000 SERIES,8780,EVIAN WALL MIXER 3 IN 1 PROVISION FOR OVER HEAD SHOWER & HAND SHOWER,,8280,https://iamprayag.prayagindia.net/api/uploads/product_image/8780.jpg
C.P. 8000 SERIES,8776,EVIAN SINGLE LEVER WALL MIXER L BEND EXPOSE TYPE,,9980,https://iamprayag.prayagindia.net/api/uploads/product_image/8776.jpg
C.P. 8000 SERIES,8775,EVIAN WALL MIXER WITH L BEND PROVISION FOR OVERHEAD SHOWER,,7440,https://iamprayag.prayagindia.net/api/uploads/product_image/8775.jpg
C.P. 8000 SERIES,8771,EVIAN SINGLE LEVER WALL MIXER BATH & SHOWER ARRANGEMENT WALL MOUNTED FRONT SYSTEM,,6450,https://iamprayag.prayagindia.net/api/uploads/product_image/8771.jpg
C.P. 8000 SERIES,8770,EVIAN WALL MIXER TELEPHONIC WITH CRUTCH WITH PROVISION FOR HAND SHOWER,,7440,https://iamprayag.prayagindia.net/api/uploads/product_image/8770.jpg
C.P. 8000 SERIES,8756,EVIAN SINGLE LEVER SINK MIXER W/M WITH SWINGING SPOUT,,7440,https://iamprayag.prayagindia.net/api/uploads/product_image/8756.jpg
C.P. 8000 SERIES,8755,EVIAN SINK MIXER WITH REGULAR SPOUT W/M,,5360,https://iamprayag.prayagindia.net/api/uploads/product_image/8755.jpg
C.P. 8000 SERIES,8754,EVIAN  SINGLE LEVER BASIN MIXER WALL MOUNT CONC,,6420,https://iamprayag.prayagindia.net/api/uploads/product_image/8754.jpg
C.P. 8000 SERIES,8752,EVIAN SINGLE LEVER BAIN MIXER TALL HEIGHT W/O POP UP WASTE SYSTEM,,6240,https://iamprayag.prayagindia.net/api/uploads/product_image/8752.jpg
C.P. 8000 SERIES,8751,EVIAN SINGLE LEVER BASIN MIXER W/O POP UP WASTE SYSTEM,,4290,https://iamprayag.prayagindia.net/api/uploads/product_image/8751.jpg
C.P. 8000 SERIES,8750,EVIAN CENTER HOLE BASIN MIXER W/O POP UP,,4980,https://iamprayag.prayagindia.net/api/uploads/product_image/8750.jpg
C.P. 8000 SERIES,8720,EVIAN CONCEALED STOP COCK 20MM WITH FLANGE,,1990,
C.P. 8000 SERIES,8718,EVIAN CONCEALED STOP COCK 15MM WITH FLANGE,,1930,https://iamprayag.prayagindia.net/api/uploads/product_image/8718.jpg
C.P. 8000 SERIES,8716,EVIAN BIB TAP SINK COCK REGULAR SPOUT WITH FLANGE W/M,,2690,https://iamprayag.prayagindia.net/api/uploads/product_image/8716.jpg
C.P. 8000 SERIES,8714,EVIAN PILLAR COCK SWAN NECK T/M,,2880,https://iamprayag.prayagindia.net/api/uploads/product_image/8714.jpg
C.P. 8000 SERIES,8712,EVIAN 2-WAY BIB COCK WITH FLANGE,,2580,https://iamprayag.prayagindia.net/api/uploads/product_image/8712.jpg
C.P. 8000 SERIES,8711,EVIAN 2-WAY ANGLE COCK WITH FLANGE,,2190,https://iamprayag.prayagindia.net/api/uploads/product_image/8711.jpg
C.P. 8000 SERIES,8710,EVIAN ANGLE COCK WITH FLANGE,,1460,https://iamprayag.prayagindia.net/api/uploads/product_image/8710.jpg
C.P. 8000 SERIES,8706,EVIAN BIB COCK WITH FLANGE,,1690,https://iamprayag.prayagindia.net/api/uploads/product_image/8706.jpg
C.P. 8000 SERIES,8703,EVIAN PILLAR COCK TALL HEIGHT,,3780,https://iamprayag.prayagindia.net/api/uploads/product_image/8703.jpg
C.P. 8000 SERIES,8702,EVIAN PILLAR COCK,,1690,https://iamprayag.prayagindia.net/api/uploads/product_image/8702.jpg
C.P. 8000 SERIES,8598,MIST FLUSH COCK 25MM HALF TURN WITH ADJUSTABLE FLANGE,,3770,https://iamprayag.prayagindia.net/api/uploads/product_image/8598.jpg
C.P. 8000 SERIES,8580,MIST WALL MIXER 3 IN 1 PROVISION FOR OVER HEAD SHOWER & HAND SHOWER,,8950,
C.P. 8000 SERIES,8575,MIST WALL MIXER WITH L BEND PROVISION FOR OVER HEAD SHOWER,,7980,https://iamprayag.prayagindia.net/api/uploads/product_image/8575.jpg
C.P. 8000 SERIES,8570,MIST WALL MIXER TELEPHONIC WITH CRUTCH WITH PROVISION FOR HAND SHOWER,,7980,https://iamprayag.prayagindia.net/api/uploads/product_image/8570.jpg
C.P. 8000 SERIES,8555,MIST SINK MIXER WITH REGULAR SPOUT W/M,,6360,https://iamprayag.prayagindia.net/api/uploads/product_image/8555.jpg
C.P. 8000 SERIES,8550,MIST CENTER HOLE BASIN MIXER W/O POP UP,,5980,https://iamprayag.prayagindia.net/api/uploads/product_image/8550.jpg
C.P. 8000 SERIES,8520,MIST CONCEALED STOP COCK 20MM WITH FLANGE,,1990,
C.P. 8000 SERIES,8518,MIST CONCEALED STOP COCK 15MM WITH FLANGE,,1930,https://iamprayag.prayagindia.net/api/uploads/product_image/8518.jpg
C.P. 8000 SERIES,8516,MIST BIB TAP SINK COCK REGULAR SPOUT WIT FLANGE W/M,,3660,https://iamprayag.prayagindia.net/api/uploads/product_image/8516.jpg
C.P. 8000 SERIES,8514,MIST PILLAR COCK SWAN NECK T/M,,3990,https://iamprayag.prayagindia.net/api/uploads/product_image/8514.jpg
C.P. 8000 SERIES,8512,MIST 2-WAY BIB COCK WITH FLANGE,,2780,https://iamprayag.prayagindia.net/api/uploads/product_image/8512.jpg
C.P. 8000 SERIES,8511,MIST 2-WAY ANGLE COCK WITH FLANGE,,2390,https://iamprayag.prayagindia.net/api/uploads/product_image/8511.jpg
C.P. 8000 SERIES,8510,MIST ANGLE COCK WITH FLANGE,,1640,https://iamprayag.prayagindia.net/api/uploads/product_image/8510.jpg
C.P. 8000 SERIES,8509,MIST BIB COCK LONG NOSE WITH FLANGE,,2150,https://iamprayag.prayagindia.net/api/uploads/product_image/8509.jpg
C.P. 8000 SERIES,8508,MIST BIB COCK LONG BODY WITH FLANGE,,1980,https://iamprayag.prayagindia.net/api/uploads/product_image/8508.jpg
C.P. 8000 SERIES,8506,MIST BIB COCK WITH FLANGE,,1880,https://iamprayag.prayagindia.net/api/uploads/product_image/8506.jpg
C.P. 8000 SERIES,8502,MIST PILLAR COCK,,2120,https://iamprayag.prayagindia.net/api/uploads/product_image/8502.jpg
C.P. 8000 SERIES,8398,WAVES FLUSH COCK 25MM HALF TURN WITH ADJUSTABLE FLANGE,,3660,https://iamprayag.prayagindia.net/api/uploads/product_image/8398.jpg
C.P. 8000 SERIES,8380,WAVES WALL MIXER 3 IN 1 PROVISION FPR OVERHEAD SHOWER & HAND SHOWER,,8980,https://iamprayag.prayagindia.net/api/uploads/product_image/8380.jpg
C.P. 8000 SERIES,8375,WAVES WALL MIXER WITH L BEND PROVISION FOR OVER HEAD SHOWER,,7980,https://iamprayag.prayagindia.net/api/uploads/product_image/8375.jpg
C.P. 8000 SERIES,8370,WAVES WALL MIXER TELEPHONIC WITH CRUTCH WITH PROVISION FOR HAND SHOWER,,7980,https://iamprayag.prayagindia.net/api/uploads/product_image/8370.jpg
C.P. 8000 SERIES,8355,WAVES SINK MIXER WITH REGULAR SPOUT W/M,,6350,https://iamprayag.prayagindia.net/api/uploads/product_image/8355.jpg
C.P. 8000 SERIES,8350,WAVES CENTER HOLE BASIN MIXER W/O POP UP,,5490,https://iamprayag.prayagindia.net/api/uploads/product_image/8350.jpg
C.P. 8000 SERIES,8328,WAVES  STOP COCK 15MM FEMALE THREAD,,1490,https://iamprayag.prayagindia.net/api/uploads/product_image/8328.jpg
C.P. 8000 SERIES,8326,WAVES  STOP COCK 15MM MALE THREAD,,1490,https://iamprayag.prayagindia.net/api/uploads/product_image/8326.jpg
C.P. 8000 SERIES,8320,WAVES CONCEALED STOP COCK 20MM WITH FLANGE,,1990,
C.P. 8000 SERIES,8318,WAVES CONCEALED STOP COCK 15MM WITH FLANGE,,1930,https://iamprayag.prayagindia.net/api/uploads/product_image/8318.jpg
C.P. 8000 SERIES,8316,WAVES BIB TAP SINK COCK REGULAR SPOUT WITH FLANGE W/M,,3580,https://iamprayag.prayagindia.net/api/uploads/product_image/8316.jpg
C.P. 8000 SERIES,8314,WAVES PILLAR COCK SWAN NECK T/M,,3940,https://iamprayag.prayagindia.net/api/uploads/product_image/8314.jpg
C.P. 8000 SERIES,8312,WAVES 2-WAY BIB COCK WITH FLANGE,,2690,https://iamprayag.prayagindia.net/api/uploads/product_image/8312.jpg
C.P. 8000 SERIES,8311,WAVES 2-WAY ANGLE COCKW ITH FLANGE,,2250,https://iamprayag.prayagindia.net/api/uploads/product_image/8311.jpg
C.P. 8000 SERIES,8310,WAVES ANGLE COCK WITH FLANGE,,1490,https://iamprayag.prayagindia.net/api/uploads/product_image/8310.jpg
C.P. 8000 SERIES,8309,WAVES BIB COCK LONG NOSE WITH FLANGE,,1930,https://iamprayag.prayagindia.net/api/uploads/product_image/8309.jpg
C.P. 8000 SERIES,8308,WAVES BIB COCK LONG BODY WITH FLANGE,,1770,https://iamprayag.prayagindia.net/api/uploads/product_image/8308.jpg
C.P. 8000 SERIES,8306,WAVES BIB COCK WITH FLANGE,,1590,https://iamprayag.prayagindia.net/api/uploads/product_image/8306.jpg
C.P. 8000 SERIES,8305,WAVES BIB COCK NOZZLE WITH FLANGE,,1560,https://iamprayag.prayagindia.net/api/uploads/product_image/8305.jpg
C.P. 8000 SERIES,8304,WAVES PILLAR COCK EXTENDED BODY,,2040,https://iamprayag.prayagindia.net/api/uploads/product_image/8304.jpg
C.P. 8000 SERIES,8302,WAVES PILLAR COCK,,1880,https://iamprayag.prayagindia.net/api/uploads/product_image/8302.jpg
C.P. 8000 SERIES,8198,NIAGARA FLUSH COCK 25MM HALF TURN WITH ADJUSTABLE FLANGE,,3540,https://iamprayag.prayagindia.net/api/uploads/product_image/8198.jpg
C.P. 8000 SERIES,8196,NIAGARA BATH TUB SPOUT TIP TON WITH FLANGE,,2570,https://iamprayag.prayagindia.net/api/uploads/product_image/8196.jpg
C.P. 8000 SERIES,8195,NIAGARA BATH TUB SPOUT WITH FLANGE,,1890,https://iamprayag.prayagindia.net/api/uploads/product_image/8195.jpg
C.P. 8000 SERIES,8176,NIAGARA SINGLE LEVER WALL MIXER L BEND EXPOSE TYPE,,9980,https://iamprayag.prayagindia.net/api/uploads/product_image/8176.jpg
C.P. 8000 SERIES,8175,NIAGARA WALL MIXER WITH L BEND PROVISION FOR OVER HEAD SHOWER,,7980,https://iamprayag.prayagindia.net/api/uploads/product_image/8175.jpg
C.P. 8000 SERIES,8171,NIAGARA SINGLE LEVER WALL MIXER BATH & SHOWER ARRANGEMENT WALL MOUNTED FRONT SYSTEM,,6980,https://iamprayag.prayagindia.net/api/uploads/product_image/8171.jpg
C.P. 8000 SERIES,8156,NIAGARA SINGLE LEVER SINK MIXER W/M WITH SWINGING SPOUT,,8620,https://iamprayag.prayagindia.net/api/uploads/product_image/8156.jpg
C.P. 8000 SERIES,8155,NIAGARA SINK MIXER WITH REGULAR SPOUT W/M,,5980,https://iamprayag.prayagindia.net/api/uploads/product_image/8155.jpg
C.P. 8000 SERIES,8154,NIAGARA SINGLE LEVER BASIN MIXER WALL MOUNT CONC,,7870,https://iamprayag.prayagindia.net/api/uploads/product_image/8154.jpg
C.P. 8000 SERIES,8152,NIAGARA SINGLE LEVER BASIN MIXER TALL HEIGHT W/O POP UP WASTE SYSTEM,,9710,https://iamprayag.prayagindia.net/api/uploads/product_image/8152.jpg
C.P. 8000 SERIES,8151,NIAGARA SINGLE LEVER BASIN MIXER W/O POP UP WASTE SYSTEM,,6970,https://iamprayag.prayagindia.net/api/uploads/product_image/8151.jpg
C.P. 8000 SERIES,8120,NIAGARA CONCEALED STOP COCK 20MM WITH FLANGE,,1990,
C.P. 8000 SERIES,8118,NIAGARA CONCEALED STOP COCK 15MM WITH FLANGE,,1930,https://iamprayag.prayagindia.net/api/uploads/product_image/8118.jpg
C.P. 8000 SERIES,8116,NIAGARA BIB TAP SINK REGULAR SPOUT WITH FLANGE W/M,,2760,https://iamprayag.prayagindia.net/api/uploads/product_image/8116.jpg
C.P. 8000 SERIES,8114,NIAGARA PILLAR COCK SWAN NECK T/M,,3180,https://iamprayag.prayagindia.net/api/uploads/product_image/8114.jpg
C.P. 8000 SERIES,8112,NIAGARA 2-WAY BOB COCK WITH FLANGE,,3490,https://iamprayag.prayagindia.net/api/uploads/product_image/8112.jpg
C.P. 8000 SERIES,8111,NIAGARA 2-WAY ANGLE COCK WITH FLANGE,,2580,https://iamprayag.prayagindia.net/api/uploads/product_image/8111.jpg
C.P. 8000 SERIES,8110,NIAGARA ANGLE COCK WITH FLANGE,,1780,https://iamprayag.prayagindia.net/api/uploads/product_image/8110.jpg
C.P. 8000 SERIES,8108,NIAGARA BIB COCK LONG BODY WITH FLANGE,,2290,https://iamprayag.prayagindia.net/api/uploads/product_image/8108.jpg
C.P. 8000 SERIES,8106,NIAGARA BIB COCK WITH FLANGE,,2090,https://iamprayag.prayagindia.net/api/uploads/product_image/8106.jpg
C.P. 8000 SERIES,8103,NIAGARA PILLAR COCK TALL HEIGHT,,4620,https://iamprayag.prayagindia.net/api/uploads/product_image/8103.jpg
C.P. 8000 SERIES,8102,NIAGARA PILLAR COCK,,3090,https://iamprayag.prayagindia.net/api/uploads/product_image/8102.jpg
C.P. 8000 SERIES,8704,EVIAN 87 Pillar Cock Extended Body,,2550,https://iamprayag.prayagindia.net/api/uploads/product_image/8704.jpg
C.P. 8000 SERIES,8708,EVIAN 87 Bib Cock Long Body With Flange,,1930,https://iamprayag.prayagindia.net/api/uploads/product_image/8708.jpg
C.P. 8000 SERIES,8794,EVIAN 87 Concealed 4 - Way Diverter (Complete),,8980,
C.P. 8000 SERIES,8394,Concealed 4 Way Diverter Set Hot & Cold with Built-In Non Return Valves Complete Set WAVES 83,,9480,
C.P. 8000 SERIES,8594,Concealed 4 Way Diverter Set Hot & Cold with Built-In Non Return Valves Complete Set MIST 85,,9480,
C.P. 8000 SERIES,8970,Wall Mixer Telephonic with Crutch & Wall Flange (Provision For Hand Shower) OPUS 89,,7640,
C.P. 8000 SERIES,8991-N,Single Lever Concealed Diverter Bath & Shower 40mm OPUS 89,,6310,
C.P. 8000 SERIES,DB-89-N,Exposed Parts (Wall Flange & Handle) OPUS 89,,2070,
C.P. 8000 SERIES,8992-N,Single Lever High Flow Concealed Diverter Bath & Shower 46mm OPUS 89,,7050,
C.P. 8000 SERIES,DB-89-H-N,Exposed Parts (Wall Flange & Handle) OPUS 89,,2070,
C.P. 8000 SERIES,8992-ON-OFF-N,Single Lever High Flow Concealed Diverter Bath & Shower 46mm (ON-OFF) OPUS 89,,7050,
C.P. 8000 SERIES,DB-89-H-ON-OFF-N,Exposed Parts (Wall Flange & Handle) OPUS 89,,2310,
C.P. 8000 SERIES,8993-N,Single Lever 3 In Let Concealed Diverter Bath & Shower 46mm OPUS 89,,7050,
C.P. 8000 SERIES,DB-89-3 IN-N,Exposed Parts (Wall Flange & Handle) OPUS 89,,2070,
C.P. 8000 SERIES,8993-ON-OFF-N,Single Lever 3 In Let Concealed Diverter Bath & Shower 46mm (ON-OFF) OPUS 89,,7050,
C.P. 8000 SERIES,DB-89-3 IN-ON-OFF-N,Exposed Parts (Wall Flange & Handle) OPUS 89,,2310,
C.P. 8000 SERIES,8791-N,Single Lever Concealed Diverter Bath & Shower 40mm EVIAN 87,,6310,
C.P. 8000 SERIES,DB-87-N,Exposed Parts (Wall Flange & Handle) EVIAN 87,,2070,
C.P. 8000 SERIES,8792-N,Single Lever High Flow Concealed Diverter Bath & Shower 46mm EVIAN 87,,7050,
C.P. 8000 SERIES,DB-87-H-N,Exposed Parts (Wall Flange & Handle) EVIAN 87,,2070,
C.P. 8000 SERIES,8792-ON-OFF-N,Single Lever High Flow Concealed Diverter Bath & Shower 46mm (ON-OFF) EVIAN 87,,7050,
C.P. 8000 SERIES,DB-87-H-ON-OFF-N,Exposed Parts (Wall Flange & Handle) EVIAN 87,,2310,
C.P. 8000 SERIES,8793-N,Single Lever 3 In Let Concealed Diverter Bath & Shower 46mm EVIAN 87,,7050,
C.P. 8000 SERIES,DB-87-3 IN-N,Exposed Parts (Wall Flange & Handle) EVIAN 87,,2070,
C.P. 8000 SERIES,8793-ON-OFF-N,Single Lever 3 In Let Concealed Diverter Bath & Shower 46mm (ON-OFF) EVIAN 87,,7050,
C.P. 8000 SERIES,DB-87-3 IN-ON-OFF-N,Exposed Parts (Wall Flange & Handle) EVIAN 87,,2310,
C.P. 8000 SERIES,8191-N,Single Lever Concealed Diverter Bath & Shower 40mm NIAGARA 81,,6720,
C.P. 8000 SERIES,DB-81-N,Exposed Parts (Wall Flange & Handle) NIAGARA 81,,2480,
C.P. 8000 SERIES,8192-N,Single Lever High Flow Concealed Diverter Bath & Shower 46mm NIAGARA 81,,7460,
C.P. 8000 SERIES,DB-81-H-N,Exposed Parts (Wall Flange & Handle) NIAGARA 81,,2480,
C.P. 8000 SERIES,8192-ON-OFF-N,Single Lever High Flow Concealed Diverter Bath & Shower 46mm (ON-OFF) NIAGARA 81,,7460,
C.P. 8000 SERIES,DB-81-H-ON-OFF-N,Exposed Parts (Wall Flange & Handle) NIAGARA 81,,2720,
C.P. 8000 SERIES,8193-N,Single Lever 3 In Let Concealed Diverter Bath & Shower 46mm NIAGARA 81,,7460,
C.P. 8000 SERIES,DB-81-3 IN-N,Exposed Parts (Wall Flange & Handle) NIAGARA 81,,2480,
C.P. 8000 SERIES,8193-ON-OFF-N,Single Lever 3 In Let Concealed Diverter Bath & Shower 46mm (ON-OFF) NIAGARA 81,,7460,
C.P. 8000 SERIES,DB-81-3 IN-ON-OFF-N,Exposed Parts (Wall Flange & Handle) NIAGARA 81,,2720,
C.P. 8000 SERIES,8528,MIST 85 Stop Cock 15mm (Female Thread),,1530,
C.P. 8000 SERIES,BD-40,"OPUS 89 Single Lever Basin Mixer Wall Mount (Body, Cartridge, Sleeve & Nipple)",,3680,
C.P. 8000 SERIES,PD-40-N,"OPUS 89 Concealed Diverter Body 40mm (Cartridge, Sleeve, Tipton Assembly)",,4240,
C.P. 8000 SERIES,PD-46-H-N,"OPUS 89 High Flow Concealed Diverter Body 46mm (Cartridge, Sleeve, Tipton Assembly)",,4980,
C.P. 8000 SERIES,PD-46-H-ON-OFF-N,"OPUS 89 High Flow Concealed Diverter Body 46mm (Cartridge, Sleeve, On-Off Assembly)",,4740,
C.P. 8000 SERIES,PD-3 IN-N,"OPUS 89 3 In Let Concealed Diverter Body 46mm (Cartridge, Sleeve, Tipton Assembly)",,4980,
C.P. 8000 SERIES,PD-3 IN-ON-OFF-N,"OPUS 89 3 In Let Concealed Diverter Body 46mm (Cartridge, Sleeve, On-Off Assembly)",,4740,
C.P. 9000 SERIES,9393-N,Single Lever 3IN Let Concealed Divertor Bath & Shower 46mm ( Forged Body),,7050,
C.P. 9000 SERIES,9392-N,Single Lever High Flow Concealed Divertor Bath & Shower 46mm (Forged Body),,7050,
C.P. 9000 SERIES,9391-N,Single Lever Concealed Divertor Bath & shower 40mm(Forged Body),,6310,https://iamprayag.prayagindia.net/api/uploads/product_image/9391-N.jpg
C.P. 9000 SERIES,BHS-50,SHOWER RAIL 450MM WITH SOAP DISPENSER ADJUSTABLE HEIGHT,,1860,
C.P. 9000 SERIES,CPS-90,Concealed Sleeve Flange and Handle Europa,,750,
C.P. 9000 SERIES,9365,Wall Mixer Non Telephonic (Laguna),,6780,
C.P. 9000 SERIES,9398,LAGUNA FLUSH COCK 25MM HALF TURN ADJUSTABLE FLANGE,,3240,https://iamprayag.prayagindia.net/api/uploads/product_image/9398.jpg
C.P. 9000 SERIES,9396,LAGUNA BATH TUB SPOUT TIP TON WITH FLANGE,,2790,https://iamprayag.prayagindia.net/api/uploads/product_image/9396.jpg
C.P. 9000 SERIES,9395,LAGUNA BATH TUB SPOUT WITH FLANGE,,2150,https://iamprayag.prayagindia.net/api/uploads/product_image/9395.jpg
C.P. 9000 SERIES,9380,LAGUNA WALL MIXER 3 IN 1 PROVISION FOR OVER HEAD SHOWER & HAND SHOWER,,9980,https://iamprayag.prayagindia.net/api/uploads/product_image/9380.jpg
C.P. 9000 SERIES,9376,LAGUNA SINGLE LEVER WALL MIXER L BEND EXPOSE TYPE,,9980,https://iamprayag.prayagindia.net/api/uploads/product_image/9376.jpg
C.P. 9000 SERIES,9375,LAGUNA WALL MIXER WITH L BEND PROVISION FOR OVER HEAD SHOWER,,8980,https://iamprayag.prayagindia.net/api/uploads/product_image/9375.jpg
C.P. 9000 SERIES,9371,LAGUNA SINGLE LEVER WALL MIXER BATH & SHOWER ARRANGEMENT WALL MOUNTED FRONT SYSTEM,,6680,https://iamprayag.prayagindia.net/api/uploads/product_image/9371.jpg
C.P. 9000 SERIES,9370,LAGUNA WALL MIXER TELEPHONIC WITH CRUTCH WOTH PROVISION FOR HAND SHOWER,,8980,https://iamprayag.prayagindia.net/api/uploads/product_image/9370.jpg
C.P. 9000 SERIES,9360,LAGUNA SINK MIXER WITH REGULAR SPOUT T/M SWINGING SPOUT,,5980,https://iamprayag.prayagindia.net/api/uploads/product_image/9360.jpg
C.P. 9000 SERIES,9355,LAGUNA SINK MIXER WITH REGULAR SPOUT W/M,,6280,https://iamprayag.prayagindia.net/api/uploads/product_image/9355.jpg
C.P. 9000 SERIES,9354,LAGUNA SINGLE LEVER BASIN MIXER WALL MOUNT CONC,,6620,https://iamprayag.prayagindia.net/api/uploads/product_image/9354.jpg
C.P. 9000 SERIES,9352,LAGUNA SINGLE LEVER BASIN MIXER TALL HEIGHT W/O POP UP WASTE SYSTEM,,7390,https://iamprayag.prayagindia.net/api/uploads/product_image/9352.jpg
C.P. 9000 SERIES,9351,LAGUNA SINGLE LEVER BASIN MIXER W/O POP UP WASTE SYSTEM,,4980,https://iamprayag.prayagindia.net/api/uploads/product_image/9351.jpg
C.P. 9000 SERIES,9350,"LAGUNA CENTER HOLE BASIN MIXER W/O POP UP 9"" SPOUT",,5740,https://iamprayag.prayagindia.net/api/uploads/product_image/9350.jpg
C.P. 9000 SERIES,9320,LAGUNA CONCEALED STOP COCK 20MM WITH FLANGE,,1990,
C.P. 9000 SERIES,9318,LAGUNA CONCEALED STOP COCK 15MM WITH FLANGE,,1930,
C.P. 9000 SERIES,9316,LAGUNA BIB TAP SINK COCK REGULAR SPOUT WITH FLANGE W/M,,2990,https://iamprayag.prayagindia.net/api/uploads/product_image/9316.jpg
C.P. 9000 SERIES,9314,LAGUNA PILLAR COCK SWAN NECK T/M,,3490,https://iamprayag.prayagindia.net/api/uploads/product_image/9314.jpg
C.P. 9000 SERIES,9312,LAGUNA 2-WAY BIB COCK WITH FLANGE,,3280,https://iamprayag.prayagindia.net/api/uploads/product_image/9312.jpg
C.P. 9000 SERIES,9311,LAGUNA 2-WAY ANGLE COCK WITH FLANGE,,2850,https://iamprayag.prayagindia.net/api/uploads/product_image/9311.jpg
C.P. 9000 SERIES,9310,LAGUNA ANGLE COCK WITH FLANGE,,1790,https://iamprayag.prayagindia.net/api/uploads/product_image/9310.jpg
C.P. 9000 SERIES,9306,LAGUNA BIB COCK WITH FLANGE,,2090,
C.P. 9000 SERIES,9302,LAGUNA PILLAR COCK,,2490,https://iamprayag.prayagindia.net/api/uploads/product_image/9302.jpg
C.P. 9000 SERIES,DB-93-N,KORA SINGLE LEVER CONCEALED DIVERTER BATH & SHOWER 40MM FORGED BODY,,2070,
C.P. 9000 SERIES,BB-93,LAGUNA SINGLE LEVER BASIN MIXER WALL MOUNT CONC,,2940,
C.P. 9000 SERIES,9004,EUROPA 90 Pillar Cock Extended Body,,2990,https://iamprayag.prayagindia.net/api/uploads/product_image/9004.jpg
C.P. 9000 SERIES,9080,EUROPA 90 Wall Mixer 3 in 1 (Provision for Over Head Shower & Hand Shower),,9490,
C.P. 9000 SERIES,9308,LAGUNA 93 Bib Cock Long Body With Flange,,2390,https://iamprayag.prayagindia.net/api/uploads/product_image/9308.jpg
C.P. 9000 SERIES,9394,LAGUNA 93 Concealed 4 - Way Diverter (Complete),,9440,
C.P. 9000 SERIES,9013,2-Way Bib Cock Single Handle with Wall Flange EUROPA 90,,2790,
C.P. 9000 SERIES,9070,Wall Mixer Telephonic with Crutch & Wall Flange (Provision For Hand Shower) EUROPA 90,,8590,
C.P. 9000 SERIES,9091-N,Single Lever Concealed Diverter Bath & Shower 40mm EUROPA 90,,6310,
C.P. 9000 SERIES,DB-90-N,Exposed Parts (Wall Flange & Handle) EUROPA 90,,2070,
C.P. 9000 SERIES,9092-N,Single Lever High Flow Concealed Diverter Bath & Shower 46mm EUROPA 90,,7050,
C.P. 9000 SERIES,DB-90-H-N,Exposed Parts (Wall Flange & Handle) EUROPA 90,,2070,
C.P. 9000 SERIES,9092-ON-OFF-N,Single Lever High Flow Concealed Diverter Bath & Shower 46mm (ON-OFF) EUROPA 90,,7050,
C.P. 9000 SERIES,DB-90-H-ON-OFF-N,Exposed Parts (Wall Flange & Handle) EUROPA 90,,2310,
C.P. 9000 SERIES,9093-N,Single Lever 3 In Let Concealed Diverter Bath & Shower 46mm EUROPA 90,,7050,
C.P. 9000 SERIES,DB-90-3 IN-N,Exposed Parts (Wall Flange & Handle) EUROPA 90,,2070,
C.P. 9000 SERIES,9093-ON-OFF-N,Single Lever 3 In Let Concealed Diverter Bath & Shower 46mm (ON-OFF) EUROPA 90,,7050,
C.P. 9000 SERIES,DB-90-3 IN-ON-OFF-N,Exposed Parts (Wall Flange & Handle) EUROPA 90,,2310,
C.P. 9000 SERIES,9313,2-Way Bib Cock Single Handle with Wall Flange LAGUNA 93,,2580,
C.P. 9000 SERIES,DB-93-H-N,Exposed Parts (Wall Flange & Handle) LAGUNA 93,,2070,
C.P. 9000 SERIES,9392-ON-OFF-N,Single Lever High Flow Concealed Diverter Bath & Shower 46mm (ON-OFF) LAGUNA 93,,7050,
C.P. 9000 SERIES,DB-93-H-ON-OFF-N,Exposed Parts (Wall Flange & Handle) LAGUNA 93,,2310,
C.P. 9000 SERIES,DB-93-3 IN-N,Exposed Parts (Wall Flange & Handle) LAGUNA 93,,2070,
C.P. 9000 SERIES,9393-ON-OFF-N,Single Lever 3 In Let Concealed Diverter Bath & Shower 46mm (ON-OFF) LAGUNA 93,,7050,
C.P. 9000 SERIES,DB-93-3 IN-ON-OFF-N,Exposed Parts (Wall Flange & Handle) LAGUNA 93,,2310,
C.P. 9000 SERIES,BD-40,"EUROPA 90 Single Lever Basin Mixer Wall Mount (Body, Cartridge, Sleeve & Nipple)",,3680,
C.P. 9000 SERIES,PD-40-N,"EUROPA 90 Concealed Diverter Body 40mm (Cartridge, Sleeve, Tipton Assembly)",,4240,
C.P. 9000 SERIES,PD-46-H-N,"EUROPA 90 High Flow Concealed Diverter Body 46mm (Cartridge, Sleeve, Tipton Assembly)",,4980,
C.P. 9000 SERIES,PD-46-H-ON-OFF-N,"EUROPA 90 High Flow Concealed Diverter Body 46mm (Cartridge, Sleeve, On-Off Assembly)",,4740,
C.P. 9000 SERIES,PD-3 IN-N,"EUROPA 90 3 In Let Concealed Diverter Body 46mm (Cartridge, Sleeve, Tipton Assembly)",,4980,
C.P. 9000 SERIES,PD-3 IN-ON-OFF-N,"EUROPA 90 3 In Let Concealed Diverter Body 46mm (Cartridge, Sleeve, On-Off Assembly)",,4740,
CISTERNS & SEAT COVERS,4045,CONCEALED CISTERN ACTUATOR KNOB ROUND TYPE GLOSS FINISHED,,1730,
CISTERNS & SEAT COVERS,4044,CONCEALED CISTERN ACTUATOR KNOB SQUARE TYPE GLOSS FINISHED,,1730,
CISTERNS & SEAT COVERS,4043,CONCEALED CISTERN TWIN FLUSH CONCEALED CISTERN WITHOUT TAP PUSH KNOB ( SUITABLE FOR ALL WALL HUNG WCS ),,4290,
CISTERNS & SEAT COVERS,701 N,CISTERNS & SEAT COVERS GALA FLUSH CISTERN WITH CENTER PUSH,,1490,
CISTERNS & SEAT COVERS,503 N,CISTERNS & SEAT COVERS GLECY FLUSH CISTERN WITH CENTER PUSH,,1710,
CISTERNS & SEAT COVERS,501 N,CISTERN AQUIFER FLUSH CISTERN WITH CENTER PUSH,,1710,
CISTERNS & SEAT COVERS,708,CISTERNS Stella Single Flush Cistern (10Ltr.),,1590,
CISTERNS & SEAT COVERS,706,CISTERNS Iris Single Flush Cistern (10Ltr.),,1590,
CISTERNS & SEAT COVERS,705,CISTERNS Cairo Dual Flush Cistern (10Ltr.),,1930,
CISTERNS & SEAT COVERS,704,CISTERNS Divine Single Flush Cistern (10Ltr.),,1390,
CISTERNS & SEAT COVERS,507,Urbona Single Flush Cistern (3/6 Ltr.),,1510,
CISTERNS & SEAT COVERS,CB-02,CISTERNS & SEAT COVERS ACCESSORIES CISTERN LONG BEND 2PC PACK,,246,
CISTERNS & SEAT COVERS,515,TOILET SEAT COVERS WAVES ISI,,868,
CISTERNS & SEAT COVERS,SB-01,CISTERNS & SEAT COVERS ACCESSORIES CISTERN SHORT BEND,,194,
CISTERNS & SEAT COVERS,LB-01,CISTERNS & SEAT COVERS ACCESSORIES CISTERN LONG BEND,,236,
CISTERNS & SEAT COVERS,SP-02,CISTERNS & SEAT COVERS ACCESSORIES SYPHON SINGLE FLUSH,,348,
CISTERNS & SEAT COVERS,722,MUTE SOFT CLOSE M-PULSE,,960,
CISTERNS & SEAT COVERS,725,MUTE SOFT CLOSE M-CASCADE,,960,
CISTERNS & SEAT COVERS,724,MUTE SOFT CLOSE M-PREMIUM,,960,
CISTERNS & SEAT COVERS,723,MUTE SERIES-SOFT CLOSE M-GOLD,,960,
CISTERNS & SEAT COVERS,721,TOILET SEAT COVERS SAGA,,622,
CISTERNS & SEAT COVERS,517,TOILET SEAT COVERS ANGLO INDIAN,,934,
CISTERNS & SEAT COVERS,516,TOILET SEAT COVERS VINTAGE,,786,
CISTERNS & SEAT COVERS,514,TOILET SEAT COVERS ROYAL JET W/O PIPE,,860,
CISTERNS & SEAT COVERS,513,TOILET SEAT COVERS STANDARD,,732,
CISTERNS & SEAT COVERS,512,TOILET SEAT COVERS ULTRA CASCADE,,832,
CISTERNS & SEAT COVERS,511,TOILET SEAT COVERS COSMO,,674,
CISTERNS & SEAT COVERS,508,CISTERNS & SEAT COVERS URBONA DUAL FLUSH CISTERN (3/6 LTR.) ISI,,1880,
CISTERNS & SEAT COVERS,703,CISTERNS & SEAT COVERS MACASA DUAL FLUSH CISTERN 10LTR,,1870,
CISTERNS & SEAT COVERS,702,CISTERNS & SEAT COVERS MACASA SINGLE FLUSH CISTERN,,1420,
CISTERNS & SEAT COVERS,701,CISTERNS & SEAT COVERS GRACIA FLUSH CISTERN 10LTR,,1450,
CISTERNS & SEAT COVERS,506,CISTERNS & SEAT COVERS ELANTRA DUAL FLUSH CISTERN 3/6LTR,,1930,
CISTERNS & SEAT COVERS,504,CISTERNS & SEAT COVERS VINTAGE SINGLE FLUSH CISTERN 5-10LTR,,1870,
CISTERNS & SEAT COVERS,503,CISTERNS & SEAT COVERS VINTAGE SINGLE FLUSH CISTERN,,1610,
CISTERNS & SEAT COVERS,502,CISTERNS & SEAT COVERS DUO FLUSH CISTERN 10LTR,,1920,
CISTERNS & SEAT COVERS,501S,CISTERNS & SEAT COVERS SAGA FLUSH CISTERN,,1670,
CISTERNS & SEAT COVERS,501,CISTERNS & SEAT COVERS SMART FLUSH CISTERN,,1650,
CISTERNS & SEAT COVERS,518,Restrooms EWC Indian (without Seat Cover) 475 x 350 x 390 mm Glaze EWC S Concealed Toilet Seat Cover,,990,
CISTERNS & SEAT COVERS,CH-01,CISTERNS & SEAT COVERS ACCESSORIES CISTERN HANDLE LEVER,WHITE,82,
CISTERNS & SEAT COVERS,DF-01,CISTERNS & SEAT COVERS ACCESSORIES SYMPHON DUAL FLUSH,WHITE,836,
CISTERNS & SEAT COVERS,DB-04,CISTERNS & SEAT COVERS ACCESSORIES BALL COCK,WHITE,74,
CISTERNS & SEAT COVERS,DB-02,CISTERNS & SEAT COVERS ACCESSORIES BALL COCK + BALL ISI,WHITE,256,
CISTERNS & SEAT COVERS,DB-01,CISTERNS & SEAT COVERS ACCESSORIES DUAL PUSH BUTTON,WHITE,184,
CISTERNS & SEAT COVERS,CS-01,CISTERNS & SEAT COVERS ACCESSORIES CISTERN HANDLE,WHITE,82,
CISTERNS & SEAT COVERS,CF-03,CISTERNS & SEAT COVERS ACCESSORIES COMP INTERNAL FITTING FOR DUAL FLUSH CISTERN,WHITE,1102,
CISTERNS & SEAT COVERS,CF-01,CISTERNS & SEAT COVERS ACCESSORIES COMP INTERNAL FITTING FOR SINGLE FLUSH CISTERN,WHITE,756,
CISTERNS & SEAT COVERS,514-T,Royal Jet with Pipe,,908,
CISTERNS & SEAT COVERS,SF-01,Complete Internal Fitting for Single Piece - Premium,,1388,
CISTERNS & SEAT COVERS,SF-02,Complete Internal Fitting for Single Piece - Standard,,980,
CISTERNS & SEAT COVERS,516-S,Deluxe Vintage,,786,
CISTERNS & SEAT COVERS,DB-02 L,Cistern's & Seat Cover's Accessories Ball Cock+Ball (ISI),,256,
CISTERNS & SEAT COVERS,410,Soft Close Seat Cover for One Piece Closet – All,,1840,
CISTERNS & SEAT COVERS,411,Soft Close Seat Cover for Wall Hung Closet – All,,1740,
CISTERNS & SEAT COVERS,412,Soft Close Seat Cover for Cat No.- 4530,,1160,
COCKROACH TRAPS & GRATINGS,FT-42,FLOOR TRAPS FLOOR TRAP ( 127 X 127 MM ),,578,
COCKROACH TRAPS & GRATINGS,FT-64,"GRATING FLAT ROUND GRATING 5"" ( 127 MM )",,184,
COCKROACH TRAPS & GRATINGS,FT-54 M,"GRATING FLAT ROUND VERTICAL GRATING 6"" 150 X 150 MM )",,322,
COCKROACH TRAPS & GRATINGS,FT-54,"GRATING FLAT ROUND VERTICAL GRATING 6"" 150 X 150 MM )",,322,
COCKROACH TRAPS & GRATINGS,FT-53 M,"GRATING FLAT ROUND VERTICAL GRATING 5"" 125 X 125 MM )",,294,
COCKROACH TRAPS & GRATINGS,FT-53,"GRATING FLAT ROUND VERTICAL GRATING 5"" 125 X 125 MM )",,294,
COCKROACH TRAPS & GRATINGS,FT-52 M,"GRATING FLAT ROUND VERTICAL GRATING 4"" 100 X 100 MM",,254,
COCKROACH TRAPS & GRATINGS,FT-52,"GRATING FLAT ROUND VERTICAL GRATING 4"" 100 X 100 MM",,254,
COCKROACH TRAPS & GRATINGS,FT-65 M,"GRATING FLAT ROUND GRATING 5"" ( 127 MM ) WITH WASTE HOLE",,184,
COCKROACH TRAPS & GRATINGS,FT-64 M,"GRATING FLAT ROUND GRATING 5"" ( 127 MM )",,184,
COCKROACH TRAPS & GRATINGS,FT-65,"GRATING 5"" ( 127 MM ) WITH WASTE HOLE",,184,
COCKROACH TRAPS & GRATINGS,FT-63 M,"GRATING FLAT ROUND GRATING 4"" ( 102 MM ) WITH WASTE HOLE",,164,
COCKROACH TRAPS & GRATINGS,FT-63,"GRATING FLAT ROUND GRATING 4"" ( 102 MM ) WITH WASTE HOLE",,164,
COCKROACH TRAPS & GRATINGS,FT-62 M,"GRATING FLAT ROUND GRATING 4"" ( 102 MM )",,164,
COCKROACH TRAPS & GRATINGS,FT-62,"GRATING FLAT ROUND GRATING 4"" ( 102 MM )",,164,
COCKROACH TRAPS & GRATINGS,FT-61 M,"GRATING FLAT ROUND GRATING 3"" ( 80MM )",,142,
COCKROACH TRAPS & GRATINGS,FT-61,"GRATING FLAT ROUND GRATING 3"" ( 80MM )",,142,
COCKROACH TRAPS & GRATINGS,FT-08 M,"FLOOR TRAPS FLOOR TRAP 5"" ( 127 MM ) WITH WASTE HOLE",,142,
COCKROACH TRAPS & GRATINGS,FT-08,"FLOOR TRAPS FLOOR TRAP 5"" ( 127 MM ) WITH WASTE HOLE",,142,
COCKROACH TRAPS & GRATINGS,FT-07 M,"FLOOR TRAPS FLOOR TRAP 5"" ( 127 MM )",,142,
COCKROACH TRAPS & GRATINGS,FT-07,"FLOOR TRAPS FLOOR TRAP 5"" ( 127 MM )",,142,
COCKROACH TRAPS & GRATINGS,FT-06 M,"FLOOR TRAPS FLORR TRAP 4 1/2"" ( 114 MM ) WITH WASTE HOLE",,112,
COCKROACH TRAPS & GRATINGS,FT-06,"FLOOR TRAPS FLORR TRAP 4 1/2"" ( 114 MM ) WITH WASTE HOLE",,112,
COCKROACH TRAPS & GRATINGS,FT-05 M,"FLOOR TRAPS FLORR TRAP 4 1/2"" ( 114 MM )",,112,
COCKROACH TRAPS & GRATINGS,FT-05,"FLOOR TRAPS FLORR TRAP 4 1/2"" ( 114 MM )",,112,
COCKROACH TRAPS & GRATINGS,FT-04 M,"FLOOR TRAPS FLOOR TRAP 4"" ( 102 MM ) WITH WASTE HOLE",,96,
COCKROACH TRAPS & GRATINGS,FT-04,"FLOOR TRAPS FLOOR TRAP 4"" ( 102 MM ) WITH WASTE HOLE",,96,
COCKROACH TRAPS & GRATINGS,FT-03 M,"FLOOR TRAPS FLOOR TRAP 4"" ( 102 MM )",,96,
COCKROACH TRAPS & GRATINGS,FT-03,"FLOOR TRAPS FLOOR TRAP 4"" ( 102 MM )",,96,
COCKROACH TRAPS & GRATINGS,FT-02 M,"FLOOR TRAPS FLOOR TRAP 3"" ( 80 MM )",,74,
COCKROACH TRAPS & GRATINGS,FT-02,"FLOOR TRAPS FLOOR TRAP 3"" ( 80 MM )",,74,
COCKROACH TRAPS & GRATINGS,FT-45 M,FLOOR TRAPS SQUARE TRAP ( 150 X 150 MM ),,448,
COCKROACH TRAPS & GRATINGS,FT-45,FLOOR TRAPS SQUARE TRAP ( 150 X 150 MM ),,448,
COCKROACH TRAPS & GRATINGS,FT-79 M,FLOOR TRAPS SQUARE TRAP ( 5 MM BORDER)(150X150MM ) WITH WASTE HOLE,,394,
COCKROACH TRAPS & GRATINGS,FT-79,FLOOR TRAPS SQUARE TRAP ( 5 MM BORDER)(150X150MM ) WITH WASTE HOLE,,394,
COCKROACH TRAPS & GRATINGS,FT-78 M,FLOOR TRAPS SQUARE TRAP ( 5 MM BORDER )(150X150MM),,394,
COCKROACH TRAPS & GRATINGS,FT-78,SQUARE TRAP ( 5 MM BORDER )(150X150MM),,394,
COCKROACH TRAPS & GRATINGS,FT-77 M,FLOOR TRAPS SQUARE TRAP ( FLAT BORDER ) (150 X 150MM ) WITH WASTE HOLE,,352,
COCKROACH TRAPS & GRATINGS,FT-77,FLOOR TRAPS SQUARE TRAP ( FLAT BORDER ) (150 X 150MM ) WITH WASTE HOLE,,352,
COCKROACH TRAPS & GRATINGS,FT-76 M,FLOOR TRAPS SQUARE TRAP ( FLAT BORDER ) (150 X 150MM ) SQUARE TRAP ( FLAT BORDER ( 150 X 150 MM ),,352,
COCKROACH TRAPS & GRATINGS,FT-76,FLOOR TRAPS SQUARE TRAP ( FLAT BORDER ) (150 X 150MM ) SQUARE TRAP ( FLAT BORDER ( 150 X 150 MM ),,352,
COCKROACH TRAPS & GRATINGS,FT-75 M,FLOOR TRAPS SQUARE TRAP ( 127 X 127 MM ) WITH WASTE HOLE,,322,
COCKROACH TRAPS & GRATINGS,FT-75,FLOOR TRAPS SQUARE TRAP ( 127 X 127 MM ) WITH WASTE HOLE,,322,
COCKROACH TRAPS & GRATINGS,FT-74 M,FLOOR TRAPS SQUARE TRAP ( 127 X 127 MM ),,322,
COCKROACH TRAPS & GRATINGS,FT-74,FLOOR TRAPS SQUARE TRAP ( 127 X 127 MM ),,322,
COCKROACH TRAPS & GRATINGS,FT-73 M,FLOOR TRAPS SQUARE TRAP ( 101 X 101 MM ),,254,
COCKROACH TRAPS & GRATINGS,FT-73,FLOOR TRAPS SQUARE TRAP ( 101 X 101 MM ),,254,
COCKROACH TRAPS & GRATINGS,FT-72 M,"FLOOR TRAPS ROUND TRAP 5""( 127 MM ) WITH WASTE HOLE",,282,
COCKROACH TRAPS & GRATINGS,FT-72,"FLOOR TRAPS ROUND TRAP 5""( 127 MM ) WITH WASTE HOLE",,282,
COCKROACH TRAPS & GRATINGS,FT-71,"FLOOR TRAPS ROUND TRAP 5""( 127 MM )",,282,
COCKROACH TRAPS & GRATINGS,FT-70,"FLOOR TRAPS COKROACH TRAP 4""( 101 MM )",,232,
COCKROACH TRAPS & GRATINGS,FT-32,COCKROACH TRAP  SQUARE TRAP ( 150 X 150 MM ) WITH 5 MM BORDER WITH WASTE HOLE,,688,
COCKROACH TRAPS & GRATINGS,FT-31,COCKROACH TRAP  SQUARE TRAP ( 150 X 150 MM ) WITH 5 MM BORDER,,688,
COCKROACH TRAPS & GRATINGS,FT-30,COCKROACH TRAP  COCKROACH TRAP ( 150 X 150 MM ) WITH WASTE HOLE/ FLAT BORDER,,626,
COCKROACH TRAPS & GRATINGS,FT-29,COCKROACH TRAP  COCKROACH TRAP ( 150 X 150 MM )WITH WASTE HOLE,,626,
COCKROACH TRAPS & GRATINGS,FT-28,COCKROACH TRAP COCKROACH TRAP ROUND ( DIA 127 MM ) WITH WASTE HOLE,,504,
COCKROACH TRAPS & GRATINGS,FT-27,COCKROACH TRAP COCKROACH TRAP ROUND ( DIA 127 MM ),,504,
COCKROACH TRAPS & GRATINGS,FT-25,COCKROACH TRAP  COCKROACH TRAP ( 127 X 127 MM ) WITH WASTE HOLE,,536,
COCKROACH TRAPS & GRATINGS,FT-24,COCKROACH TRAP  COCKROACH TRAP ( 127 X 127 MM ),,536,
COCKROACH TRAPS & GRATINGS,FT-23,COCKROACH TRAP COCKROACH TRAP ( 101 X 101 MM ) WITH WASTE HOLE,,448,
COCKROACH TRAPS & GRATINGS,FT-22,COCKROACH TRAP COCKROACH TRAP ROUND ( DIA 101 MM ) WITH WASTE HOLE,,414,
COCKROACH TRAPS & GRATINGS,FT-21,COCKROACH TRAP  COCKROACH TRAP ( 101 X 101 MM ),,448,
COCKROACH TRAPS & GRATINGS,FT-20,COCKROACH TRAP COCKROACH TRAP ROUND ( DIA 101 MM ),,414,
COCKROACH TRAPS & GRATINGS,FT-20 M,COCKROACH TRAP AISI -304 (SINGLE PIECE IN A BOX) Cockroach Trap- Round (DIA 101mm),,414,
COCKROACH TRAPS & GRATINGS,FT-21 M,COCKROACH TRAP AISI -304 (SINGLE PIECE IN A BOX) Cockroach Trap - 101 X 101mm,,448,
COCKROACH TRAPS & GRATINGS,FT-22 M,COCKROACH TRAP AISI -304 (SINGLE PIECE IN A BOX) Cockroach Trap Round ( DIA 101mm ) With Waste Hole,,414,
COCKROACH TRAPS & GRATINGS,FT-23 M,COCKROACH TRAP AISI -304 (SINGLE PIECE IN A BOX) Cockroach Trap - 101 X 101mm With Waste Hole,,448,
COCKROACH TRAPS & GRATINGS,FT-24 M,COCKROACH TRAP AISI -304 (SINGLE PIECE IN A BOX) Cockroach Trap -127 X127mm,,536,
COCKROACH TRAPS & GRATINGS,FT-25 M,COCKROACH TRAP AISI -304 (SINGLE PIECE IN A BOX) Cockroach Trap -127 X127mm With Waste Hole,,536,
COCKROACH TRAPS & GRATINGS,FT-27 M,COCKROACH TRAP AISI -304 (SINGLE PIECE IN A BOX) Cockroach Trap Round ( DIA 127mm),,504,
COCKROACH TRAPS & GRATINGS,FT-28 M,COCKROACH TRAP AISI -304 (SINGLE PIECE IN A BOX) Cockroach Trap Round ( DIA 127mm) With Waste Hole,,504,
COCKROACH TRAPS & GRATINGS,FT-29 M,COCKROACH TRAP AISI -304 (SINGLE PIECE IN A BOX) Cockroach Trap - 150 X 150mm With Flat Border,,626,
COCKROACH TRAPS & GRATINGS,FT-30 M,COCKROACH TRAP AISI -304 (SINGLE PIECE IN A BOX) Cockroach Trap 150 X 150mm With Waste Hole/Flat Border,,626,
COCKROACH TRAPS & GRATINGS,FT-31 M,COCKROACH TRAP AISI -304 (SINGLE PIECE IN A BOX) Square Trap - 150 X 150mm With 5mm Border,,688,
COCKROACH TRAPS & GRATINGS,FT-32 M,COCKROACH TRAP AISI -304 (SINGLE PIECE IN A BOX) Square Trap - 150 X 150mm With 5mm Border & Waste Hole,,688,
COCKROACH TRAPS & GRATINGS,FT-70 M,"FLOOR TRAPS Cockroach Trap - 4"" (101mm)",,232,
COCKROACH TRAPS & GRATINGS,FT-71 M,"FLOOR TRAPS Round Trap - 5"" ( 127mm)",,282,
CPVC DURALIFE,SL-02,SINGLE LEVER CONCALED DIVERTER,,1460,
CPVC DURALIFE,SL-01,SINGLE LEVER CONCALED DIVERTER,,2200,
CPVC DURALIFE,C23,"BALL VALVE 25MM 1""",,328,
CPVC DURALIFE,S7,SOLVENT 32 OZ/ 946 MI TINS,,888,
CPVC DURALIFE,S6,SOLVENT 16OZ/473 MI TINS,,546,
CPVC DURALIFE,S5,SOLVENT 08 OZ/237 MI TINS,,296,
CPVC DURALIFE,S4,SOLVENT 04 OZ/118 MI TINS,,178,
CPVC DURALIFE,S3,Solvent 59 ML/Tin,,108,
CPVC DURALIFE,PC-36,"PIPE CLAMP ( ZINC PLATED ) 50 2""",,26.8,
CPVC DURALIFE,PC-35,"PIPE CLAMP ( ZINC PLATED ) 40 1-1/2""",,23.8,
CPVC DURALIFE,PC-34,"PIPE CLAMP ( ZINC PLATED ) 32 1-1/4""",,18.9,
CPVC DURALIFE,PC-33,"PIPE CLAMP ( ZINC PLATED ) 25 1""",,16.9,
CPVC DURALIFE,PC-32,"PIPE CLAMP ( ZINC PLATED ) 20 3/4""",,13.9,
CPVC DURALIFE,PC-31,"PIPE CLAMP ( ZINC PLATED ) 15 1/2""",,12.9,
CPVC DURALIFE,CH26,"CPVC BALL VALVE HANDLE 50 2""",,108,
CPVC DURALIFE,CH25,"CPVC BALL VALVE HANDLE 40 1-1/2""",,72,
CPVC DURALIFE,CH24,"CPVC BALL VALVE HANDLE 32 1-1/4""",,58,
CPVC DURALIFE,CH23,"CPVC BALL VALVE HANDLE 25 1""",,34,
CPVC DURALIFE,CH22,"CPVC BALL VALVE HANDLE 20 3/4""",,24,
CPVC DURALIFE,C15,"Step Over Bend 40MM 11/2""",,544,
CPVC DURALIFE,C14,"STEP OVER BENDD 1-1/4""",,278,
CPVC DURALIFE,C13,"STEP OVER BEND 25 1""",,136,
CPVC DURALIFE,C12,"STEP OVER BEND 20 3/4""",,92.8,
CPVC DURALIFE,C940,"REDUCER BRASS COUPLING 25X20 1"" X 3/4 """,,168,
CPVC DURALIFE,C930,"REDUCER BRASS COUPLING 25X15 1"" x 1/2""",,148,
CPVC DURALIFE,C920,"REDUCER BRASS COUPLING 20 X 15 3/4"" X 1/2""",,116,
CPVC DURALIFE,C344,"RED BRASS TEE 32x32x32 1-1/4""x1-1/4""x1-1/4""",,398,
CPVC DURALIFE,C342,"RED BRASS TEE 32X15x32 1-1/4""X1/2""X1-1/4""",,218,
CPVC DURALIFE,C333,"RED BRASS TEE 20X20x20 3/4""X3/4""X3/4""",,178,
CPVC DURALIFE,C323,"RED BRASS TEE 25X15x25 1""x1/2""x1""",,178,
CPVC DURALIFE,C322,"RED BRASS TEE 20X15x20 3/4"" x 1/2"" x 3/4",,114,
CPVC DURALIFE,C321,"RED BRASS TEE 15 x 15x15 1/2""x1/2""x 1/2""",,116,
CPVC DURALIFE,C86,"FEMALE ADAPTER(BRASS THREADS) 50 2""",,2046,
CPVC DURALIFE,C85,"FEMALE ADAPTER(BRASS THREADS) 40 1-1/2""",,1074,
CPVC DURALIFE,C84,"FEMALE ADAPTER(BRASS THREADS) 32 1-1/4""",,954,
CPVC DURALIFE,C83,"FEMALE ADAPTER(BRASS THREADS) 25 1""",,528,
CPVC DURALIFE,C82,"FEMALE ADAPTER(BRASS THREADS) 20 3/4""",,276,
CPVC DURALIFE,C732,"MALE ADAPTER( BRASS THREADS ) 25X20 1""X3/4""",,288,
CPVC DURALIFE,C731,"MALE ADAPTER( BRASS THREADS ) 25X15 1""X1/2""",,278,
CPVC DURALIFE,C76,"MALE ADAPTER( BRASS THREADS ) 50 2""",,2080,
CPVC DURALIFE,C75,"MALE ADAPTER( BRASS THREADS ) 40 1-1/2""",,1188,
CPVC DURALIFE,C74,"MALE ADAPTER( BRASS THREADS ) 32 1-1/4""",,898,
CPVC DURALIFE,C73,"MALE ADAPTER( BRASS THREADS ) 25 1""",,412,
CPVC DURALIFE,C72,"MALE ADAPTER( BRASS THREADS ) 20 3/4""",,278,
CPVC DURALIFE,C71,"MALE ADAPTER( BRASS THREADS ) 20X15 3/4"" X 1/2""",,189,
CPVC DURALIFE,C109,"MALE ADAPTER(PLASTIC THREADS) 100 4""",,1079.2,
CPVC DURALIFE,C108,"MALE ADAPTER(PLASTIC THREADS) 80 3""",,568.1,
CPVC DURALIFE,C107,"MALE ADAPTER(PLASTIC THREADS) 65 2-1/2""",,414.2,
CPVC DURALIFE,C132,"MALE ADAPTER(PLASTIC THREADS) 25X20 1""X3/4""",,41.8,
CPVC DURALIFE,C131,"MALE ADAPTER(PLASTIC THREADS) 25X15 1""X1/2""",,56.8,
CPVC DURALIFE,C106,"MALE ADAPTER(PLASTIC THREADS) 50 2""",,169,
CPVC DURALIFE,C105,"MALE ADAPTER(PLASTIC THREADS) 40 1-1/2""",,91.6,
CPVC DURALIFE,C104,"MALE ADAPTER(PLASTIC THREADS) 32 1-1/4""",,54.2,
CPVC DURALIFE,C103,"MALE ADAPTER(PLASTIC THREADS) 25 1""",,36.5,
CPVC DURALIFE,C102,"MALE ADAPTER(PLASTIC THREADS) 20 3/4""",,23.6,
CPVC DURALIFE,C101,"MALE ADAPTER(PLASTIC THREADS) 20X15 3/4"" X 1/2""",,32.3,
CPVC DURALIFE,C898,"Reducer Bushing Sch 80 100 x 65MM 4"" x 2 1/2""",,980,
CPVC DURALIFE,C897,"REDUCER BUSHING 100x80 4"" X 3""",,936,
CPVC DURALIFE,C896,"REDUCER BUSHING 100x50 4"" X 2""",,1180,
CPVC DURALIFE,C887,"Reducer Bushing Sch 80 80 x 64MM 3"" x 21/2""",,528,
CPVC DURALIFE,C886,"REDUCER BUSHING 80x50 3"" X 2""",,698,
CPVC DURALIFE,C876,"REDUCER BUSHING 65x50 2-1/2"" X 2""",,348,
CPVC DURALIFE,C875,"REDUCER BUSHING 65x40 2-1/2"" X 1-1/2""",,348,
CPVC DURALIFE,C865,"REDUCER BUSHING 50X40 2"" X 1-1/2""",,106,
CPVC DURALIFE,C864,"REDUCER BUSHING 50X32 2"" X 1-1/4""",,128,
CPVC DURALIFE,C863,"REDUCER BUSHING 50X25 2"" X 1""",,118,
CPVC DURALIFE,C862,"REDUCER BUSHING 50X20 2"" X 3/4""",,118,
CPVC DURALIFE,C854,"REDUCER BUSHING 40X32 1-1/2"" X 1-1/4""",,44.4,
CPVC DURALIFE,C853,"REDUCER BUSHING 40X25 1-1/2"" X 1""",,59.4,
CPVC DURALIFE,C852,"REDUCER BUSHING 40X20 1-1/2"" X 3/4""",,59.2,
CPVC DURALIFE,C851,"REDUCER BUSHING 40X15 1-1/2"" X 1/2""",,79.4,
CPVC DURALIFE,C843,"REDUCER BUSHING 32X25 1-1/4"" X 1""",,34.4,
CPVC DURALIFE,C842,"REDUCER BUSHING 32X20 1-1/4"" X 3/4""",,38.4,
CPVC DURALIFE,C841,"REDUCER BUSHING 32X15 1-1/4"" X 1/2""",,48.4,
CPVC DURALIFE,C832,"REDUCER BUSHING 25X20 1"" X 3/4""",,19.4,
CPVC DURALIFE,C49N,"COUPLING (SCH-40) 6""",,2170,
CPVC DURALIFE,C49,"COUPLING 100 4""",,1348,
CPVC DURALIFE,C48,"COUPLING 80 3""",,892,
CPVC DURALIFE,C47,"COUPLING 65 2-1/2""",,618,
CPVC DURALIFE,C46,"COUPLING 50 2""",,218,
CPVC DURALIFE,C45,"COUPLING 40 1-1/2""",,99.8,
CPVC DURALIFE,C44,"COUPLING 32 1-1/4""",,56.6,
CPVC DURALIFE,C43,"COUPLING 25 1""",,28.4,
CPVC DURALIFE,C42,"COUPLING 20 3/4""",,17.4,
CPVC DURALIFE,C41,"COUPLING 15 1/2""",,14.8,
CPVC DURALIFE,C39,"UNION 4""",,2990,
CPVC DURALIFE,C38,"UNION 3""",,1780,
CPVC DURALIFE,C37,"UNION 2-1/2""",,1184,
CPVC DURALIFE,C36,"UNION 50 2""",,548,
CPVC DURALIFE,C35,"UNION 40 1-1/2""",,308,
CPVC DURALIFE,C34,"UNION 32 1-1/4""",,188,
CPVC DURALIFE,C33,"UNION 25 1""",,116,
CPVC DURALIFE,C32,"UNION 20 3/4""",,94,
CPVC DURALIFE,C506,"ELBOW 45 50 2""",,334,
CPVC DURALIFE,C505,"ELBOW 45 40 1-1/2""",,158,
CPVC DURALIFE,C504,"ELBOW 45 32 1-1/4""",,106,
CPVC DURALIFE,C503,"ELBOW 45 25 1""",,48.8,
CPVC DURALIFE,C502,"ELBOW 45 20 3/4""",,27.8,
CPVC DURALIFE,C532,"REDUCER ELBOW 25X20 1"" x 3/4""",,78,
CPVC DURALIFE,C50,"REDUCER ELBOW 20X15 3/4"" X 1/2""",,29.8,
CPVC DURALIFE,C59N,"ELBOW 90 ( SCH - 40 )160,6""",,3580,
CPVC DURALIFE,C59,"ELBOW 90 100 4""",,2288,
CPVC DURALIFE,C58,"ELBOW 90 80 3""",,1368,
CPVC DURALIFE,C57,"ELBOW 90 (SCH-80) 2-1/2""",,898,
CPVC DURALIFE,C56,"ELBOW 90 50 2""",,338,
CPVC DURALIFE,C55,"ELBOW 90 40 1-1/2""",,164.4,
CPVC DURALIFE,C54,"ELBOW 90 32 1-1/4""",,89.9,
CPVC DURALIFE,C53,"ELBOW 90 25 1""",,39.8,
CPVC DURALIFE,C52,"ELBOW 90 20 3/4""",,19.9,
CPVC DURALIFE,C51,"ELBOW 90 15 1/2""",,16.8,
CPVC DURALIFE,CH72F,"FULL TURN CONCEALED VALVE (3/4"") TRIANGULAR",,1080,
CPVC DURALIFE,CH74F,"FULL TURN CONCEALED VALVE (3/4"") GRACIA",,1080,
CPVC DURALIFE,CH76F,"FULL TURN CONCEALED VALVE (3/4"") MACASA",,1080,
CPVC DURALIFE,CH78F,"FULL TURN CONCEALED VALVE (3/4"") URBONA",,1080,
CPVC DURALIFE,CH79F,"FULL TURN CONCEALED VALVE (3/4"") SAGA",,1080,
CPVC DURALIFE,CH80F,"FULL TURN CONCEALED VALVE (3/4"") VIVA",,1080,
CPVC DURALIFE,CH72,"LONG CONCEALED VALVE 3/4"" (QUARTER TURN) TRIANGULAR",,1080,
CPVC DURALIFE,CH74,"LLONG CONCEALED VALVE 3/4"" (QUARTER TURN) GRACIA",,1160,
CPVC DURALIFE,CH76,"LONG CONCEALED VALVE 3/4"" (QUARTER TURN) MACASA",,1140,
CPVC DURALIFE,CH78,"LONG CONCEALED VALVE 3/4"" (QUARTER TURN) URBONA",,1140,
CPVC DURALIFE,CH79,"LONG CONCEALED VALVE 3/4"" (QUARTER TURN) SAGA",,1080,
CPVC DURALIFE,CH80,"LONG CONCEALED VALVE 3/4"" (QUARTER TURN) viva",,1080,
CPVC DURALIFE,PC-26,"PIPE CLAMP ( HEAVY SADDLE WITH POWDER COATING ) 50 2""",,23.8,
CPVC DURALIFE,PC-25,"PIPE CLAMP ( HEAVY SADDLE WITH POWDER COATING ) 40 1-1/2""",,15.9,
CPVC DURALIFE,PC-24,"PIPE CLAMP ( HEAVY SADDLE WITH POWDER COATING ) 32 1-1/4""",,14.9,
CPVC DURALIFE,PC-23,"PIPE CLAMP ( HEAVY SADDLE WITH POWDER COATING ) 25 1""",,13.9,
CPVC DURALIFE,PC-22,"PIPE CLAMP ( HEAVY SADDLE WITH POWDER COATING ) 20 3/4""",,11.9,
CPVC DURALIFE,PC-21,"PIPE CLAMP ( HEAVY SADDLE WITH POWDER COATING ) 15 1/2""",,10.4,
CPVC DURALIFE,PC3,"PIPE CLAMP 25 1""",,5.6,
CPVC DURALIFE,PC2,"PIPE CLAMP 20 3/4""",,4.6,
CPVC DURALIFE,PC1,"PIPE CLAMP 15 1/2""",,4.2,
CPVC DURALIFE,CF-14,"FLANGE 4""",,2480,
CPVC DURALIFE,CF-13,"FLANGE 3""",,1660,
CPVC DURALIFE,CF-12,"FLANGE 2-1/2""",,1280,
CPVC DURALIFE,PP2,"END PLUG 20 3/4""",,9.8,
CPVC DURALIFE,PP1,"END PLUG 15 1/2""",,8.2,
CPVC DURALIFE,CM26,"BRASS ELBOW KITHCHEN MIXER 20x15 3/4"" X 1/2""",,444,
CPVC DURALIFE,CM35,"Brass Elbow 3 in 1 Mixer 25 x 15MM 1"" x1/2""",,618,
CPVC DURALIFE,CM34,"Brass Elbow 3 in 1 Mixer 25 x 15MM 1"" x1/2""",,618,
CPVC DURALIFE,CM33,"Brass Elbow 3 in 1 Mixer 25 x 15MM 1"" x1/2""",,618,
CPVC DURALIFE,CM32,"Brass Elbow 3 in 1 Mixer 25 x 15MM 1"" x1/2""",,618,
CPVC DURALIFE,CM31,"Brass Elbow 3 in 1 Mixer 25 x 15MM 1"" x1/2""",,618,
CPVC DURALIFE,CM25,"BRASS ELBOW 3 IN 1 MIXER 20x15 3/4"" X 1/2""",,548,
CPVC DURALIFE,CM24,"BRASS ELBOW 3 IN 1 MIXER 20x15 3/4"" X 1/2""",,548,
CPVC DURALIFE,CM23,"BRASS ELBOW 3 IN 1 MIXER 20x15 3/4"" X 1/2""",,548,
CPVC DURALIFE,CM22,"BRASS ELBOW 3 IN 1 MIXER 20x15 3/4"" X 1/2""",,548,
CPVC DURALIFE,CM21,"BRASS ELBOW 3 IN 1 MIXER 20x15 3/4"" X 1/2""",,548,
CPVC DURALIFE,C529,"BRASS ELBOW 90 32 1-1/4""",,648,
CPVC DURALIFE,C528,"BRASS ELBOW 90 25X25 1""X1""",,358,
CPVC DURALIFE,C527,"BRASS ELBOW 90 20X20 3/4"" X 3/4""",,184,
CPVC DURALIFE,C526,"BRASS ELBOW 90 15X15 1/2"" X 1/2""",,94,
CPVC DURALIFE,C524,"BRASS ELBOW 90 25X20 1"" x 3/4""",,268,
CPVC DURALIFE,C523,"BRASS ELBOW 90 25X15 1"" x 1/2""",,168,
CPVC DURALIFE,C521,BRASS ELBOW 90 20X15 3/4 X 1/2,,98,
CPVC DURALIFE,C279N,"TANK CONNETOR 100MM 4""",,3780,
CPVC DURALIFE,C278N,"TANK CONNETOR 80MM 3""",,1898,
CPVC DURALIFE,C277N,"TANK CONNETOR 65MM 2-1/2""",,1280,
CPVC DURALIFE,C276N,"TANK CONNECTOR 50 2""",,344,
CPVC DURALIFE,C275N,"TANK CONNECTOR 40 1-1/2""",,198,
CPVC DURALIFE,C274N,"TANK CONNECTOR 32 1-1/4""",,148,
CPVC DURALIFE,C273N,"TANK CONNECTOR 25 1""",,89,
CPVC DURALIFE,C272N,"TANK CONNECTOR 20 3/4""",,62,
CPVC DURALIFE,C276,"TANK NIPPLE 50 2""",,368,
CPVC DURALIFE,C275,"TANK NIPPLE 40 1-1/2""",,244,
CPVC DURALIFE,C274,"TANK NIPPLE 32 1-1/4""",,158,
CPVC DURALIFE,C273,"TANK NIPPLE 25 1""",,98,
CPVC DURALIFE,C272,"TANK NIPPLE 20 3/4""",,74,
CPVC DURALIFE,C330,"CROSS TEE 25 1""",,109,
CPVC DURALIFE,C320,"CROSS TEE 20 3/4""",,66,
CPVC DURALIFE,C99,"FEMALE ADAPTER(PLASTIC THREADS) 100 4""",,1090,
CPVC DURALIFE,C98,"FEMALE ADAPTER(PLASTIC THREADS) 80 3""",,648,
CPVC DURALIFE,C97,"FEMALE ADAPTER(PLASTIC THREADS) 65 2-1/2""",,398,
CPVC DURALIFE,C96,"FEMALE ADAPTER(PLASTIC THREADS) 50 2""",,249,
CPVC DURALIFE,C95,"FEMALE ADAPTER(PLASTIC THREADS) 40 1-1/2""",,158,
CPVC DURALIFE,C94,"FEMALE ADAPTER(PLASTIC THREADS) 32 1-1/4""",,109.8,
CPVC DURALIFE,C93,"FEMALE ADAPTER(PLASTIC THREADS) 25 1""",,46.4,
CPVC DURALIFE,C92,"FEMALE ADAPTER(PLASTIC THREADS) 20 3/4""",,32.9,
CPVC DURALIFE,C91,"FEMALE ADAPTER(PLASTIC THREADS) 25X20 1""X3/4""",,51.8,
CPVC DURALIFE,C90,"FEMALE ADAPTER(PLASTIC THREADS) 20X15 3/4""X1/2""",,37.8,
CPVC DURALIFE,C609,"END CAP 100 4""",,968,
CPVC DURALIFE,C608,"END CAP 80 3""",,588,
CPVC DURALIFE,C607,"END CAP 65 2-1/2""",,398,
CPVC DURALIFE,C606,"END CAP 50 2""",,148,
CPVC DURALIFE,C605,"END CAP 40 1-1/2""",,69.9,
CPVC DURALIFE,C604,"END CAP 32 1-1/4""",,48.4,
CPVC DURALIFE,C603,"END CAP 25 1""",,24.6,
CPVC DURALIFE,C602,"END CAP 20 3/4""",,13.8,
CPVC DURALIFE,C601,"END CAP 15 1/2""",,10.8,
CPVC DURALIFE,C704,"TRANSITION BUSHING 32 1-1/4""",,46.4,
CPVC DURALIFE,C703N,"TRANSITION BUSHING 25 1""",,28.4,
CPVC DURALIFE,C703,"TRANSITION BUSHING 25 1""",,38.8,
CPVC DURALIFE,C702,"TRANSITION BUSHING 20 3/4""",,28.4,
CPVC DURALIFE,C965,"REDUCER COUPLING 50X40 2""X1 1/2""",,248,
CPVC DURALIFE,C964,"REDUCER COUPLING 50X32 2""X1 1/4""",,244,
CPVC DURALIFE,C963,"REDUCER COUPLING 50X25 2""X1""",,244,
CPVC DURALIFE,C962,"REDUCER COUPLING 50X20 2X3/4""",,244,
CPVC DURALIFE,C954,"REDUCER COUPLING 40X32 1 1/2""X1 1/4""",,114,
CPVC DURALIFE,C953,"REDUCER COUPLING 40X25 1 1/2""X1""",,119,
CPVC DURALIFE,C952,"REDUCER COUPLING 40X20 1 1/2""X3/4""",,116,
CPVC DURALIFE,C943,"REDUCER COUPLING 32 X 25 1 1/4"" X 1""",,81.8,
CPVC DURALIFE,C942,"Reducer Coupling 32x20 1 1/4""X3/4""",,79,
CPVC DURALIFE,C932,"REDUCER COUPLING 25 x 20 1"" X 3/4 """,,39,
CPVC DURALIFE,C921,"REDUCER COUPLING 20 X 15 3/4"" X 1/2""",,22,
CPVC DURALIFE,C265,"REDUCER TEE 50X40X50 2""X1 1/2""",,396,
CPVC DURALIFE,C264,"REDUCER TEE 50X32X50 2""X1 1/4""",,396,
CPVC DURALIFE,C263,"REDUCER TEE 50X25X50 2""X1""",,396,
CPVC DURALIFE,C262,"REDUCER TEE 50X20X50 2X3/4""",,396,
CPVC DURALIFE,C254,"REDUCER TEE 40X32X40 1 1/2""X1 1/4""",,228,
CPVC DURALIFE,C253,"REDUCER TEE 40X25x40 1/2"" X 1""x1 1/2""",,218,
CPVC DURALIFE,C252,"REDUCER TEE 40X20X40 1 1/2""X3/4""",,228,
CPVC DURALIFE,C243,"REDUCER TEE 32X25x32 1 1/4"" X 1x1 1/4""",,136,
CPVC DURALIFE,C242,"REDUCER TEE 32X20x32 1 1/4"" X 3/4""x1 1/4""",,168,
CPVC DURALIFE,C232,"REDUCER TEE 25X20x25 1"" X 3/4""x1""",,88,
CPVC DURALIFE,C221,"REDUCER TEE 20X15x20 3/4"" x 1/2""x3/4""",,46,
CPVC DURALIFE,C69N,"TEE (SCH-40) 6""",,5240,
CPVC DURALIFE,C69,"TEE 100 4""",,3240,
CPVC DURALIFE,C68,"TEE 80 3""",,1980,
CPVC DURALIFE,C67,"TEE 65 2-1/2""",,1360,
CPVC DURALIFE,C66,"TEE 50 2""",,418,
CPVC DURALIFE,C65,"TEE 40 1-1/2""",,204,
CPVC DURALIFE,C64,"TEE 32 1-1/4""",,112,
CPVC DURALIFE,C63,"TEE 25 1""",,51.9,
CPVC DURALIFE,C62,"TEE 20 3/4""",,32.4,
CPVC DURALIFE,C61,"TEE 15 1/2""",,23.8,
CPVC DURALIFE,PS20S,"6"" PIPES SCH 40 ( Mtr. Length )",5 MTR,18316.7,
CPVC DURALIFE,PS19S,"4"" PIPES SCH 40 ( Mtr. Length )",5 MTR,10650,
CPVC DURALIFE,PS18S,"3"" PIPES SCH 40 ( Mtr. Length )",5 MTR,7483.33,
CPVC DURALIFE,PS17S,"2 1/2"" PIPES SCH 40 ( Mtr. Length )",5 MTR,5650,
CPVC DURALIFE,PS-16S,"2"" PIPE SDR 13.5 ( MTR. LENGTH )",5 MTR,3070,
CPVC DURALIFE,PS-15S,"1-1/2"" PIPE SDR 13.5 ( MTR. LENGTH )",5 MTR,1820,
CPVC DURALIFE,PS-14S,"1-1/4"" PIPE SDR 13.5 ( MTR. LENGTH )",5 MTR,1296.67,
CPVC DURALIFE,PS-13S,"1"" PIPE SDR 13.5 ( MTR. LENGTH )",5 MTR,830,
CPVC DURALIFE,PS-12S,"3/4"" PIPE SDR 13.5 ( MTR. LENGTH )",5 MTR,540,
CPVC DURALIFE,PS-11S,"1/2"" PIPE SDR 13.5 ( MTR. LENGTH )",5 MTR,365,
CPVC DURALIFE,PS-16,"2"" PIPE SDR 13.5 ( MTR. LENGTH )",3 MTR,1842,
CPVC DURALIFE,PS-15,"1-1/2"" PIPE SDR 13.5 ( MTR. LENGTH )",3 MTR,1092,
CPVC DURALIFE,PS-14,"1-1/4"" PIPE SDR 13.5 ( MTR. LENGTH )",3 MTR,778,
CPVC DURALIFE,PS-13,"1"" PIPE SDR 13.5 ( MTR. LENGTH )",3 MTR,498,
CPVC DURALIFE,PS-12,"3/4"" PIPE SDR 13.5 ( MTR. LENGTH )",3 MTR,324,
CPVC DURALIFE,PS-11,"1/2"" PIPE SDR 13.5 ( MTR. LENGTH )",3 MTR,219,
CPVC DURALIFE,PS-10S,"Pipe Sch 80 (Mtr. Length) 6""",5 MTR,28000,
CPVC DURALIFE,PS-9S,"Pipe Sch 80 (Mtr. Length) 4""",5 MTR,14466.7,
CPVC DURALIFE,PS-8S,"Pipe Sch 80 (Mtr. Length) 3""",5 MTR,9966.67,
CPVC DURALIFE,PS-7S,"Pipe Sch 80 (Mtr. Length) 21/2""",5 MTR,7466.67,
CPVC DURALIFE,PS-6S,"2"" PIPE SDR 11 ( MTR. LENGTH )",5 MTR,3660,
CPVC DURALIFE,PS-5S,"1-1/2"" PIPE SDR 11 ( MTR. LENGTH )",5 MTR,2145,
CPVC DURALIFE,PS-4S,"1-1/4"" PIPE SDR 11 ( MTR. LENGTH )",5 MTR,1545,
CPVC DURALIFE,PS-3S,"1"" PIPE SDR 11 ( MTR. LENGTH )",5 MTR,995,
CPVC DURALIFE,PS-2S,"3/4"" PIPE SDR 11 ( MTR. LENGTH )",5 MTR,615,
CPVC DURALIFE,PS-1S,"1/2"" PIPE SDR 11 MTR LENGTH",5 MTR,395,
CPVC DURALIFE,PS-6,"2"" PIPE SDR 11 ( MTR. LENGTH )",3 MTR,2196,
CPVC DURALIFE,PS-5,"1-1/2"" PIPE SDR 11 ( MTR. LENGTH )",3 MTR,1287,
CPVC DURALIFE,PS-4,"1-1/4"" PIPE SDR 11 ( MTR. LENGTH )",3 MTR,927,
CPVC DURALIFE,PS-3,"1"" PIPE SDR 11 ( MTR. LENGTH )",3 MTR,597,
CPVC DURALIFE,PS-2,"3/4"" PIPE SDR 11 ( MTR. LENGTH )",3 MTR,369,
CPVC DURALIFE,PS-1,"1/2"" PIPE SDR 11 ( MTR. LENGTH )",3 MTR,237,
CPVC DURALIFE,CH72 QS,"SHORT CONCEALED VALVE 3/4"" (QUARTER TURN) TRIANGULAR",,1080,
CPVC DURALIFE,CH74 QS,"SHORT CONCEALED VALVE 3/4"" (QUARTER TURN) GRACIA",,1080,
CPVC DURALIFE,CH76 QS,"SHORT CONCEALED VALVE 3/4"" (QUARTER TURN) MACASA",,1080,
CPVC DURALIFE,CH78 QS,"SHORT CONCEALED VALVE 3/4"" (QUARTER TURN) URBONA",,1080,
CPVC DURALIFE,CH79 QS,"SHORT CONCEALED VALVE 3/4"" (QUARTER TURN) SAGA",,1080,
CPVC DURALIFE,CH80 QS,"SHORT CONCEALED VALVE 3/4"" (QUARTER TURN) VIVA",,1080,
CPVC DURALIFE,C24,"BALL VALVE 32MM 1 1/4""",,568,
CPVC DURALIFE,C25,"BALL VALVE 40MM 1 1/2""",,848,
CPVC DURALIFE,C26,"BALL VALVE 50MM 2""",,1398,
CPVC DURALIFE,C22-L,"LONG HANDLE CPVC BALL VALVE 20MM 3/4""",,169.1,
CPVC DURALIFE,C23-L,"LONG HANDLE CPVC BALL VALVE 25MM 1""",,326.8,
CPVC DURALIFE,C24-L,"LONG HANDLE CPVC BALL VALVE 32MM 1 1/4""",,505.4,
CPVC DURALIFE,C25-L,"LONG HANDLE CPVC BALL VALVE 40MM 1 1/2""",,900.6,
CPVC DURALIFE,C26-L,"LONG HANDLE CPVC BALL VALVE 50MM 2""",,1606.2,
CPVC DURALIFE,S45,PVC SOLVENT CEMENT 250 ML TIN,,198,
CPVC DURALIFE,S46,PVC SOLVENT CEMENT 500 ML TIN,,358,
CPVC DURALIFE,S47,PVC SOLVENT CEMENT 1000 ML TIN,,588,
CPVC DURALIFE,C324,Reducer Brass Tee 1 x 1 x 1,,398,
CPVC DURALIFE,PS-7,"2 1/2"" PIPES SCH 80 ( Mtr. Length )",3 MTR,4480,
CPVC DURALIFE,PS-8,"3"" PIPES SCH 80 ( Mtr. Length )",3 Mtr,5980,
CPVC DURALIFE,PS-9,"4"" PIPES SCH 80 ( Mtr. Length )",3 Mtr,8680,
CPVC DURALIFE,PS-10,"6"" PIPES SCH 80 ( Mtr. Length )",3 MTR,16800,
CPVC DURALIFE,PS-17,"2 1/2"" PIPES SCH 40 ( Mtr. Length )",3 MTR,3390,
CPVC DURALIFE,PS-18,"3"" PIPES SCH 40 ( Mtr. Length )",3 MTR,4490,
CPVC DURALIFE,PS-19,"4"" PIPES SCH 40 ( Mtr. Length )",3 MTR,6390,
CPVC DURALIFE,PS-20,"6"" PIPES SCH 40 ( Mtr. Length )",3 MTR,10990,
CPVC DURALIFE,CH 88,"1"" Concealed Valve Quarter Turn.With Urbona Handle",,1358,
CPVC DURALIFE,CH 84,"1"" Concealed Valve Quarter Turn.With Gracia Handle",,1388,
CPVC DURALIFE,CH 90,"1""Concealed Valve Quarter Turn.With Viva Handle",,1280,
CPVC DURALIFE,CH 86,"1"" Concealed Valve Quarter Turn.With Macasa Handle",,1358,
CPVC DURALIFE,CH 82,"1"" Concealed Valve Quarter Turn.With Trianguler Handle",,1280,
CPVC DURALIFE,CH 89,"1"" Concealed Valve Quarter Turn.With Saga Handle",,1280,
CPVC DURALIFE,C22,"BALL VALVE 20MM 3/4""",,176,
CPVC DURALIFE,CH82-F,25 MM FULL TURN CONCEALED VALVE TRIANGULER,,1299,
CPVC DURALIFE,C134,"NON RETURN VALVE 1 1/4 """" 32mm",,980,
CPVC DURALIFE,C135,"NON RETURN VALVE 1 1/2 """" 40mm",,1180,
CPVC DURALIFE,CH84-F,Full Turn Concealed Valve GRACIA,,1407,
CPVC DURALIFE,CH86-F,Full Turn Concealed Valve MACASA,,1377,
CPVC DURALIFE,CH88-F,Full Turn Concealed Valve URBONA,,1377,
CPVC DURALIFE,CH89-F,Full Turn Concealed Valve SAGA,,1299,
CPVC DURALIFE,CH90-F,Full Turn Concealed Valve VIVA,,1299,
HARDWARE,ML-1103-SS,DOOR ACCESSORIES MORTISE DEAD LOCKS (BABY LATCH),,366,
HARDWARE,SLD-1614,"DOOR ACCESSORIES ALDROPS STAINLES STEEL ALDROPS ( ROUND NUCKLE ) 350mm (14"") 4+1",,716,
HARDWARE,SLD-1612,"DOOR ACCESSORIES ALDROPS STAINLES STEEL ALDROPS ( ROUND NUCKLE ) 300mm (12"") 3+1",,624,
HARDWARE,SLD-1610,"DOOR ACCESSORIES ALDROPS STAINLES STEEL ALDROPS ( ROUND NUCKLE ) 250mm (10"") 3+1",,588,
HARDWARE,SLD-1608,"DOOR ACCESSORIES ALDROPS STAINLES STEEL ALDROPS ( ROUND NUCKLE ) 200mm (8"") 3+1",,562,
HARDWARE,SLD-1414,"DOOR ACCESSORIES ALDROPS STAINLES STEEL ALDROPS ( ROUND NUCKLE ) 350mm (14"") 4+1",,636,
HARDWARE,SLD-1412,"DOOR ACCESSORIES ALDROPS STAINLES STEEL ALDROPS ( ROUND NUCKLE ) 300mm (12"") 3+1",,558,
HARDWARE,SLD-1410,"DOOR ACCESSORIES ALDROPS STAINLES STEEL ALDROPS ( ROUND NUCKLE ) 250mm (10"") 3+1",,528,
HARDWARE,SLD-1408,"DOOR ACCESSORIES ALDROPS STAINLES STEEL ALDROPS ( ROUND NUCKLE ) 200mm (8"") 3+1",,508,
HARDWARE,SLD-1214,"DOOR ACCESSORIES ALDROPS STAINLES STEEL ALDROPS ( ROUND NUCKLE ) 350mm (14"") 4+1",,588,
HARDWARE,SLD-1212,"DOOR ACCESSORIES ALDROPS STAINLES STEEL ALDROPS ( ROUND NUCKLE ) 300mm (12"") 3+1",,508,
HARDWARE,SLD-1210,"DOOR ACCESSORIES ALDROPS STAINLES STEEL ALDROPS ( ROUND NUCKLE ) 250mm (10"") 3+1",,484,
HARDWARE,SLD-1208,"DOOR ACCESSORIES ALDROPS STAINLES STEEL ALDROPS ( ROUND NUCKLE ) 200mm (8"") 3+1",,458,
HARDWARE,LD-1614,"DOOR ACCESSORIES ALDROPS STAINLES STEEL ALDROPS ( ROUND NUCKLE ) 350mm (14"") 4+1",,896,
HARDWARE,LD-1612,"DOOR ACCESSORIES ALDROPS STAINLES STEEL ALDROPS ( ROUND NUCKLE ) 300mm (12"") 3+1",,844,
HARDWARE,LD-1610,"DOOR ACCESSORIES ALDROPS STAINLES STEEL ALDROPS ( ROUND NUCKLE ) 250mm (10"") 3+1",,808,
HARDWARE,LD-1608,"DOOR ACCESSORIES ALDROPS STAINLES STEEL ALDROPS ( ROUND NUCKLE ) 200mm (8"") 3+1",,778,
HARDWARE,LD-1414,"DOOR ACCESSORIES ALDROPS STAINLES STEEL ALDROPS ( ROUND NUCKLE ) 350mm (14"") 4+1",,744,
HARDWARE,LD-1412,"DOOR ACCESSORIES ALDROPS STAINLES STEEL ALDROPS ( ROUND NUCKLE ) 300mm (12"") 3+1",,648,
HARDWARE,LD-1410,"DOOR ACCESSORIES ALDROPS STAINLES STEEL ALDROPS ( ROUND NUCKLE ) 250mm (10"") 3+1",,622,
HARDWARE,LD-1408,"DOOR ACCESSORIES ALDROPS STAINLES STEEL ALDROPS ( ROUND NUCKLE ) 200mm (8"") 3+1",,596,
HARDWARE,LD-1214,"DOOR ACCESSORIES ALDROPS STAINLES STEEL ALDROPS ( ROUND NUCKLE ) 350mm (14"") 4+1",,728,
HARDWARE,LD-1212,"DOOR ACCESSORIES ALDROPS STAINLES STEEL ALDROPS ( ROUND NUCKLE ) 300mm (12"") 3+1",,618,
HARDWARE,LD-1210,"DOOR ACCESSORIES ALDROPS STAINLES STEEL ALDROPS ( ROUND NUCKLE ) 250mm (10"") 3+1",,598,
HARDWARE,LD-1208,"DOOR ACCESSORIES ALDROPS STAINLES STEEL ALDROPS ( ROUND NUCKLE ) 200mm (8"") 3+1",,578,
HARDWARE,DHC-2200,DOOR ACCESSORIES WOODEN DOOR PULL HANDLES CURVE  200 mm,,92,
HARDWARE,DHC-2150,DOOR ACCESSORIES WOODEN DOOR PULL HANDLES CURVE 150 mm,,78,
HARDWARE,DHC-2125,DOOR ACCESSORIES WOODEN DOOR PULL HANDLES CURVE 125 mm,,72,
HARDWARE,DHL-2200,DOOR ACCESSORIES WOODEN DOOR PULL HANDLES LINER 200 mm,,92,
HARDWARE,DHL-2150,DOOR ACCESSORIES WOODEN DOOR PULL HANDLES LINER 150 mm,,78,
HARDWARE,DHL-2125,DOOR ACCESSORIES WOODEN DOOR PULL HANDLES LINER 125 mm,,72,
HARDWARE,TBS-9250,"DOOR ACCESSORIES TOWER BOLTS STAINLESS STEEL TOWER BOLT SQUARE (  9.0MM ) 250 MM (10"")",,224,
HARDWARE,TBS-9200,"DOOR ACCESSORIES TOWER BOLTS STAINLESS STEEL TOWER BOLT SQUARE (  9.0MM ) 200 MM (8"")",,198,
HARDWARE,TBS-9150,"DOOR ACCESSORIES TOWER BOLTS STAINLESS STEEL TOWER BOLT SQUARE (  9.0MM ) 150 MM (6"")",,168,
HARDWARE,TBS-9100,"DOOR ACCESSORIES TOWER BOLTS STAINLESS STEEL TOWER BOLT SQUARE (  9.0MM ) 100 MM (4"")",,148,
HARDWARE,TBS-9080,"DOOR ACCESSORIES TOWER BOLTS STAINLESS STEEL TOWER BOLT SQUARE (  9.0MM ) 80 MM(3 1/4"")",,138,
HARDWARE,TBR-9250,"DOOR ACCESSORIES TOWER BOLTS STAINLESS STEEL TOWER BOLT ROUND (  9.0MM ) 250 MM (10"")",,224,
HARDWARE,TBR-9200,"DOOR ACCESSORIES TOWER BOLTS STAINLESS STEEL TOWER BOLT ROUND (  9.0MM ) 200 MM (8"")",,198,
HARDWARE,TBR-9150,"DOOR ACCESSORIES TOWER BOLTS STAINLESS STEEL TOWER BOLT ROUND (  9.0MM ) 150 MM (6"")",,166,
HARDWARE,TBR-9100,"DOOR ACCESSORIES TOWER BOLTS STAINLESS STEEL TOWER BOLT ROUND (  9.0MM ) 100 MM (4"")",,148,
HARDWARE,TBR-9080,"DOOR ACCESSORIES TOWER BOLTS STAINLESS STEEL TOWER BOLT ROUND (  9.0MM ) 80 MM(3 1/4"")",,128,
HARDWARE,TBS-2900,"DOOR ACCESSORIES TOWER BOLTS STAINLESS STEEL TOWER BOLT SQUARE (  10.0MM ) 900 mm (36"")",,740,
HARDWARE,TBS-2750,"DOOR ACCESSORIES TOWER BOLTS STAINLESS STEEL TOWER BOLT SQUARE (  10.0MM ) 750 mm (30"")",,660,
HARDWARE,TBS-2600,"DOOR ACCESSORIES TOWER BOLTS STAINLESS STEEL TOWER BOLT SQUARE (  10.0MM ) 600 mm (24"")",,554,
HARDWARE,TBS-2450,"DOOR ACCESSORIES TOWER BOLTS STAINLESS STEEL TOWER BOLT SQUARE (  10.0MM ) 450 mm (18"")",,446,
HARDWARE,TBS-2300,"DOOR ACCESSORIES TOWER BOLTS STAINLESS STEEL TOWER BOLT SQUARE (  10.0MM ) 300 mm (12"")",,300,
HARDWARE,TBS-2250,"DOOR ACCESSORIES TOWER BOLTS STAINLESS STEEL TOWER BOLT SQUARE (  10.0MM ) 250 mm (10"")",,288,
HARDWARE,TBS-2200,"DOOR ACCESSORIES TOWER BOLTS STAINLESS STEEL TOWER BOLT SQUARE (  10.0MM ) 200 mm (8"")",,248,
HARDWARE,TBS-2150,"DOOR ACCESSORIES TOWER BOLTS STAINLESS STEEL TOWER BOLT SQUARE (  10.0MM ) 150 mm (6"")",,212,
HARDWARE,TBS-2100,"DOOR ACCESSORIES TOWER BOLTS STAINLESS STEEL TOWER BOLT SQUARE (  10.0MM ) 100 mm (4"")",,174,
HARDWARE,TBR-2900,"DOOR ACCESSORIES TOWER BOLTS STAINLESS STEEL TOWER BOLT ROUND (  10.0MM ) 900 mm (36"")",,728,
HARDWARE,TBR-2750,"DOOR ACCESSORIES TOWER BOLTS STAINLESS STEEL TOWER BOLT ROUND (  10.0MM ) 750 mm (30"")",,654,
HARDWARE,TBR-2600,"DOOR ACCESSORIES TOWER BOLTS STAINLESS STEEL TOWER BOLT ROUND (  10.0MM ) 600 mm (24"")",,512,
HARDWARE,TBR-2450,"DOOR ACCESSORIES TOWER BOLTS STAINLESS STEEL TOWER BOLT ROUND (  10.0MM ) 450 mm (18"")",,408,
HARDWARE,TBR-2300,"DOOR ACCESSORIES TOWER BOLTS STAINLESS STEEL TOWER BOLT ROUND (  10.0MM ) 300 mm (12"")",,318,
HARDWARE,TBR-2250,"DOOR ACCESSORIES TOWER BOLTS STAINLESS STEEL TOWER BOLT ROUND (  10.0MM ) 250 mm (10"")",,296,
HARDWARE,TBR-2200,"DOOR ACCESSORIES TOWER BOLTS STAINLESS STEEL TOWER BOLT ROUND (  10.0MM ) 200 mm (8"")",,256,
HARDWARE,TBR-2150,"DOOR ACCESSORIES TOWER BOLTS STAINLESS STEEL TOWER BOLT ROUND (  10.0MM ) 150 mm (6"")",,208,
HARDWARE,TBR-2100,"DOOR ACCESSORIES TOWER BOLTS STAINLESS STEEL TOWER BOLT ROUND (  10.0MM ) 100 mm (4"")",,172,
HARDWARE,HG-2413,DOOR ACCESSORIES HINGES STAINLESS STEEL FURNITURE HINGES(16-G) 4 x 19 x 13 (100 mm),,74,
HARDWARE,HG-2419,DOOR ACCESSORIES HINGES STAINLESS STEEL FURNITURE HINGES(16-G) 4 x 19 x 19 (100 mm),,80,
HARDWARE,HG-2313,DOOR ACCESSORIES HINGES STAINLESS STEEL FURNITURE HINGES(16-G) 3 x 19 x 13 (75 mm),,66,
HARDWARE,HG-2319,DOOR ACCESSORIES HINGES STAINLESS STEEL FURNITURE HINGES(16-G) 3 x 19 x 19 (75 mm),,70,
HARDWARE,HG4B-3612,DOOR ACCESSORIES HINGES STAINLESS STEEL BEARING HINGES 6 x 12(150mm) 20pcs,,408,
HARDWARE,HG4B-3512,DOOR ACCESSORIES HINGES STAINLESS STEEL BEARING HINGES 5 x 12(125mm) 20pcs,,366,
HARDWARE,HG4B-3412,DOOR ACCESSORIES HINGES STAINLESS STEEL BEARING HINGES 4 x 12(100mm) 20pcs,,318,
HARDWARE,HG4B-2612,DOOR ACCESSORIES HINGES STAINLESS STEEL BEARING HINGES 6 x 12(150mm) 20pcs,,338,
HARDWARE,HG4B-2512,DOOR ACCESSORIES HINGES STAINLESS STEEL BEARING HINGES 5 x 12(125mm) 20pcs,,298,
HARDWARE,HG4B-2412,DOOR ACCESSORIES HINGES STAINLESS STEEL BEARING HINGES 4 x 12(100mm) 20pcs,,268,
HARDWARE,HG2B-3612,DOOR ACCESSORIES HINGES STAINLESS STEEL BEARING HINGES 6 x 12(150mm) 20pcs,,388,
HARDWARE,HG2B-3512,DOOR ACCESSORIES HINGES STAINLESS STEEL BEARING HINGES 5 x 12(125mm) 20pcs,,338,
HARDWARE,HG2B-3412,DOOR ACCESSORIES HINGES STAINLESS STEEL BEARING HINGES 4 x 12(100mm) 20pcs,,296,
HARDWARE,HG2B-2612,DOOR ACCESSORIES HINGES STAINLESS STEEL BEARING HINGES 6 x 12(150mm) 20pcs,,322,
HARDWARE,HG2B-2512,DOOR ACCESSORIES HINGES STAINLESS STEEL BEARING HINGES 5 x 12(125mm) 20pcs,,274,
HARDWARE,HG2B-2412,DOOR ACCESSORIES HINGES STAINLESS STEEL BEARING HINGES 4 x 12(100mm) 20pcs,,238,
HARDWARE,HG-3612,DOOR ACCESSORIES HINGES STAINLESS STEEL BUTT HINGES 6 x 12,,268,
HARDWARE,HG-3512,DOOR ACCESSORIES HINGES STAINLESS STEEL BUTT HINGES 5 x 12,,224,
HARDWARE,HG-3514,DOOR ACCESSORIES HINGES STAINLESS STEEL BUTT HINGES 5 x 14,,188,
HARDWARE,HG-3412,DOOR ACCESSORIES HINGES STAINLESS STEEL BUTT HINGES 4 x 12,,178,
HARDWARE,HG-3414,DOOR ACCESSORIES HINGES STAINLESS STEEL BUTT HINGES 4 x 14,,144,
HARDWARE,HG-3312,DOOR ACCESSORIES HINGES STAINLESS STEEL BUTT HINGES 3 x 12,,118,
HARDWARE,HG-3314,DOOR ACCESSORIES HINGES STAINLESS STEEL BUTT HINGES 3 x 14,,98,
HARDWARE,HG-3316,DOOR ACCESSORIES HINGES STAINLESS STEEL BUTT HINGES 3 x 16,,90,
HARDWARE,HG-2612,DOOR ACCESSORIES HINGES STAINLESS STEEL BUTT HINGES 6 x 12,,216,
HARDWARE,HG-2512,DOOR ACCESSORIES HINGES STAINLESS STEEL BUTT HINGES 5 x 12,,186,
HARDWARE,HG-2514,DOOR ACCESSORIES HINGES STAINLESS STEEL BUTT HINGES 5 x 14,,154,
HARDWARE,HG-2412,DOOR ACCESSORIES HINGES STAINLESS STEEL BUTT HINGES 4 x 12,,144,
HARDWARE,HG-2414,DOOR ACCESSORIES HINGES STAINLESS STEEL BUTT HINGES 4 x 14,,120,
HARDWARE,HG-2312,DOOR ACCESSORIES HINGES STAINLESS STEEL BUTT HINGES 3 x 12,,98,
HARDWARE,HG-2314,DOOR ACCESSORIES HINGES STAINLESS STEEL BUTT HINGES 3 x 14,,84,
HARDWARE,HG-2316,DOOR ACCESSORIES HINGES STAINLESS STEEL BUTT HINGES 3 x 16,,78,
HARDWARE,DSR-PV03,DOOR ACCESSORIES DOOR STOPPERS DOOR SILENCER,,30,
HARDWARE,DSR-RB-03,DOOR ACCESSORIES DOOR STOPPERS DOOR SILENCER,,76,
HARDWARE,MDC-1021-SS,DOOR ACCESSORIES DOOR STOPPERS MAGNET DOOR CATCHER (S.S.),,168,
HARDWARE,DSZ-FO5-SS,"DOOR ACCESSORIES DOOR STOPPERS PUSH FOOT OPERATIED FUNCTION (ZINC) 5""",,270,
HARDWARE,DSZ-FO5-PC,"DOOR ACCESSORIES DOOR STOPPERS PUSH FOOT OPERATIED FUNCTION (ZINC) 5""",,230,
HARDWARE,DSZ-PW6-SS,"DOOR ACCESSORIES DOOR STOPPERS POWER DOOR STOPPER (ZINC) 6""",,450,
HARDWARE,DSI-CI5-SS,"DOOR ACCESSORIES DOOR STOPPERS SINGLE SQUATE DOOR STOPPER (M.S.) 5""",,170,
HARDWARE,DSB-MH4-AB,"DOOR ACCESSORIES DOOR STOPPERS MAHARAJA DOOR STOPPER (BRASS) 4""",,386,
HARDWARE,DSB-MH4-SS,"DOOR ACCESSORIES DOOR STOPPERS MAHARAJA DOOR STOPPER (BRASS) 4""",,386,
HARDWARE,HYD-HG15-SS,DOOR ACCESSORIES LONG LATCHES HYDRAULIC HINGES (PAIR) 15 degree,,348,
HARDWARE,HYD-HG8-SS,DOOR ACCESSORIES LONG LATCHES HYDRAULIC HINGES (PAIR) 8 degree,,348,
HARDWARE,HYD-HG0-SS,DOOR ACCESSORIES LONG LATCHES HYDRAULIC HINGES (PAIR) 0 degree,,348,
HARDWARE,TSC-SB20-ZNY,"DOOR ACCESSORIES LONG LATCHES TELESCOPIC CHANNEL STEEL BALL ( PAIR) 20""",,644,
HARDWARE,TSC-SB18-ZNY,"DOOR ACCESSORIES LONG LATCHES TELESCOPIC CHANNEL STEEL BALL ( PAIR) 18""",,590,
HARDWARE,TSC-SB12-ZNY,"DOOR ACCESSORIES LONG LATCHES TELESCOPIC CHANNEL STEEL BALL ( PAIR) 12""",,404,
HARDWARE,DCH-0426-SS,DOOR ACCESSORIES LONG LATCHES LATCH DOOR CHAIN ( BRASS ),,486,
HARDWARE,IDB-0551-SS,DOOR ACCESSORIES LONG LATCHES INDICATOR BOLT,,288,
HARDWARE,LB6-0553-AB,"DOOR ACCESSORIES LONG LATCHES LATCH BOLT-AB 6""",,288,
HARDWARE,LB5-0553-AB,"DOOR ACCESSORIES LONG LATCHES LATCH BOLT-AB 5""",,242,
HARDWARE,LB4-0553-AB,"DOOR ACCESSORIES LONG LATCHES LATCH BOLT-AB 4""",,164,
HARDWARE,LB6-0553-SS,"DOOR ACCESSORIES LONG LATCHES LATCH BOLT-SS 6""",,292,
HARDWARE,LB5-0553-SS,"DOOR ACCESSORIES LONG LATCHES LATCH BOLT-SS 5""",,238,
HARDWARE,LB4-0553-SS,"DOOR ACCESSORIES LONG LATCHES LATCH BOLT-SS 4""",,158,
HARDWARE,EP-IMP- SC,DOOR ACCESSORIES EYE VIEWERS,,92,
HARDWARE,EP-BSBS-01- FG,DOOR ACCESSORIES EYE VIEWERS,,240,
HARDWARE,EP-NEW GANESHA- B.A,DOOR ACCESSORIES EYE VIEWERS,,280,
HARDWARE,MDL-1204-PT,DOOR ACCESSORIES CYLINDRICAL KNOB LOCKS MAIN DOOR LEVER LOCK,,666,
HARDWARE,MDL-1203-PT,DOOR ACCESSORIES CYLINDRICAL KNOB LOCKS MAIN DOOR LEVER LOCK,,956,
HARDWARE,MDL-1202-PT,DOOR ACCESSORIES CYLINDRICAL KNOB LOCKS MAIN DOOR LEVER LOCK,,598,
HARDWARE,CB-1171-BL,DOOR ACCESSORIES CYLINDRICAL KNOB LOCKS COBOARD LOCK HEAVY,,990,
HARDWARE,CB-SB-BM-03,"DOOR ACCESSORIES CYLINDRICAL KNOB LOCKS COBOARD LOCK (SOLID BRASS) 3""",,676,
HARDWARE,CB-SB-BM-02,DOOR ACCESSORIES CYLINDRICAL KNOB LOCKS COBOARD LOCK (SOLID BRASS) 2 1/2,,580,
HARDWARE,CB-SB-BM-01,"DOOR ACCESSORIES CYLINDRICAL KNOB LOCKS COBOARD LOCK (SOLID BRASS) 2""",,498,
HARDWARE,MP-U20MM-SS,DOOR ACCESSORIES CYLINDRICAL KNOB LOCKS MULTI PUROSE LOCK-20MM,,460,
HARDWARE,MP-R25MM-SS,DOOR ACCESSORIES CYLINDRICAL KNOB LOCKS MULTI PUROSE LOCK-25MM,,165,
HARDWARE,CYL-5129-SS,DOOR ACCESSORIES CYLINDRICAL KNOB LOCKS ENTERANCE,,1280,
HARDWARE,CYL-5128-SS,DOOR ACCESSORIES CYLINDRICAL KNOB LOCKS PRIVACY (W/O KEY),,1154,
HARDWARE,TRB-1011-SS,"DOOR ACCESSORIES
 RIM LOCKS TRY BOLT (WITH ULTRA KEY)",,2480,
HARDWARE,RL-1001-IV,"DOOR ACCESSORIES
 RIM LOCKS RIM KNOB LOCK (WITH REGULAR KEY)",,1490,
HARDWARE,RL-1001-SS,"DOOR ACCESSORIES
 RIM LOCKS RIM KNOB LOCK (WITH REGULAR KEY)",,1690,
HARDWARE,NL-1000-IV,"DOOR ACCESSORIES
 RIM LOCKS NIGHT LATCH (WITH REGULAR KEY)",,1190,
HARDWARE,RL-3TDB-IV,"DOOR ACCESSORIES
 RIM LOCKS  (3 Turn)",,908,
HARDWARE,RL-6TDB-SS,"DOOR ACCESSORIES
 RIM LOCKS  (6 Turn)",,1230,
HARDWARE,ML-1103- SS KY,DOOR ACCESSORIES MORTISE DEAD LOCKS Baby Latch,,350,
HARDWARE,ML-1105- SS KY,DOOR ACCESSORIES MORTISE DEAD LOCKS MORTISE LEVER LOCK,,460,
HARDWARE,ML-1110-SS KY,DOOR ACCESSORIES MORTISE DEAD LOCKS MORTISE LEVER LOCK (3 BULLET),,530,
HARDWARE,ML-500D-SS,DOOR ACCESSORIES MORTISE DEAD LOCKS MORTISE DEAD LOCK BODY+ KEY ROSE,,542,
HARDWARE,ML-DD45 BM KY,"DOOR ACCESSORIES MORTISE LOCKS SOLID BRASS BODY DOUBLE DOOR LEVER LOCK 8""",,1380,
HARDWARE,ML-8502-MS,"DOOR ACCESSORIES MORTISE LOCKS MS ZINC 10""",,680,
HARDWARE,ML-8501-SS,"DOOR ACCESSORIES MORTISE LOCKS SS / BRASS 10""",,878,
HARDWARE,ML-4501-SS/P,"DOOR ACCESSORIES MORTISE LOCKS SS / BRASS 8""",,638,
HARDWARE,CCL-100-BSK-SS-3K,DOOR ACCESSORIES EURO PROFILE CYLINDER LOCKS ULTRA BRASS KEY BOTH SIDE KE 100mm,,1120,
HARDWARE,CCL-90-BSK-SS-3K,DOOR ACCESSORIES EURO PROFILE CYLINDER LOCKS ULTRA BRASS KEY BOTH SIDE KE 90mm,,1030,
HARDWARE,CCL-80-BSK-SS-3K,DOOR ACCESSORIES EURO PROFILE CYLINDER LOCKS ULTRA BRASS KEY BOTH SIDE KE 80mm,,905,
HARDWARE,CCL-70-BSK-SS-3K,DOOR ACCESSORIES EURO PROFILE CYLINDER LOCKS ULTRA BRASS KEY BOTH SIDE KE 70mm,,828,
HARDWARE,CCL-60-BSK-SS-3K,DOOR ACCESSORIES EURO PROFILE CYLINDER LOCKS ULTRA BRASS KEY BOTH SIDE KE 60mm,,748,
HARDWARE,CCL-100-OSK-SS-3k,DOOR ACCESSORIES EURO PROFILE CYLINDER LOCKS ULTRA BRASS KEY ONE SIDE KEY 100mm,,1210,
HARDWARE,CCL-90-OSK-SS-3k,DOOR ACCESSORIES EURO PROFILE CYLINDER LOCKS ULTRA BRASS KEY ONE SIDE KEY 90mm,,1120,
HARDWARE,CCL-80-OSK-SS-3k,DOOR ACCESSORIES EURO PROFILE CYLINDER LOCKS ULTRA BRASS KEY ONE SIDE KEY 80mm,,986,
HARDWARE,CCL-70-OSK-SS-3k,DOOR ACCESSORIES EURO PROFILE CYLINDER LOCKS ULTRA BRASS KEY ONE SIDE KEY 70mm,,898,
HARDWARE,CCL-60-OSK-SS-3k,DOOR ACCESSORIES EURO PROFILE CYLINDER LOCKS ULTRA BRASS KEY ONE SIDE KEY 60mm,,828,
HARDWARE,CL-70-CNK-SS,DOOR ACCESSORIES EURO PROFILE CYLINDER LOCKS ULTRA BRASS KEY COIN & KNOB 70mm,,740,
HARDWARE,CL-60-CNK-SS,DOOR ACCESSORIES EURO PROFILE CYLINDER LOCKS ULTRA BRASS KEY COIN & KNOB 60mm,,670,
HARDWARE,PCL-70Z-OSK-SS-3k,DOOR ACCESSORIES EURO PROFILE CYLINDER LOCKS ULTRA BRASS KEY REGULAR KEY (ZINC) 70mm,,630,
HARDWARE,PCL-60Z-OSK-SS-3k,DOOR ACCESSORIES EURO PROFILE CYLINDER LOCKS ULTRA BRASS KEY REGULAR KEY (ZINC) 60mm,,598,
HARDWARE,SS22-14P-SS,"GLASS DOOR PULL HANDLES - SS S-TYPE (22.00mm) SS22-14P-SS 14""",,1490,
HARDWARE,SS22-12P-SS,"GLASS DOOR PULL HANDLES - SS S-TYPE (22.00mm) SS22-12P-SS 12""",,1390,
HARDWARE,SS22-10P-SS,"GLASS DOOR PULL HANDLES - SS S-TYPE (22.00mm) SS22-10P-SS 10""",,1290,
HARDWARE,SS22-08P-SS,"GLASS DOOR PULL HANDLES - SS S-TYPE (22.00mm) SS22-08P-SS 8""",,1180,
HARDWARE,SSA-14P-SS,"GLASS DOOR PULL HANDLES - SS  SALUTE-TYPE (26.5x13.5mm) SSA-14P-SS 14""",,1490,
HARDWARE,SSA-12P-SS,"GLASS DOOR PULL HANDLES - SS  SALUTE-TYPE (26.5x13.5mm) SSA-12P-SS 12""",,1390,
HARDWARE,SSA-10P-SS,"GLASS DOOR PULL HANDLES - SS  SALUTE-TYPE (26.5x13.5mm) SSA-10P-SS 10""",,1280,
HARDWARE,SSA-08P-SS,"GLASS DOOR PULL HANDLES - SS  SALUTE-TYPE (26.5x13.5mm) SSA-08P-SS 8""",,1180,
HARDWARE,SH25-14P-SS,"GLASS DOOR PULL HANDLES - SS H-TYPE (25.00mm) SH25-14P-SS 14""",,1480,
HARDWARE,SH25-12P-SS,"GLASS DOOR PULL HANDLES - SS H-TYPE (25.00mm) SH25-12P-SS 12""",,1340,
HARDWARE,SH25-10P-SS,"GLASS DOOR PULL HANDLES - SS H-TYPE (25.00mm) SH25-10P-SS 10""",,1240,
HARDWARE,SH25-08P-SS,"GLASS DOOR PULL HANDLES - SS H-TYPE (25.00mm) SH25-08P-SS 8""",,1140,
HARDWARE,SC25-14P-SS,"GLASS DOOR PULL HANDLES - SS C-TYPE (25.00mm) SC25-14P-SS 14""",,1480,
HARDWARE,SC25-12P-SS,"GLASS DOOR PULL HANDLES - SS C-TYPE (25.00mm) SC25-12P-SS 12""",,1380,
HARDWARE,SC25-10P-SS,"GLASS DOOR PULL HANDLES - SS C-TYPE (25.00mm) SC25-10P-SS 10""",,1190,
HARDWARE,SC25-08P-SS,"GLASS DOOR PULL HANDLES - SS C-TYPE (25.00mm) SC25-08P-SS 8""",,1140,
HARDWARE,PH14R-1600-SSM,GLASS DOOR PULL HANDLES - SS WOODEN DOOR PULL HANDLES (BRASS) PH14R-1600-SSM 14,,3580,
HARDWARE,PH14R-1600-BBM,GLASS DOOR PULL HANDLES - SS WOODEN DOOR PULL HANDLES (BRASS) PH14R-1600-BBM 14,,3880,
HARDWARE,PH08W-1300-SSM,GLASS DOOR PULL HANDLES - SS WOODEN DOOR PULL HANDLES (BRASS) PH08W-1300-SSM 8,,1780,
HARDWARE,PH08W-1300-BBM,GLASS DOOR PULL HANDLES - SS WOODEN DOOR PULL HANDLES (BRASS) PH08W-1300-BBM 8,,1990,
HARDWARE,HLK-MS05-PC/T,"DOOR HANDLES - SS / MS MS PLATE HANDLES HLK-MS05-PC/T (7"")",,1090,
HARDWARE,HLK-MS05-PC/S,"DOOR HANDLES - SS / MS MS PLATE HANDLES HLK-MS05-PC/S (7"")",,1030,
HARDWARE,HLK-MS02-PC/T,"DOOR HANDLES - SS / MS MS PLATE HANDLES HLK-MS02-PC/T (7"")",,980,
HARDWARE,HLK-MS02-PC/S,"DOOR HANDLES - SS / MS MS PLATE HANDLES HLK-MS02-PC/S (7"")",,990,
HARDWARE,HLK-SS19-SS/T,"DOOR HANDLES - SS / MS SS PLATE HANDLES HLK-SS19-SS/T (7"")",,1610,
HARDWARE,HLK-SS19-SS/S,"DOOR HANDLES - SS / MS SS PLATE HANDLES HLK-SS19-SS/S (7"")",,1760,
HARDWARE,HLK-SS04-SS/T,"DOOR HANDLES - SS / MS SS PLATE HANDLES HLK-SS04-SS/T (7"")",,1570,
HARDWARE,HLK-SS04-SS/S,"DOOR HANDLES - SS / MS SS PLATE HANDLES HLK-SS04-SS/S (7"")",,1740,
HARDWARE,HLR-7034-SS/E,DOOR HANDLES - BRASS / ZINC ROSE HLR-7034-SS/E,,3580,
HARDWARE,HLB-7034-SS/E,"DOOR HANDLES - BRASS / ZINC PLATE HLB-7034-SS/E(10"")",,3480,
HARDWARE,HLS-7034-SS/E,"DOOR HANDLES - BRASS / ZINC PLATE HLS-7034-SS/E(8"")",,3280,
HARDWARE,HLR-7028-SS/E,DOOR HANDLES - BRASS / ZINC ROSE HLR-7028-SS/E,,3280,
HARDWARE,HLB-7028-SS/E,"DOOR HANDLES - BRASS / ZINC PLATE HLB-7028-SS/E(10"")",,3480,
HARDWARE,HLS-7028-SS/E,"DOOR HANDLES - BRASS / ZINC PLATE HLS-7028-SS/E(8"")",,2980,
HARDWARE,HLR-7027-SC/E,DOOR HANDLES - BRASS / ZINC ROSE HLR-7027-SC/E,,4040,
HARDWARE,HLB-7027-SC/E,"DOOR HANDLES - BRASS / ZINC PLATE HLB-7027-SC/E(10"")",,4040,
HARDWARE,HLR-7013-SS/E,DOOR HANDLES - BRASS / ZINC ROSE HLR-7013-SS/E,,3150,
HARDWARE,HLK-7013-SS/E,"DOOR HANDLES - BRASS / ZINC PLATE HLK-7013-SS/E(8"")",,2180,
HARDWARE,HLS-7013-SS /E,"DOOR HANDLES - BRASS / ZINC PLATE HLS-7013-SS /E(8"")",,2540,
HARDWARE,HLR-7011-SS/E,DOOR HANDLES - BRASS / ZINC ROSE HLR-7011-SS/E,,3680,
HARDWARE,HLB-7011-SS/E,"DOOR HANDLES - BRASS / ZINC PLATE HLB-7011-SS/E(10"")",,3580,
HARDWARE,HLS-7011-SS/E,"DOOR HANDLES - BRASS / ZINC PLATE HLS-7011-SS/E(8"")",,3540,
HARDWARE,HLR-7009-SS/E,DOOR HANDLES - BRASS / ZINC ROSE HLR-7009-SS/E,,3680,
HARDWARE,HLB-7009-SS/E,"DOOR HANDLES - BRASS / ZINC PLATE HLB-7009-SS/E(10"")",,3580,
HARDWARE,HLS-7009-SS/E,"DOOR HANDLES - BRASS / ZINC PLATE HLS-7009-SS/E(8"")",,3580,
HARDWARE,HLR-7006-SC/E,DOOR HANDLES - BRASS / ZINC ROSE HLR-7006-SC/E,,3780,
HARDWARE,HLB-7006-SC/E,"DOOR HANDLES - BRASS / ZINC PLATE HLB-7006-SC/E(10"")",,3780,
HARDWARE,HLS-7006-SC/E,"DOOR HANDLES - BRASS / ZINC PLATE HLS-7006-SC/E(8"")",,3450,
HARDWARE,HLR-7004-SS/E,DOOR HANDLES - BRASS / ZINC ROSE HLR-7004-SS/E,,3580,
HARDWARE,HLR-7002-SS/E,DOOR HANDLES - BRASS / ZINC ROSE HLR-7002-SS/E,,3660,
HARDWARE,HLB-7002-SS/E,"DOOR HANDLES - BRASS / ZINC PLATE HLB-7002-SS/E(10"")",,3780,
HARDWARE,HLR-7001-SS/E,DOOR HANDLES - BRASS / ZINC ROSE HLR-7001-SS/E,,3580,
HARDWARE,HLR-5527-SS/E,DOOR HANDLES - BRASS / ZINC ROSE HLR-5527-SS/E,,3140,
HARDWARE,HLB-2527-SS/E,"DOOR HANDLES - BRASS / ZINC PLATE HLB-2527-SS/E(10"")",,3090,
HARDWARE,HLS-2527-SS/E,"DOOR HANDLES - BRASS / ZINC PLATE HLS-2527-SS/E(8"")",,2780,
HARDWARE,HLR-5521-SS/E,DOOR HANDLES - BRASS / ZINC ROSE HLR-5521-SS/E,,3280,
HARDWARE,HLB-2521-SS /E,"DOOR HANDLES - BRASS / ZINC PLATE HLB-2521-SS /E(10"")",,3340,
HARDWARE,HLS-2521-SS /E,"DOOR HANDLES - BRASS / ZINC PLATE HLS-2521-SS /E(8"")",,2710,
HARDWARE,HLR-6047-SS/E,DOOR HANDLES - BRASS / ZINC ROSE HLR-6047-SS/E,,3360,
HARDWARE,HLB-1747-SC/E,"DOOR HANDLES - BRASS / ZINC PLATE HLB-1747-SS/E(10"")",,3070,
HARDWARE,HLS-1747-SS/E,"DOOR HANDLES - BRASS / ZINC PLATE HLS-1747-SS/E(8"")",,2880,
HARDWARE,HLR-5555-SS/E,DOOR HANDLES - BRASS / ZINC ROSE HLR-5555-SS/E 3090.00,,3180,
HARDWARE,HLK-1655-SS/E,"DOOR HANDLES - BRASS / ZINC PLATE HLK-1655-SS/E(8"")",,2190,
HARDWARE,HLS-1655-SS/E,"DOOR HANDLES - BRASS / ZINC PLATE HLS-1655-SS/E(8"")",,2780,
HARDWARE,HLR-5140-SS/E,DOOR HANDLES - BRASS / ZINC ROSE HLR-5140-SS/E,,3170,
HARDWARE,HLK-0140-SS/E,"DOOR HANDLES - BRASS / ZINC PLATE HLK-0140-SS/E(8"")",,2190,
HARDWARE,HLS-0140-SS/E,"DOOR HANDLES - BRASS / ZINC PLATE HLS-0140-SS/E(8"")",,2840,
HARDWARE,HLR-5117-SN/E,DOOR HANDLES - BRASS / ZINC ROSE HLR-5117-SN/E,,3170,
HARDWARE,HLS-0117-SN/E,"DOOR HANDLES - BRASS / ZINC PLATE HLS-0117-SN/E(8"")",,2620,
HARDWARE,HLR-5114-SS/E,DOOR HANDLES - BRASS / ZINC ROSE HLR-5114-SS/E,,3280,
HARDWARE,HLK-0114-SS/E,"DOOR HANDLES - BRASS / ZINC PLATE HLK-0114-SS/E(8"")",,2290,
HARDWARE,HLS-0114-SS/E,"DOOR HANDLES - BRASS / ZINC PLATE HLS-0114-SS/E(8"")",,2980,
HARDWARE,HLR-0105-SS/E,DOOR HANDLES - BRASS / ZINC ROSE HLR-0105-SS/E,,2990,
HARDWARE,HLK-0105-SS/E,"DOOR HANDLES - BRASS / ZINC PLATE HLK-0105-SS/E(8"")",,2080,
HARDWARE,HLS-0105-SS/E,"DOOR HANDLES - BRASS / ZINC PLATE HLS-0105-SS/E(8"")",,2780,
HARDWARE,HLR-0406-SSBM/E,DOOR HANDLES - BRASS / ZINC ROSE HLR-0406-S,,4250,
HARDWARE,HLR-0406-SSBM/P,DOOR HANDLES - BRASS / ZINC ROSE HLR-0406-S,,4320,
HARDWARE,HLB-0406-SSBM/E,"DOOR HANDLES - BRASS / ZINC PLATE HLB-0406-SSBM/P(10"")",,4250,
HARDWARE,HLB-0406-SSBM/P,"DOOR HANDLES - BRASS / ZINC PLATE HLB-0406-SSBM/P(10"")",,4320,
HARDWARE,HLS-0406-SSBM/E,"DOOR HANDLES - BRASS / ZINC PLATE HLS-0406-SSBM/P(8"")",,3440,
HARDWARE,HLS-0406-SSBM/P,"DOOR HANDLES - BRASS / ZINC PLATE HLS-0406-SSBM/P(8"")",,3810,
HARDWARE,HLR-0405-ABM/E,DOOR HANDLES - BRASS / ZINC ROSE HLR-0405-ABM/P,,4340,
HARDWARE,HLR-0405-ABM/P,DOOR HANDLES - BRASS / ZINC ROSE HLR-0405-ABM/P,,4330,
HARDWARE,HLB-0405-SSM/E,"DOOR HANDLES - BRASS / ZINC PLATE HLB-0405-SSM/P(10"")",,4340,
HARDWARE,HLB-0405-SSM/P,"DOOR HANDLES - BRASS / ZINC PLATE HLB-0405-SSM/P(10"")",,4330,
HARDWARE,HLS-0405-SSM/E,"DOOR HANDLES - BRASS / ZINC PLATE HLS-0405-SSM/P(8"")",,3620,
HARDWARE,HLS-0405-SSM/P,"DOOR HANDLES - BRASS / ZINC PLATE HLS-0405-SSM/P(8"")",,3890,
HARDWARE,HLR-0406-ABM/E,DOOR HANDLES - BRASS / ZINC ROSE HLR-0406-ABM/P,,3920,
HARDWARE,HLR-0406-ABM/P,DOOR HANDLES - BRASS / ZINC ROSE HLR-0406-ABM/P,,3960,
HARDWARE,HLB-0402-SSM/E,"DOOR HANDLES - BRASS / ZINC PLATE HLB-0402-SSM/P(10"")",,3750,
HARDWARE,HLB-0402-SSM/P,"DOOR HANDLES - BRASS / ZINC PLATE HLB-0402-SSM/P(10"")",,3980,
HARDWARE,HLS-0402-SSM/E,"DOOR HANDLES - BRASS / ZINC PLATE HLS-0402-SSM/P(8"")",,3490,
HARDWARE,HLS-0402-SSM/P,"DOOR HANDLES - BRASS / ZINC PLATE HLS-0402-SSM/P(8"")",,3410,
HARDWARE,HLR-9090-BBM/E,DOOR HANDLES - BRASS / ZINC ROSE HLR-9090-BBM/P,,5610,
HARDWARE,HLR-9090-BBM/P,DOOR HANDLES - BRASS / ZINC ROSE HLR-9090-BBM/P,,5990,
HARDWARE,HLB-9090-BBM/E,"DOOR HANDLES - BRASS / ZINC PLATE HLB-9090-BBM/P(10"")",,5610,
HARDWARE,HLB-9090-BBM/P,"DOOR HANDLES - BRASS / ZINC PLATE HLB-9090-BBM/P(10"")",,5990,
HARDWARE,HLS-9090-BBM/E,"DOOR HANDLES - BRASS / ZINC PLATE HLS-9090-BBM/P(8"")",,5680,
HARDWARE,HLS-9090-BBM/P,"DOOR HANDLES - BRASS / ZINC PLATE HLS-9090-BBM/P(8"")",,5290,
HARDWARE,HLR-9070-BBM/E,DOOR HANDLES - BRASS / ZINC ROSE HLR-9070-BBM/P,,5250,
HARDWARE,HLR-9070-BBM/P,DOOR HANDLES - BRASS / ZINC ROSE HLR-9070-BBM/P,,5780,
HARDWARE,HLB-9070-BBM/E,"DOOR HANDLES - BRASS / ZINC PLATE HLB-9070-BBM/P(10"")",,5250,
HARDWARE,HLB-9070-BBM/P,"DOOR HANDLES - BRASS / ZINC PLATE HLB-9070-BBM/P(10"")",,5690,
HARDWARE,HLS-9070-BBM/E,"DOOR HANDLES - BRASS / ZINC PLATE HLS-9070-BBM/P(8"")",,4990,
HARDWARE,HLS-9070-BBM/P,"DOOR HANDLES - BRASS / ZINC PLATE HLS-9070-BBM/P(8"")",,4920,
HARDWARE,HLR-0324-AB/E,DOOR HANDLES - BRASS / ZINC ROSE HLR-0324-AB/P,,5490,
HARDWARE,HLR-0324-AB/P,DOOR HANDLES - BRASS / ZINC ROSE HLR-0324-AB/P,,5980,
HARDWARE,HLB-0324-AB/E,"DOOR HANDLES - BRASS / ZINC PLATE HLB-0324-AB/P(10"")",,5490,
HARDWARE,HLB-0324-AB/P,"DOOR HANDLES - BRASS / ZINC PLATE HLB-0324-AB/P(10"")",,5780,
HARDWARE,HLS-0324-AB/E,"DOOR HANDLES - BRASS / ZINC PLATE HLS-0324-AB/E(8"")",,4680,
HARDWARE,HLS-0324-AB/P,"DOOR HANDLES - BRASS / ZINC PLATE HLS-0324-AB/P(8"")",,4610,
HARDWARE,"CB-SB-BM-02  2-1/2""",DOOR ACCESSORIES (COBOARD LOCK SOLID BRASS),,385,
HARDWARE,DHL-2175,"DOOR HANDLE LINEAR 175x20 MM (7"") 202",,84,
HARDWARE,DC-960,DOOR CLOSER UNIVERSAL MTS 90,,1880,
HARDWARE,DC-960PA,DOOR CLOSER UNIVERSAL MTS 90 PA,,2280,
HARDWARE,TBR-3100,"TOWER BOLT ROUND 100 MM (4"") 304",,208,
HARDWARE,TBR-3150,"TOWER BOLT ROUND 150 MM (6"") 304",,256,
HARDWARE,TBR-3200,"TOWER BOLT ROUND 200 MM (8"") 304",,318,
HARDWARE,TBR-3250,"TOWER BOLT ROUND 250 MM (10"") 304",,364,
HARDWARE,TBR-3300,"TOWER BOLT ROUND 300 MM (12"") 304",,414,
HARDWARE,DHL-3125,"DOOR HANDLE LINEAR 125x20 MM (5"") 304",,84,
HARDWARE,DHL-3150,"DOOR HANDLE LINEAR 150x20 MM (6"") 304",,92,
HARDWARE,DHL-3175,"DOOR HANDLE LINEAR 175x20 MM (7"") 304",,98,
HARDWARE,DHL-3200,"DOOR HANDLE LINEAR 200x20 MM (8"") 304",,110,
HARDWARE,DHC-2175,"DOOR HANDLE CURVE 175x20 MM (7"") 202",,86,
HARDWARE,DHC-3125,"DOOR HANDLE CURVE 125x20 MM (5"") 304",,88,
HARDWARE,DHC-3150,"DOOR HANDLE CURVE 150x20 MM (6"") 304",,96,
HARDWARE,DHC-3175,"DOOR HANDLE CURVE 175x20 MM (7"") 304",,98,
HARDWARE,DHC-3200,"DOOR HANDLE CURVE 200x20 MM (8"") 304",,112,
HARDWARE,SSB-2100,SS BAR PULL HD 2100,,138,
HARDWARE,SSB-2125,SS BAR PULL HD 2125,,158,
HARDWARE,SSB-2150,SS BAR PULL HD (2150)-SSM,,188,
HARDWARE,LD-3608,"ALDROP 16x200 MM (8"") 304",,836,
HARDWARE,LD-3610,"ALDROP 16x250 MM (10"") 304",,998,
HARDWARE,LD-3612,"ALDROP 16x300 MM (12"") 304",,1066,
HARDWARE,LD-3614,"ALDROP 16x350 MM (14"") 304",,1246,
HARDWARE,SLD-3608,"ALDROP 16x200 MM (8"") 304 SL",,718,
HARDWARE,SLD-3610,"ALDROP 16x250 MM (10"") 304 SL",,738,
HARDWARE,SLD-3612,"ALDROP 16x300 MM (12"") 304 SL",,798,
HARDWARE,SLD-3614,"ALDROP 16x350 MM (14"") 304 SL",,946,
HARDWARE,LLD-1208,"SS DOOR LATCH ?12x200 MM (8"") 202",,416,
HARDWARE,LLD-1210,"SS DOOR LATCH ?12x250 MM (10"") 202",,434,
HARDWARE,LLD-3208,"SS DOOR LATCH 12x200 MM (8"") 304",,498,
HARDWARE,LLD-3210,"SS DOOR LATCH 12x250 MM (10"") 304",,532,
HARDWARE,HLR-0402-SSM/P,Door Handle Rose 0402 With Pm Cy Lock Set,,3940,
HARDWARE,HLS-0117-SS/E,"Door Handle (7.5"") 0117 With Ec Cy Lock Set",,2880,
HARDWARE,HLR-5117-SS/E,Door Handle Rose 5117 With Ec Cy Lock Set,,3280,
HARDWARE,HLB-1747-SS/E,"Door Handle (10"") 1747 With Ec Cy Lock Set",,3180,
HARDWARE,HLS-2521-SS/E,"Door Handle (8"") 2521 With Ec Cy Lock Set",,2890,
HARDWARE,HLB-2521-SS/E,"Door Handle (10"") 2521with Ec Cy Lock Set",,3230,
HARDWARE,HLS-7006-SS/E,"Door Handle(8"") 7006 With Ec Cy Lock Set",,3180,
HARDWARE,HLB-7006-SS/E,"Door Handle(10"") 7006 With Ec Cy Lock Set",,3480,
HARDWARE,HLR-7006-SS/E,Door Handle Rose 7006 With Ec Cy Lock Set,,3580,
HARDWARE,HLS-7013-SS/E,"Door Handle (7.5"") 7013 With Ec Cy Lock Set",,2840,
HARDWARE,HLW-SS04-SS,Door Handle Small SS04 Baby Latch Lock Set,,1590,
HARDWARE,HLK-MS05-SS/S,"Door Handle (7"") MS05 With Lever Lock Set",,1190,
HARDWARE,PCL-60Z-OSK,Euro Cylinder Lock 60 MM One Side Reguler,,624,
HARDWARE,PCL-60Z-BSK-AB,Euro Cylinder Lock 60 MM BSK ANTIQUE,,624,
HARDWARE,PCL-60-OSK-MK,Euro Cylinder Lock 60 MM Master Key,,980,
HARDWARE,PCL-70Z-OSK,Euro Cylinder Lock 70 MM One Side Regule,,674,
HARDWARE,CCL-60-OSK,Euro Cylinder Lock 60 MM One Side Computer,,724,
HARDWARE,CCL-70-OSK,Euro Cylinder Lock 70 MM One Side Computer,,888,
HARDWARE,CCL-80-OSK,Euro Cylinder Lock 80 MM One Side Computer,,948,
HARDWARE,CCL-90-OSK,Euro Cylinder Lock 90 MM One Side Computer,,978,
HARDWARE,CCL-60-BSK-AB,Euro Cylinder Lock 60 MM,,768,
HARDWARE,CCL-60-BSK,Euro Cylinder Lock 60 MM Both Side Computer,,748,
HARDWARE,CCL-70-BSK,Euro Cylinder Lock 70 MM Both Side Computer,,824,
HARDWARE,CCL-80-BSK,Euro Cylinder Lock 80 MM Both Side Computer,,888,
HARDWARE,CCL-90-BSK,Euro Cylinder Lock 90 MM Both Side Computer,,948,
HARDWARE,CL-60-CNK,Euro Cylinder Lock 60 MM Coin & Knob,,574,
HARDWARE,CL-70-CNK,Euro Cylinder Lock 70 MM Coin & Knob,,748,
HARDWARE,ML-4502-SS,"8"" MORTISE LOCK EC SMALL",,548,
HARDWARE,ML-4502-AB,"8"" MORTISE LOCK EC SMALL ANTIQUE",,558,
HARDWARE,ML-4501-SS,"8"" MORTISE LOCK PR SMALL",,596,
HARDWARE,ML-8502-SS,"10"" MORTISE LOCK EC BIG 8502",,592,
HARDWARE,ML-8502-AB,"10"" MORTISE LOCK EC BIG 8502 ANTIQUE",,648,
HARDWARE,ML-DD45-BM-KY,"8"" MORTISE DOUBLE DOOR LEVER LOCK",,1380,
HARDWARE,ML-1110-SS-KY,MORTISE LEVER LOCK SS (1110-3PIN),,508,
HARDWARE,ML-1105-SS-KY,MORTISE LEVER LOCK SS (1105),,482,
HARDWARE,MP-R25MM,Multi Purpose / Drawer Lock 25 MM,,169,
HARDWARE,MP-U20MM,Multi Purpose / Drawer Lock 20 MM,,428,
HARDWARE,PLB-2110,Locking Bolt 110X10MM SS-202,,216,
HARDWARE,HASP-01,HASP-4 X14-CP,,108,
HARDWARE,DCH-250-SS,DOOR CHAIN SS 200 MM,,248,
HARDWARE,PNL-140,Pannel Key Lock 40 MM,,232,
HARDWARE,PNL-125,Pannel Key Lock 25 MM,,210,
HARDWARE,EP-Ganesha,Door Eye Viewer New Ganesha Antique,,258,
HARDWARE,EP-BSBS,Door Eye Viewer BSBS- Full Gold,,288,
HARDWARE,EP-IMP,Door Eye Viewer IMP- Silver Crome,,108,
HARDWARE,DSI-CI05-SS,"Door Stopper 5"" Ms Hanging Type",,148,
HARDWARE,DSZ-PW06-SS,"Door Stopper 6"" Zinc Hanging Type",,362,
HARDWARE,DSZ-FO05-PC,"Door Stopper 5"" Zinc Foot Operated PC",,268,
HARDWARE,DSZ-FO05-SS,"Door Stopper 5"" Zinc Foot Operated SS",,298,
HARDWARE,DSS-2SL,"Door Stopper (4"")2 Leg SS",,158,
HARDWARE,DSR- PVC03,"Door Silencer 3"" White PVC",,36,
HARDWARE,MDC-W55,MAGNET WINDOW CATCHER 55,,32,
HARDWARE,DSR- RB03,"Door Silencer 3"" Brown Rubber",,84,
HARDWARE,DC-645,DOOR CLOSER MTS 60,,1390,
HARDWARE,DC-745,DOOR CLOSER MTS 70,,1490,
P.T.M.T. SYMET,1375-DP,Wall Mixer with L Bend,,2454,
P.T.M.T. SYMET,145-DP,2 Way Angle Cock with Flange,,864,
P.T.M.T. SYMET,144-DP,Angle Cock with Flange,,474,
P.T.M.T. SYMET,132-DP,Sink Cock (R.H.) Swan Neck (T/M),,998,
P.T.M.T. SYMET,133-DP,Sink Cock (W/M) with Flange,,998,
P.T.M.T. SYMET,130-DP,Pillar Cock with Flange,,666,
P.T.M.T. SYMET,129-DP,2 Way Bib Cock with Flange,,930,
P.T.M.T. SYMET,123-DP,Bib Cock with Flange,,494,
P.T.M.T. SYMET,1375-DR,Wall Mixer with L Bend,,2454,
P.T.M.T. SYMET,145-DR,2 Way Angle Cock with Flange,,864,
P.T.M.T. SYMET,144-DR,Angle Cock with Flange,,474,
P.T.M.T. SYMET,132-DR,Sink Cock (R.H.) Swan Neck (T/M),,998,
P.T.M.T. SYMET,133-DR,Sink Cock (W/M) with Flange,,998,
P.T.M.T. SYMET,130-DR,Pillar Cock with Flange,,666,
P.T.M.T. SYMET,129-DR,2 Way Bib Cock with Flange,,930,
P.T.M.T. SYMET,123-DR,Bib Cock with Flange,,494,
P.T.M.T. SYMET,1375-DG,Wall Mixer with L Bend,,2454,
P.T.M.T. SYMET,145-DG,2 Way Angle Cock with Flange,,864,
P.T.M.T. SYMET,144-DG,Angle Cock with Flange,,474,
P.T.M.T. SYMET,132-DG,Sink Cock (R.H.) Swan Neck (T/M),,998,
P.T.M.T. SYMET,133-DG,Sink Cock (W/M) with Flange,,998,
P.T.M.T. SYMET,130-DG,Pillar Cock with Flange,,666,
P.T.M.T. SYMET,129-DG,2 Way Bib Cock with Flange,,930,
P.T.M.T. SYMET,123-DG,Bib Cock with Flange,,494,
P.T.M.T. SYMET,1375-DW,Wall Mixer with L Bend,,2454,
P.T.M.T. SYMET,145-DW,2 Way Angle Cock with Flange,,864,
P.T.M.T. SYMET,144-DW,Angle Cock with Flange,,474,
P.T.M.T. SYMET,132-DW,Sink Cock (R.H.) Swan Neck (T/M),,998,
P.T.M.T. SYMET,133-DW,Sink Cock (W/M) with Flange,,998,
P.T.M.T. SYMET,130-DW,Pillar Cock with Flange,,666,
P.T.M.T. SYMET,129-DW,2 Way Bib Cock with Flange,,930,
P.T.M.T. SYMET,123-DW,Bib Cock with Flange,,494,
P.T.M.T. SYMET,1375-D,Wall Mixer with L Bend,,2314,
P.T.M.T. SYMET,145-D,2 Way Angle Cock with Flange,,814,
P.T.M.T. SYMET,1375-UP,Wall Mixer with L Bend,,2098,
P.T.M.T. SYMET,145-UP,2 Way Angle Cock with Flange,,724,
P.T.M.T. SYMET,144-UP,Angle Cock with Flange,,374,
P.T.M.T. SYMET,133-UP,Sink Cock (R.H) Swan Neck (T/M) with Flange,,832,
P.T.M.T. SYMET,132-UP,SInk Cock (W/M) with Flange,,832,
P.T.M.T. SYMET,130-UP,Pillar Cock with Flange,,528,
P.T.M.T. SYMET,129-UP,2 Way Bib Cock with Flange,,776,
P.T.M.T. SYMET,124-UP,Bib Cock Long Body 15mm with Flange,,516,
P.T.M.T. SYMET,123-UP,Bib Cock Fancy 15mm with Flange,,420,
P.T.M.T. SYMET,1375-UR,Wall Mixer with L Bend,,2098,
P.T.M.T. SYMET,145-UR,2 Way Angle Cock with Flange,,724,
P.T.M.T. SYMET,144-UR,Angle Cock with Flange,,374,
P.T.M.T. SYMET,133-UR,Sink Cock (R.H) Swan Neck (T/M) with Flange,,832,
P.T.M.T. SYMET,132-UR,SInk Cock (W/M) with Flange,,832,
P.T.M.T. SYMET,130-UR,Pillar Cock with Flange,,528,
P.T.M.T. SYMET,129-UR,2 Way Bib Cock with Flange,,776,
P.T.M.T. SYMET,124-UR,Bib Cock Long Body 15mm with Flange,,516,
P.T.M.T. SYMET,123-UR,Bib Cock Fancy 15mm with Flange,,420,
P.T.M.T. SYMET,1375-UG,Wall Mixer with L Bend,,2098,
P.T.M.T. SYMET,145-UG,2 Way Angle Cock with Flange,,724,
P.T.M.T. SYMET,144-UG,Angle Cock with Flange,,374,
P.T.M.T. SYMET,133-UG,Sink Cock (R.H) Swan Neck (T/M) with Flange,,832,
P.T.M.T. SYMET,132-UG,SInk Cock (W/M) with Flange,,832,
P.T.M.T. SYMET,130-UG,Pillar Cock with Flange,,528,
P.T.M.T. SYMET,129-UG,2 Way Bib Cock with Flange,,776,
P.T.M.T. SYMET,124-UG,Bib Cock Long Body 15mm with Flange,,516,
P.T.M.T. SYMET,123-UG,Bib Cock Fancy 15mm with Flange,,420,
P.T.M.T. SYMET,1375-UW,Wall Mixer with L Bend,,2098,
P.T.M.T. SYMET,145-UW,2 Way Angle Cock with Flange,,724,
P.T.M.T. SYMET,144-UW,Angle Cock with Flange,,374,
P.T.M.T. SYMET,133-UW,Sink Cock (R.H) Swan Neck (T/M) with Flange,,832,
P.T.M.T. SYMET,132-UW,SInk Cock (W/M) with Flange,,832,
P.T.M.T. SYMET,130-UW,Pillar Cock with Flange,,528,
P.T.M.T. SYMET,129-UW,2 Way Bib Cock with Flange,,776,
P.T.M.T. SYMET,124-UW,Bib Cock Long Body 15mm with Flange,,516,
P.T.M.T. SYMET,123-UW,Bib Cock Fancy 15mm with Flange,,420,
P.T.M.T. SYMET,1817-C,Over Head Shower Square (4X4 inch) with Arm (1817+1841),,518,
P.T.M.T. SYMET,LF-156,"WATER TANK LINE FILTER 2"" 50MM",,2532,
P.T.M.T. SYMET,149-SP,FLORA PRIME BATH FITTINGS & MIXERS Washing Machine Tap WITH FLANGE,,384,
P.T.M.T. SYMET,145-SP,FLORA PRIME BATH FITTINGS & MIXERS 2 Way Angle Cock with Flange,,448,
P.T.M.T. SYMET,144-SP,FLORA PRIME BATH FITTINGS & MIXERS Angle Cock with Flange,,250,
P.T.M.T. SYMET,1322-SP,FLORA PRIME BATH FITTINGS & MIXERS SINK COCK SWING ARM SHORT W/M WITH FLANGE,,608,
P.T.M.T. SYMET,133-SP,FLORA PRIME BATH FITTINGS & MIXERS Sink Cock (T/M) Long WITH FLANGE,,686,
P.T.M.T. SYMET,147-SP,FLORA PRIME BATH FITTINGS & MIXERS Piller Cock Swan Neck WITH FLANGE,,630,
P.T.M.T. SYMET,132-SP,FLORA PRIME BATH FITTINGS & MIXERS Sink Cock (W/M) with Flange,,664,
P.T.M.T. SYMET,130-SP,FLORA PRIME BATH FITTINGS & MIXERS Pillar Cock WITH FLANGE,,334,
P.T.M.T. SYMET,129-SP,FLORA PRIME BATH FITTINGS & MIXERS 2 Way Bib Cock With Flange,,484,
P.T.M.T. SYMET,127-SP,FLORA PRIME BATH FITTINGS & MIXERS Bib Cock Nozzle with Flange,,288,
P.T.M.T. SYMET,124-SP,FLORA PRIME BATH FITTINGS & MIXERS Bib Cock Long Smart Body( 15 mm ) with Flange,,314,
P.T.M.T. SYMET,121-SP,FLORA PRIME BATH FITTINGS & MIXERS Bib Cock Fancy (15mm)Foam Flow with Flange,,240,
P.T.M.T. SYMET,123-FHP,HELIX PRIME BATH FITTINGS & MIXERS Bib Cock with Flang (Foam flow),,302,
P.T.M.T. SYMET,1491-HP,HELIX PRIME BATH FITTING & MIXERS WASHING MACHINE TAP,,422,
P.T.M.T. SYMET,147-HP,HELIX PRIME BATH FITTING & MIXERS PILLAR COCK SWAN NECK,,712,
P.T.M.T. SYMET,148-HP,HELIX PRIME BATH FITTING & MIXERS CONCEALED STOPCOCK 15MM/20MM R.H,,416,
P.T.M.T. SYMET,146-HP,HELIX PRIME BATH FITTING & MIXERS CONCEALED STOPCOCK 15MM/20MM R.H,,416,
P.T.M.T. SYMET,145-HP,HELIX PRIME BATH FITTING & MIXERS 2 WAY ANGLE COCK 15MM WITH FLANGE,,550,
P.T.M.T. SYMET,144-HP,HELIX PRIME BATH FITTING & MIXERS ANGLE COCK WITH FLANGE,,250,
P.T.M.T. SYMET,143-HP,HELIX PRIME BATH FITTING & MIXERS STOP COCK 15MM/20MM F/T R.H,,280,
P.T.M.T. SYMET,142-HP,HELIX PRIME BATH FITTING & MIXERS STOP COCK 15MM/20MM F/T R.H,,268,
P.T.M.T. SYMET,141-HP,HELIX PRIME BATH FITTING & MIXERS STOP COCK 15MM MALE THREAD,,260,
P.T.M.T. SYMET,134-HP,HELIX PRIME BATH FITTING & MIXERS SINK MIXER WITH FLANGE,,1376,
P.T.M.T. SYMET,133-HP,HELIX PRIME BATH FITTING & MIXERS SINK COCK-SWING ARM T/M,,756,
P.T.M.T. SYMET,132-HP,HELIX PRIME BATH FITTING & MIXERS SINK COCK WITH FLANGE,,756,
P.T.M.T. SYMET,1311-HP,HELIX PRIME BATH FITTING & MIXERS PILLAR COCK FANCY 15MM R.H FOAM FLOW,,422,
P.T.M.T. SYMET,131-HP,HELIX PRIME BATH FITTING & MIXERS PILLAR COCK FANCY 15MM WITH FOAM FLOW,,412,
P.T.M.T. SYMET,130-HP,HELIX PRIME BATH FITTING & MIXERS PILLAR COCK,,374,
P.T.M.T. SYMET,129-HP,HELIX PRIME BATH FITTING & MIXERS 2 WAY BIB COCK 15MM WITH FLANGE FOAM FLOW,,586,
P.T.M.T. SYMET,127-HP,HELIX PRIME BATH FITTING & MIXERS BIB COCK NOZZLE WITH FLANGE,,296,
P.T.M.T. SYMET,1375-HP,HELIX PRIME BATH FITTING & MIXERS WALL MIXER WITH L BEND,,1796,
P.T.M.T. SYMET,124-FHP,HELIX PRIME BATH FITTING & MIXERS BIB COCK LONG BODY 15MM WITH FLANGE W/F FOAM FLOW,,348,
P.T.M.T. SYMET,124-HP,HELIX PRIME BATH FITTING & MIXERS BIB COCK LONG BODY 15MM WITH FLANGE W/F,,334,
P.T.M.T. SYMET,123-HP,HELIX PRIME BATH FITTING & MIXERS BIB COCK WITH FLANGE,,290,
P.T.M.T. SYMET,121-HP,HELIX PRIME BATH FITTING & MIXERS BIB COCK STANDARD 15MM WITHOUT FLANGE,,260,
P.T.M.T. SYMET,123-FHR,HELIX ROYAL BATH FITTINGS & MIXERS Bib Cock with Flang (Foam flow),,302,
P.T.M.T. SYMET,1491-HR,HELIX ROYAL BATH FITTING & MIXERS WASHING MACHINE TAP,,422,
P.T.M.T. SYMET,147-HR,HELIX ROYAL BATH FITTING & MIXERS PILLAR COCK SWAN NECK,,712,
P.T.M.T. SYMET,148-HR,HELIX ROYAL BATH FITTING & MIXERS CONCEALED STOPCOCK 15MM/20MM R.H,,416,
P.T.M.T. SYMET,146-HR,HELIX ROYAL BATH FITTING & MIXERS CONCEALED STOPCOCK 15MM/20MM R.H,,416,
P.T.M.T. SYMET,145-HR,HELIX ROYAL BATH FITTING & MIXERS 2 WAY ANGLE COCK 15MM WITH FLANGE,,550,
P.T.M.T. SYMET,144-HR,HELIX ROYAL BATH FITTING & MIXERS ANGLE COCK WITH FLANGE,,250,
P.T.M.T. SYMET,143-HR,HELIX ROYAL BATH FITTING & MIXERS STOP COCK 15MM/20MM F/T R.H,,280,
P.T.M.T. SYMET,142-HR,HELIX ROYAL BATH FITTING & MIXERS STOP COCK 15MM/20MM F/T R.H,,268,
P.T.M.T. SYMET,141-HR,HELIX ROYAL BATH FITTING & MIXERS STOP COCK 15MM MALE THREAD,,260,
P.T.M.T. SYMET,134-HR,HELIX ROYAL BATH FITTING & MIXERS SINK MIXER WITH FLANGE,,1376,
P.T.M.T. SYMET,133-HR,HELIX ROYAL BATH FITTING & MIXERS SINK COCK-SWING ARM T/M,,756,
P.T.M.T. SYMET,132-HR,HELIX ROYAL BATH FITTING & MIXERS SINK COCK WITH FLANGE,,756,
P.T.M.T. SYMET,1311-HR,HELIX ROYAL BATH FITTING & MIXERS PILLAR COCK FANCY 15MM R.H FOAM FLOW,,422,
P.T.M.T. SYMET,131-HR,HELIX ROYAL BATH FITTING & MIXERS PILLAR COCK FANCY 15MM WITH FOAM FLOW,,412,
P.T.M.T. SYMET,130-HR,HELIX ROYAL BATH FITTING & MIXERS PILLAR COCK,,374,
P.T.M.T. SYMET,129-HR,HELIX ROYAL BATH FITTING & MIXERS 2 WAY BIB COCK 15MM WITH FLANGE FOAM FLOW,,586,
P.T.M.T. SYMET,127-HR,HELIX ROYAL BATH FITTING & MIXERS BIB COCK NOZZLE WITH FLANGE,,296,
P.T.M.T. SYMET,1375-HR,HELIX ROYAL BATH FITTING & MIXERS WALL MIXER WITH L BEND,,1796,
P.T.M.T. SYMET,124-FHR,HELIX ROYAL BATH FITTING & MIXERS BIB COCK LONG BODY 15MM WITH FLANGE W/F FOAM FLOW,,348,
P.T.M.T. SYMET,124-HR,HELIX ROYAL BATH FITTING & MIXERS BIB COCK LONG BODY 15MM WITH FLANGE W/F,,334,
P.T.M.T. SYMET,123-HR,HELIX ROYAL BATH FITTING & MIXERS BIB COCK WITH FLANGE,,290,
P.T.M.T. SYMET,121-HR,HELIX ROYAL BATH FITTING & MIXERS BIB COCK STANDARD 15MM WITHOUT FLANGE,,260,
P.T.M.T. SYMET,123-FHG,HELIX GOLD BATH FITTINGS & MIXERS Bib Cock with Flang (Foam flow),,302,
P.T.M.T. SYMET,1491-HG,HELIX GOLD BATH FITTING & MIXERS WASHING MACHINE TAP,,422,
P.T.M.T. SYMET,147-HG,HELIX GOLD BATH FITTING & MIXERS PILLAR COCK SWAN NECK,,712,
P.T.M.T. SYMET,148-HG,HELIX GOLD BATH FITTING & MIXERS CONCEALED STOPCOCK 15MM/20MM R.H,,416,
P.T.M.T. SYMET,146-HG,HELIX GOLD BATH FITTING & MIXERS CONCEALED STOPCOCK 15MM/20MM R.H,,416,
P.T.M.T. SYMET,145-HG,HELIX GOLD BATH FITTING & MIXERS 2 WAY ANGLE COCK 15MM WITH FLANGE,,550,
P.T.M.T. SYMET,144-HG,HELIX GOLD BATH FITTING & MIXERS ANGLE COCK WITH FLANGE,,250,
P.T.M.T. SYMET,143-HG,HELIX GOLD BATH FITTING & MIXERS STOP COCK 15MM/20MM F/T R.H,,280,
P.T.M.T. SYMET,142-HG,HELIX GOLD BATH FITTING & MIXERS STOP COCK 15MM/20MM F/T R.H,,268,
P.T.M.T. SYMET,141-HG,HELIX GOLD BATH FITTING & MIXERS STOP COCK 15MM MALE THREAD,,260,
P.T.M.T. SYMET,134-HG,HELIX GOLD BATH FITTING & MIXERS SINK MIXER WITH FLANGE,,1376,
P.T.M.T. SYMET,133-HG,HELIX GOLD BATH FITTING & MIXERS SINK COCK-SWING ARM T/M,,756,
P.T.M.T. SYMET,132-HG,HELIX GOLD BATH FITTING & MIXERS SINK COCK WITH FLANGE,,756,
P.T.M.T. SYMET,1311-HG,HELIX GOLD BATH FITTING & MIXERS PILLAR COCK FANCY 15MM R.H FOAM FLOW,,422,
P.T.M.T. SYMET,131-HG,HELIX GOLD BATH FITTING & MIXERS PILLAR COCK FANCY 15MM WITH FOAM FLOW,,412,
P.T.M.T. SYMET,130-HG,HELIX GOLD BATH FITTING & MIXERS PILLAR COCK,,374,
P.T.M.T. SYMET,129-HG,HELIX GOLD BATH FITTING & MIXERS 2 WAY BIB COCK 15MM WITH FLANGE FOAM FLOW,,586,
P.T.M.T. SYMET,127-HG,HELIX GOLD BATH FITTING & MIXERS BIB COCK NOZZLE WITH FLANGE,,296,
P.T.M.T. SYMET,1375-HG,HELIX GOLD BATH FITTING & MIXERS WALL MIXER WITH L BEND,,1796,
P.T.M.T. SYMET,124-FHG,HELIX GOLD BATH FITTING & MIXERS BIB COCK LONG BODY 15MM WITH FLANGE W/F FOAM FLOW,,348,
P.T.M.T. SYMET,124-HG,HELIX GOLD BATH FITTING & MIXERS BIB COCK LONG BODY 15MM WITH FLANGE W/F,,334,
P.T.M.T. SYMET,123-HG,HELIX GOLD BATH FITTING & MIXERS BIB COCK WITH FLANGE,,290,
P.T.M.T. SYMET,121-HG,HELIX GOLD BATH FITTING & MIXERS BIB COCK STANDARD 15MM WITHOUT FLANGE,,260,
P.T.M.T. SYMET,123-FHW,HELIX WINE BATH FITTINGS & MIXERS Bib Cock with Flang (Foam flow),,302,
P.T.M.T. SYMET,1491-HW,HELIX WINE BATH FITTING & MIXERS WASHING MACHINE TAP WITH FLANGE,,422,
P.T.M.T. SYMET,147-HW,HELIX WINE BATH FITTING & MIXERS PILLAR COCK SWAN NECK WITH FLANGE,,712,
P.T.M.T. SYMET,148-HW,HELIX WINE BATH FITTING & MIXERS CONCEALED STOPCOCK 15MM/20MM R.H,,416,
P.T.M.T. SYMET,146-HW,HELIX WINE BATH FITTING & MIXERS CONCEALED STOPCOCK 15MM/20MM R.H,,416,
P.T.M.T. SYMET,145-HW,HELIX WINE BATH FITTING & MIXERS 2 WAY ANGLE COCK 15MM WITH FLANGE,,550,
P.T.M.T. SYMET,144-HW,HELIX WINE BATH FITTING & MIXERS ANGLE COCK WITH FLANGE,,250,
P.T.M.T. SYMET,143-HW,HELIX WINE BATH FITTING & MIXERS STOP COCK 15MM/20MM F/T R.H,,280,
P.T.M.T. SYMET,142-HW,HELIX WINE BATH FITTING & MIXERS STOP COCK 15MM/20MM F/T R.H,,268,
P.T.M.T. SYMET,141-HW,HELIX WINE BATH FITTING & MIXERS STOP COCK 15MM MALE THREAD,,260,
P.T.M.T. SYMET,134-HW,HELIX WINE BATH FITTING & MIXERS SINK MIXER FOAM FLOW WITH FLANGE,,1376,
P.T.M.T. SYMET,133-HW,HELIX WINE BATH FITTING & MIXERS SINK COCK FOAM FLOW SWING ARM (T/M) WITH FLANGE,,756,
P.T.M.T. SYMET,132-HW,HELIX WINE BATH FITTING & MIXERS SINK COCK FOAM FLOW WITH FLANGE,,756,
P.T.M.T. SYMET,1311-HW,HELIX WINE BATH FITTING & MIXERS PILLAR COCK FANCY 15MM R.H FOAM FLOW WITH FLANGE,,422,
P.T.M.T. SYMET,131-HW,HELIX WINE BATH FITTING & MIXERS PILLAR COCK FANCY 15MM WITH FOAM FLOW WITH FLANGE,,412,
P.T.M.T. SYMET,130-HW,HELIX WINE BATH FITTING & MIXERS PILLAR COCK WITH FLANGE,,374,
P.T.M.T. SYMET,129-HW,HELIX WINE BATH FITTING & MIXERS 2 WAY BIB COCK 15MM WITH FLANGE FOAM FLOW,,586,
P.T.M.T. SYMET,127-HW,HELIX WINE BATH FITTING & MIXERS BIB COCK NOZZLE WITH FLANGE,,296,
P.T.M.T. SYMET,1375-HW,HELIX WINE BATH FITTING & MIXERS WALL MIXER WITH L BEND WITH FLANGE,,1796,
P.T.M.T. SYMET,124-FHW,HELIX WINE BATH FITTING & MIXERS BIB COCK LONG BODY 15MM WITH FLANGE W/F FOAM FLOW,,348,
P.T.M.T. SYMET,124-HW,HELIX WINE BATH FITTING & MIXERS BIB COCK LONG BODY 15MM WITH FLANGE W/F,,334,
P.T.M.T. SYMET,123-HW,HELIX WINE BATH FITTING & MIXERS BIB COCK WITH FLANGE,,290,
P.T.M.T. SYMET,121-HW,HELIX WINE BATH FITTING & MIXERS BIB COCK STANDARD 15MM WITHOUT FLANGE,,260,
P.T.M.T. SYMET,1375-QW,QUADRA WINE WALL MIXER WITH L BEND,,2044,
P.T.M.T. SYMET,400-QW,QUADRA WINE BATH FITTINGS & MIXERS SINGLE LEVER BASIN MIXER,,1884,
P.T.M.T. SYMET,145-QW,QUADRA WINE BATH FITTINGS & MIXERS 2 WAY ANGLE COCK WITH FLANGE,,712,
P.T.M.T. SYMET,144-QW,QUADRA WINE BATH FITTINGS & MIXERS ANGLE COCK WITH FLANGE,,368,
P.T.M.T. SYMET,133-QW,QUADRA WINE BATH FITTINGS & MIXERS SINK COCK T/M LONG,,810,
P.T.M.T. SYMET,132-QW,QUADRA WINE BATH FITTINGS & MIXERS SINK COCK W/M WITH FLANGE,,810,
P.T.M.T. SYMET,130-QW,QUADRA WINE BATH FITTINGS & MIXERS PILLAR COCK,,514,
P.T.M.T. SYMET,129-QW,QUADRA WINE BATH FITTINGS & MIXERS 2 WAY BIB COCK WITH FLANGE,,750,
P.T.M.T. SYMET,123-QW,QUADRA WINE BATH FITTINGS & MIXERS BIB COCK LONG BODY 15MM FOAM FLOW WITH FLANGE,,398,
P.T.M.T. SYMET,1375-QG,QUADRA GOLD WALL MIXER WITH L BEND,,2044,
P.T.M.T. SYMET,400-QG,QUADRA GOLD BATH FITTINGS & MIXERS Single Lever Basin Mixer,,1884,
P.T.M.T. SYMET,145-QG,QUADRA GOLD BATH FITTINGS & MIXERS 2 Way Angle Cock with Flange,,712,
P.T.M.T. SYMET,144-QG,QUADRA GOLD BATH FITTINGS & MIXERS Angle Cock with Flange,,368,
P.T.M.T. SYMET,133-QG,QUADRA GOLD BATH FITTINGS & MIXERS Sink Cock (T/M) Long,,810,
P.T.M.T. SYMET,132-QG,QUADRA GOLD BATH FITTINGS & MIXERS Sink Cock (W/M) with Flange,,810,
P.T.M.T. SYMET,130-QG,QUADRA GOLD BATH FITTINGS & MIXERS Pillar Cock,,514,
P.T.M.T. SYMET,129-QG,QUADRA GOLD BATH FITTINGS & MIXERS 2 Way Bib Cock With Flange,,750,
P.T.M.T. SYMET,123-QG,QUADRA GOLD BATH FITTINGS & MIXERS Bib Cock Long Body (15mm)Foam Flow with Flange,,398,
P.T.M.T. SYMET,1375-QP,QUADRA PRIME WALL MIXER WITH L BEND,,2044,
P.T.M.T. SYMET,400-QP,QUADRA PRIME BATH FITTINGS & MIXERS SINGLE LEVER BASIN MIXER,,1884,
P.T.M.T. SYMET,145-QP,QUADRA PRIME BATH FITTINGS & MIXERS 2 WAY ANGLE COCK WITH FLANGE,,712,
P.T.M.T. SYMET,144-QP,QUADRA PRIME BATH FITTINGS & MIXERS ANGLE COCK WITH FLANGE,,368,
P.T.M.T. SYMET,133-QP,QUADRA PRIME BATH FITTINGS & MIXERS SINK COCK T/M LONG,,810,
P.T.M.T. SYMET,132-QP,QUADRA PRIME BATH FITTINGS & MIXERS SINK COCK W/M WITH FLANGE,,810,
P.T.M.T. SYMET,130-QP,QUADRA PRIME BATH FITTINGS & MIXERS PILLAR COCK,,514,
P.T.M.T. SYMET,129-QP,QUADRA PRIME BATH FITTINGS & MIXERS 2 WAY BIB COCK WITH FLANGE,,750,
P.T.M.T. SYMET,123-QP,QUADRA PRIME BATH FITTINGS & MIXERS BIB COCK LONG BODY 15MM FOAM FLOW WITH FLANGE,,398,
P.T.M.T. SYMET,123-QR,QUADRA ROYAL BATH FITTINGS & MIXERS Bib Cock Long Body (15mm)Foam Flow with Flange,,398,
P.T.M.T. SYMET,149-VP,VITRO PRIME BATH FITTINGS & MIXERS Washing Machine Tap WITH FLANGE,,432,
P.T.M.T. SYMET,1322-VP,VITRO PRIME BATH FITTINGS & MIXERS Sink Cock Swing Arm Short (W/M ) WITH FLANGE,,674,
P.T.M.T. SYMET,147-VP,VITRO PRIME BATH FITTINGS & MIXERS Piller Cock Swan Neck WITH FLANGE,,670,
P.T.M.T. SYMET,145-VP,VITRO PRIME BATH FITTINGS & MIXERS 2 Way Angle Cock with Flange,,560,
P.T.M.T. SYMET,144-VP,VITRO PRIME BATH FITTINGS & MIXERS Angle Cock with Flange,,260,
P.T.M.T. SYMET,133-VP,VITRO PRIME BATH FITTINGS & MIXERS Sink Cock (T/M) Long WITH FLANGE,,740,
P.T.M.T. SYMET,132-VP,VITRO PRIME BATH FITTINGS & MIXERS Sink Cock (W/M) with Flange,,740,
P.T.M.T. SYMET,127-VP,VITRO PRIME BATH FITTINGS & MIXERS Bib Cock Nozzle with Flange,,314,
P.T.M.T. SYMET,130-VP,VITRO PRIME BATH FITTINGS & MIXERS Pillar Cock WITH FLANGE,,366,
P.T.M.T. SYMET,129-VP,VITRO PRIME BATH FITTINGS & MIXERS 2 Way Bib Cock With Flange,,570,
P.T.M.T. SYMET,124-VP,VITRO PRIME BATH FITTINGS & MIXERS Bib Cock Long Smart Body( 15 mm ) with Flange,,368,
P.T.M.T. SYMET,121-VP,VITRO PRIME BATH FITTINGS & MIXERS Bib Cock Fancy (15mm)Foam Flow with Flange,,266,
P.T.M.T. SYMET,149-VR,VITRO ROYAL BATH FITTINGS & MIXERS Washing Machine Tap WITH FLANGE,,432,
P.T.M.T. SYMET,1322-VR,VITRO ROYAL BATH FITTINGS & MIXERS Sink Cock Swing Arm Short (W/M ) WITH FLANGE,,674,
P.T.M.T. SYMET,147-VR,VITRO ROYAL BATH FITTINGS & MIXERS Piller Cock Swan Neck WITH FLANGE,,670,
P.T.M.T. SYMET,145-VR,VITRO ROYAL BATH FITTINGS & MIXERS 2 Way Angle Cock with Flange,,560,
P.T.M.T. SYMET,144-VR,VITRO ROYAL BATH FITTINGS & MIXERS Angle Cock with Flange,,260,
P.T.M.T. SYMET,133-VR,VITRO ROYAL BATH FITTINGS & MIXERS Sink Cock (T/M) Long WITH FLANGE,,740,
P.T.M.T. SYMET,132-VR,VITRO ROYAL BATH FITTINGS & MIXERS Sink Cock (W/M) with Flange,,740,
P.T.M.T. SYMET,127-VR,VITRO ROYAL BATH FITTINGS & MIXERS Bib Cock Nozzle with Flange,,314,
P.T.M.T. SYMET,130-VR,VITRO ROYAL BATH FITTINGS & MIXERS Pillar Cock WITH FLANGE,,366,
P.T.M.T. SYMET,129-VR,VITRO ROYAL BATH FITTINGS & MIXERS 2 Way Bib Cock With Flange,,570,
P.T.M.T. SYMET,124-VR,VITRO ROYAL BATH FITTINGS & MIXERS Bib Cock Long Smart Body( 15 mm ) with Flange,,368,
P.T.M.T. SYMET,121-VR,VITRO ROYAL BATH FITTINGS & MIXERS Bib Cock Fancy (15mm)Foam Flow with Flange,,266,
P.T.M.T. SYMET,149-VW,VITRO WINE BATH FITTINGS & MIXERS Washing Machine Tap WITH FLANGE,,432,
P.T.M.T. SYMET,1322-VW,VITRO WINE BATH FITTINGS & MIXERS Sink Cock Swing Arm Short (W/M ) WITH FLANGE,,674,
P.T.M.T. SYMET,147-VW,VITRO WINE BATH FITTINGS & MIXERS Piller Cock Swan Neck WITH FLANGE,,670,
P.T.M.T. SYMET,145-VW,VITRO WINE BATH FITTINGS & MIXERS 2 Way Angle Cock with Flange,,560,
P.T.M.T. SYMET,144-VW,VITRO WINE BATH FITTINGS & MIXERS Angle Cock with Flange,,260,
P.T.M.T. SYMET,133-VW,VITRO WINE BATH FITTINGS & MIXERS Sink Cock (T/M) Long WITH FLANGE,,740,
P.T.M.T. SYMET,132-VW,VITRO WINE BATH FITTINGS & MIXERS Sink Cock (W/M) with Flange,,740,
P.T.M.T. SYMET,127-VW,VITRO WINE BATH FITTINGS & MIXERS Bib Cock Nozzle with Flange,,314,
P.T.M.T. SYMET,130-VW,VITRO WINE BATH FITTINGS & MIXERS Pillar Cock WITH FLANGE,,366,
P.T.M.T. SYMET,129-VW,VITRO WINE BATH FITTINGS & MIXERS 2 Way Bib Cock With Flange,,570,
P.T.M.T. SYMET,124-VW,VITRO WINE BATH FITTINGS & MIXERS Bib Cock Long Smart Body( 15 mm ) with Flange,,368,
P.T.M.T. SYMET,121-VW,VITRO WINE BATH FITTINGS & MIXERS Bib Cock Fancy (15mm)Foam Flow with Flange,,266,
P.T.M.T. SYMET,149-SG,FLORA GOLD BATH FITTINGS & MIXERS Washing Machine Tap WITH FLANGE,,384,
P.T.M.T. SYMET,145-SG,FLORA GOLD BATH FITTINGS & MIXERS 2 Way Angle Cock with Flange,,448,
P.T.M.T. SYMET,144-SG,FLORA GOLD BATH FITTINGS & MIXERS Angle Cock with Flange,,250,
P.T.M.T. SYMET,1322-SG,FLORA GOLD BATH FITTINGS & MIXERS SINK COCK SWING ARM SHORT W/M WITH FLANGE,,608,
P.T.M.T. SYMET,133-SG,FLORA GOLD BATH FITTINGS & MIXERS Sink Cock (T/M) Long WITH FLANGE,,686,
P.T.M.T. SYMET,147-SG,FLORA GOLD BATH FITTINGS & MIXERS Piller Cock Swan Neck WITH FLANGE,,630,
P.T.M.T. SYMET,132-SG,FLORA GOLD BATH FITTINGS & MIXERS Sink Cock (W/M) with Flange,,664,
P.T.M.T. SYMET,130-SG,FLORA GOLD BATH FITTINGS & MIXERS Pillar Cock WITH FLANGE,,334,
P.T.M.T. SYMET,129-SG,FLORA GOLD BATH FITTINGS & MIXERS 2 Way Bib Cock With Flange,,484,
P.T.M.T. SYMET,127-SG,FLORA GOLD BATH FITTINGS & MIXERS Bib Cock Nozzle with Flange,,288,
P.T.M.T. SYMET,124-SG,FLORA GOLD BATH FITTINGS & MIXERS Bib Cock Long Smart Body( 15 mm ) with Flange,,314,
P.T.M.T. SYMET,121-SG,FLORA GOLD BATH FITTINGS & MIXERS Bib Cock Fancy (15mm)Foam Flow with Flange,,240,
P.T.M.T. SYMET,149-SW,FLORA WINE BATH FITTINGS & MIXERS Washing Machine Tap WITH FLANGE,,384,
P.T.M.T. SYMET,145-SW,FLORA WINE BATH FITTINGS & MIXERS 2 Way Angle Cock with Flange,,448,
P.T.M.T. SYMET,144-SW,FLORA WINE BATH FITTINGS & MIXERS Angle Cock with Flange,,250,
P.T.M.T. SYMET,1322-SW,FLORA WINE BATH FITTINGS & MIXERS SINK COCK SWING ARM SHORT W/M WITH FLANGE,,608,
P.T.M.T. SYMET,133-SW,FLORA WINE BATH FITTINGS & MIXERS Sink Cock (T/M) Long WITH FLANGE,,686,
P.T.M.T. SYMET,147-SW,FLORA WINE BATH FITTINGS & MIXERS Piller Cock Swan Neck WITH FLANGE,,630,
P.T.M.T. SYMET,132-SW,FLORA WINE BATH FITTINGS & MIXERS Sink Cock (W/M) with Flange,,664,
P.T.M.T. SYMET,130-SW,FLORA WINE BATH FITTINGS & MIXERS Pillar Cock WITH FLANGE,,334,
P.T.M.T. SYMET,129-SW,FLORA WINE BATH FITTINGS & MIXERS 2 Way Bib Cock With Flange,,484,
P.T.M.T. SYMET,127-SW,FLORA WINE BATH FITTINGS & MIXERS Bib Cock Nozzle with Flange,,288,
P.T.M.T. SYMET,124-SW,FLORA WINE BATH FITTINGS & MIXERS Bib Cock Long Smart Body( 15 mm ) with Flange,,314,
P.T.M.T. SYMET,121-SW,FLORA WINE BATH FITTINGS & MIXERS Bib Cock Fancy (15mm)Foam Flow with Flange,,240,
P.T.M.T. SYMET,149-NP,Washing Machine Tap with Flange,,388,
P.T.M.T. SYMET,144-P,ANGLE COCK WITH FLANGE,,216,
P.T.M.T. SYMET,144-N,ANGLE COCK WITH FLANGE,,272,
P.T.M.T. SYMET,144-D,Angle Cock with Flange,,446,
P.T.M.T. SYMET,133-P,Sink Cock Swing Arm with Flange,,692,
P.T.M.T. SYMET,132-T,SINK COCK - (SWING ARM) (T/M),,622,
P.T.M.T. SYMET,132-P,Sink Cock Swing Arm with Flange,,682,
P.T.M.T. SYMET,132-N,SINK COCK WITH FLANGE,,658,
P.T.M.T. SYMET,132-D,Sink Cock (R.H.) Swan Neck (T/M),,942,
P.T.M.T. SYMET,131-A,Pillar Cock (Foam Flow),,376,
P.T.M.T. SYMET,130-P,PILLAR COCK,,316,
P.T.M.T. SYMET,130-N,PILLAR COCK,,432,
P.T.M.T. SYMET,130-D,Pillar Cock with Flange,,628,
P.T.M.T. SYMET,129-P,2-WAY BIB COCK WITH FLANGE,,518,
P.T.M.T. SYMET,129-N,2 WAY BIB COCK WITH FLANGE,,572,
P.T.M.T. SYMET,129-D,2 Way Bib Cock with Flange,,876,
P.T.M.T. SYMET,124-P,BIB COCK LONG BODY WITH FLANGE,,292,
P.T.M.T. SYMET,124-N,BIBCOCK LONG BODY (SMART) WITH FLANGE,,362,
P.T.M.T. SYMET,124-D,Bib Cock Long Body 15mm (Foam Flow) with Flange,White,572,
P.T.M.T. SYMET,124-D,Bib Cock Long Body 15mm (Foam Flow) with Flange,Ivory,572,
P.T.M.T. SYMET,123-S,Bib Cock Fancy (15mm) with Flange,,158,
P.T.M.T. SYMET,123-P,BIB COCK WITH FLANGE,,252,
P.T.M.T. SYMET,123-N,BIBCOCK WITH FLANGE,,304,
P.T.M.T. SYMET,123-D,Bib Cock with Flange,,466,
P.T.M.T. SYMET,121-P,BIB COCK LONG NOSE WITHOUT FLANGE,,218,
P.T.M.T. SYMET,LF-155,"WATER TANK LINE FILTER 1 1/2"" 40MM",,1918,
P.T.M.T. SYMET,LF-154,"WATER TANK LINE FILTER 1 1/4"" 32MM",,1776,
P.T.M.T. SYMET,LF-153,"WATER TANK LINE FILTER 1"" 25MM",,1572,
P.T.M.T. SYMET,LF-152,"WATER TANK LINE FILTER 3/4"" 20MM",,1368,
P.T.M.T. SYMET,U23-N,"BALL VALVE (SCH 80 ) 25MM 3/4""",,234,
P.T.M.T. SYMET,U22-N,"BALL VALVE (SCH 80 ) 20MM 3/4""",,132,
P.T.M.T. SYMET,C26-L,"LONG HANDLE CPVC BALL VALVE 50MM 2""",,1606.2,
P.T.M.T. SYMET,C25-L,"LONG HANDLE CPVC BALL VALVE 40MM 1 1/2""",,900.6,
P.T.M.T. SYMET,C24-L,"LONG HANDLE CPVC BALL VALVE 32MM 1 1/4""",,505.4,
P.T.M.T. SYMET,C23-L,"LONG HANDLE CPVC BALL VALVE 25MM 1""",,326.8,
P.T.M.T. SYMET,C22-L,"LONG HANDLE CPVC BALL VALVE 20MM 3/4""",,169.1,
P.T.M.T. SYMET,C26,"BALL VALVE 50MM 2""",,1398,
P.T.M.T. SYMET,C25,"BALL VALVE 40MM 1 1/2""",,848,
P.T.M.T. SYMET,C24,"BALL VALVE 32MM 1 1/4""",,568,
P.T.M.T. SYMET,C22,"BALL VALVE 20MM 3/4""",,176,
P.T.M.T. SYMET,TTS-02,TEFLON TAPE TEFLON THREAD SEAL (10MTR.L) 19MM,,38,
P.T.M.T. SYMET,1375-QR,QUADRA ROYAL WALL MIXER WITH L BEND,,2044,
P.T.M.T. SYMET,147-P,DIAMOND SERIES BATH FITTINGS & MIXERS PILLAR COCK SWAN NECK WITH FLANGE,,632,
P.T.M.T. SYMET,148-P,DIAMOND SERIES BATH FITTINGS & MIXERS CONCEALED STOP COCK 20MM,,372,
P.T.M.T. SYMET,146-P,DIAMOND SERIES BATH FITTINGS & MIXERS CONCEALED STOP COCK 15MM,,362,
P.T.M.T. SYMET,135-P,DIAMOND SERIES BATH FITTINGS & MIXERS WALL MIXER WITH FLANGE,,1244,
P.T.M.T. SYMET,134-P,DIAMOND SERIES BATH FITTINGS & MIXERS SINK MIXER WITH FLANGE,,1244,
P.T.M.T. SYMET,127-P,DIAMOND SERIES BATH FITTINGS & MIXERS GARDEN TAP BIB COCK WITH NOZZLE 15MM WITHOUT FLANGE,,252,
P.T.M.T. SYMET,124-FP,DIAMOND SERIES BATH FITTINGS & MIXERS BIB COCK LONG BODY 15MM WITH FLANGE & FOAM FLOW,,304,
P.T.M.T. SYMET,123-FP,DIAMOND SERIES BATH FITTINGS & MIXERS BIB COCK FANCY 15MM FOAM FLOW WITH FLANGE,,262,
P.T.M.T. SYMET,1375-SP,DIAMOND SERIES BATH FITTINGS & MIXERS WALL MIXER WITH L BEND,,1622,
P.T.M.T. SYMET,145-P,DIAMOND SERIES BATH FITTINGS & MIXERS 2 WAY ANGLE COCK 15MM WITH FLANGE,,472,
P.T.M.T. SYMET,143-P,DIAMOND SERIES BATH FITTINGS & MIXERS STOP COCK 20MM F/T,,236,
P.T.M.T. SYMET,142-P,DIAMOND SERIES BATH FITTINGS & MIXERS STOP COCK 15MM ( FEMALE THREAD ),,224,
P.T.M.T. SYMET,141-P,DIAMOND SERIES BATH FITTINGS & MIXERS STOP COCK 15MM ( MALE THREAD ),,224,
P.T.M.T. SYMET,131-P,DIAMOND SERIES BATH FITTINGS & MIXERS PILLAR COCK FANCY 15MM WITH FOAM FLOW,,362,
P.T.M.T. SYMET,1375-Q,STANDARD SERIES OLD HANDLE (BATH FITTINGS & MIXERS) WALL MIXER WITH L BEND,,1928,
P.T.M.T. SYMET,1375-U,Wall Mixer with L Bend,,1982,
P.T.M.T. SYMET,149-N,STANDARD SERIES OLD HANDLE (BATH FITTINGS & MIXERS) WASHING MACHINE TAP WITH FLANGE,,388,
P.T.M.T. SYMET,149-O,STANDARD SERIES OLD HANDLE (BATH FITTINGS & MIXERS) WASHING MACHINE TAP,,388,
P.T.M.T. SYMET,147-O,STANDARD SERIES OLD HANDLE (BATH FITTINGS & MIXERS) PILLAR COCK SWAN NECK,,632,
P.T.M.T. SYMET,148-O,STANDARD SERIES OLD HANDLE (BATH FITTINGS & MIXERS)CONCEALED STOP COCK 20MM,,372,
P.T.M.T. SYMET,146-O,STANDARD SERIES OLD HANDLE (BATH FITTINGS & MIXERS)CONCEALED STOP COCK 15MM,,362,
P.T.M.T. SYMET,134-O,STANDARD SERIES OLD HANDLE (BATH FITTINGS & MIXERS) SINK MIXER FOAM FLOW WITH FLANGE,,1244,
P.T.M.T. SYMET,133-O,STANDARD SERIES OLD HANDLE (BATH FITTINGS & MIXERS) SINK COCK (SWING ARM) T/M WITH FLANGE,,692,
P.T.M.T. SYMET,132-O,STANDARD SERIES OLD HANDLE (BATH FITTINGS & MIXERS) SINK COCK (SWING ARM) WALL MOUNT WITH FLANGE,,682,
P.T.M.T. SYMET,4330,Picasso One Piece closet S Trap 300 MM,White,12320,
P.T.M.T. SYMET,4330,Picasso One Piece closet S Trap 300 MM,Ivory,13550,
P.T.M.T. SYMET,348,PVC CONNECTION 1200MM(48),,202,
P.T.M.T. SYMET,326,PVC CONNECTION 900MM[36],,180,
P.T.M.T. SYMET,325-H,PVC CONNECTION 750MM[30]HOT,,176,
P.T.M.T. SYMET,325,PVC CONNECTION 750MM[30],,148,
P.T.M.T. SYMET,324-H,PVC CONNECTION 600MM[24]HOT,,148,
P.T.M.T. SYMET,324,PVC CONNECTION 600 MM(24),,124,
P.T.M.T. SYMET,323-H,PVC CONNECTION 450MM[18]HOT,,124,
P.T.M.T. SYMET,323,PVC CONNECTION 450MM(18),,104,
P.T.M.T. SYMET,322,PVC CONNECTION 375MM (15),,92,
P.T.M.T. SYMET,321,PVC CONNECTION 300MM (12),,86,
P.T.M.T. SYMET,133-N,SINK TAP WITH FLANGE (ICON),,698,
P.T.M.T. SYMET,133-D,Sink Cock (W/M) with Flange,,942,
P.T.M.T. SYMET,149-SR,FLORA ROYAL BATH FITTINGS & MIXERS Washing Machine Tap WITH FLANGE,,384,
P.T.M.T. SYMET,145-SR,FLORA ROYAL BATH FITTINGS & MIXERS 2 Way Angle Cock with Flange,,448,
P.T.M.T. SYMET,144-SR,FLORA ROYAL BATH FITTINGS & MIXERS Angle Cock with Flange,,250,
P.T.M.T. SYMET,1322-SR,FLORA ROYAL BATH FITTINGS & MIXERS SINK COCK SWING ARM SHORT W/M WITH FLANGE,,608,
P.T.M.T. SYMET,133-SR,FLORA ROYAL BATH FITTINGS & MIXERS Sink Cock (T/M) Long WITH FLANGE,,686,
P.T.M.T. SYMET,147-SR,FLORA ROYAL BATH FITTINGS & MIXERS Piller Cock Swan Neck WITH FLANGE,,630,
P.T.M.T. SYMET,132-SR,FLORA ROYAL BATH FITTINGS & MIXERS Sink Cock (W/M) with Flange,,664,
P.T.M.T. SYMET,130-SR,FLORA ROYAL BATH FITTINGS & MIXERS Pillar Cock WITH FLANGE,,334,
P.T.M.T. SYMET,129-SR,FLORA ROYAL BATH FITTINGS & MIXERS 2 Way Bib Cock With Flange,,484,
P.T.M.T. SYMET,127-SR,FLORA ROYAL BATH FITTINGS & MIXERS Bib Cock Nozzle with Flange,,288,
P.T.M.T. SYMET,124-SR,FLORA ROYAL BATH FITTINGS & MIXERS Bib Cock Long Smart Body( 15 mm ) with Flange,,314,
P.T.M.T. SYMET,121-SR,FLORA ROYAL BATH FITTINGS & MIXERS Bib Cock Fancy (15mm)Foam Flow with Flange,,240,
P.T.M.T. SYMET,400-QR,QUADRA ROYAL BATH FITTINGS & MIXERS Single Lever Basin Mixer,,1884,
P.T.M.T. SYMET,145-QR,QUADRA ROYAL BATH FITTINGS & MIXERS 2 Way Angle Cock with Flange,,712,
P.T.M.T. SYMET,144-QR,QUADRA ROYAL BATH FITTINGS & MIXERS Angle Cock with Flange,,368,
P.T.M.T. SYMET,133-QR,QUADRA ROYAL BATH FITTINGS & MIXERS Sink Cock (T/M) Long WITH FLANGE,,810,
P.T.M.T. SYMET,132-QR,QUADRA ROYAL BATH FITTINGS & MIXERS Sink Cock (W/M) with Flange,,810,
P.T.M.T. SYMET,130-QR,QUADRA ROYAL BATH FITTINGS & MIXERS Pillar Cock WITH FLANGE,,514,
P.T.M.T. SYMET,129-QR,QUADRA ROYAL BATH FITTINGS & MIXERS 2 Way Bib Cock With Flange,,750,
P.T.M.T. SYMET,1375-IW,IBIX WINE BATH FITTINGS & MIXERS WALL MIXER L BEND,,2430,
P.T.M.T. SYMET,400-IW,IBIX WINE BATH FITTINGS & MIXERS SINGLE LEVER BASIN MIXER,,2336,
P.T.M.T. SYMET,147-IW,IBIX WINE BATH FITTINGS & MIXERS PILLAR COCK SWAN NECK,,832,
P.T.M.T. SYMET,145-IW,IBIX WINE BATH FITTINGS & MIXERS 2 WAY ANGLE COCK WITH FLANGE,,842,
P.T.M.T. SYMET,144-IW,IBIX WINE BATH FITTINGS & MIXERS ANGLE COCK WITH FLANGE,,422,
P.T.M.T. SYMET,133-IW,IBIX WINE BATH FITTINGS & MIXERS SINK COCK T/M LONG,,968,
P.T.M.T. SYMET,132-IW,IBIX WINE BATH FITTINGS & MIXERS SINK COCK W/M WITH FLANGE,,946,
P.T.M.T. SYMET,130-IW,IBIX WINE BATH FITTINGS & MIXERS PILLAR COCK,,640,
P.T.M.T. SYMET,129-IW,IBIX WINE BATH FITTINGS & MIXERS 2 WAY BIB COCK WITH FLANGE,,896,
P.T.M.T. SYMET,124-IW,IBIX WINE BATH FITTINGS & MIXERS BIB COK LONG SMART BODY 15MM WITH FLANGE,,524,
P.T.M.T. SYMET,123-IW,IBIX WINE BATH FITTINGS & MIXERS BIB COCK LONG BODY 15MM FOAM FLOW WITH FLANGE,,506,
P.T.M.T. SYMET,121-IW,IBIX WINE BATH FITTINGS & MIXERS BIB COCK FANCY 15MM FOAM FLOW WITH FLANGE,,422,
P.T.M.T. SYMET,1375-IR,IBIX ROYAL BATH FITTINGS & MIXERS Wall Mixer with L Bend,,2430,
P.T.M.T. SYMET,400-IR,IBIX ROYAL BATH FITTINGS & MIXERS Single Lever Basin Mixer,,2336,
P.T.M.T. SYMET,147-IR,IBIX ROYAL BATH FITTINGS & MIXERS Piller Cock Swan Neck WITH FLANGE,,832,
P.T.M.T. SYMET,145-IR,IBIX ROYAL BATH FITTINGS & MIXERS 2 Way Angle Cock with Flange,,842,
P.T.M.T. SYMET,144-IR,IBIX ROYAL BATH FITTINGS & MIXERS Angle Cock with Flange,,422,
P.T.M.T. SYMET,133-IR,IBIX ROYAL BATH FITTINGS & MIXERS Sink Cock (T/M) Long WITH FLANGE,,968,
P.T.M.T. SYMET,132-IR,IBIX ROYAL BATH FITTINGS & MIXERS Sink Cock (W/M) with Flange,,946,
P.T.M.T. SYMET,130-IR,IBIX ROYAL BATH FITTINGS & MIXERS Pillar Cock,,640,
P.T.M.T. SYMET,129-IR,IBIX ROYAL BATH FITTINGS & MIXERS 2 Way Bib Cock With Flange,,896,
P.T.M.T. SYMET,124-IR,IBIX ROYAL BATH FITTINGS & MIXERS Bib Cock Long Smart Body( 15 mm ) with Flange,,524,
P.T.M.T. SYMET,123-IR,IBIX ROYAL BATH FITTINGS & MIXERS Bib Cock Long Body (15mm) Foam Flow with Flange,,506,
P.T.M.T. SYMET,121-IR,IBIX ROYAL BATH FITTINGS & MIXERS Bib Cock Fancy (15mm)Foam Flow with Flange,,422,
P.T.M.T. SYMET,1375-IG,IBIX GOLD BATH FITTINGS & MIXERS WALL MIXER L BEND,,2430,
P.T.M.T. SYMET,400-IG,IBIX GOLD BATH FITTINGS & MIXERS SINGLE LEVER BASIN MIXER,,2336,
P.T.M.T. SYMET,147-IG,IBIX GOLD BATH FITTINGS & MIXERS PILLAR COCK SWAN NECK,,832,
P.T.M.T. SYMET,145-IG,IBIX GOLD BATH FITTINGS & MIXERS 2 WAY ANGLE COCK WITH FLANGE,,842,
P.T.M.T. SYMET,144-IG,IBIX GOLD BATH FITTINGS & MIXERS ANGLE COCK WITH FLANGE,,422,
P.T.M.T. SYMET,133-IG,IBIX GOLD BATH FITTINGS & MIXERS SINK COCK T/M LONG,,968,
P.T.M.T. SYMET,132-IG,IBIX GOLD BATH FITTINGS & MIXERS SINK COCK W/M WITH FLANGE,,946,
P.T.M.T. SYMET,130-IG,IBIX GOLD BATH FITTINGS & MIXERS PILLAR COCK,,640,
P.T.M.T. SYMET,129-IG,IBIX GOLD BATH FITTINGS & MIXERS 2 WAY BIB COCK WITH FLANGE,,896,
P.T.M.T. SYMET,124-IG,IBIX GOLD BATH FITTINGS & MIXERS BIB COK LONG SMART BODY 15MM WITH FLANGE,,524,
P.T.M.T. SYMET,123-IG,IBIX GOLD BATH FITTINGS & MIXERS BIB COCK LONG BODY 15MM FOAM FLOW WITH FLANGE,,506,
P.T.M.T. SYMET,121-IG,IBIX GOLD BATH FITTINGS & MIXERS BIB COCK FANCY 15MM FOAM FLOW WITH FLANGE,,422,
P.T.M.T. SYMET,1375-IP,IBIX PRIME BATH FITTINGS & MIXERS WALL MIXER L BEND,,2430,
P.T.M.T. SYMET,400-IP,IBIX PRIME BATH FITTINGS & MIXERS SINGLE LEVER BASIN MIXER,,2336,
P.T.M.T. SYMET,147-IP,IBIX PRIME BATH FITTINGS & MIXERS PILLAR COCK SWAN NECK,,832,
P.T.M.T. SYMET,145-IP,IBIX PRIME BATH FITTINGS & MIXERS 2 WAY ANGLE COCK WITH FLANGE,,842,
P.T.M.T. SYMET,144-IP,IBIX PRIME BATH FITTINGS & MIXERS ANGLE COCK WITH FLANGE,,422,
P.T.M.T. SYMET,133-IP,IBIX PRIME BATH FITTINGS & MIXERS SINK COCK T/M LONG,,968,
P.T.M.T. SYMET,132-IP,IBIX PRIME BATH FITTINGS & MIXERS SINK COCK W/M WITH FLANGE,,946,
P.T.M.T. SYMET,130-IP,IBIX PRIME BATH FITTINGS & MIXERS PILLAR COCK,,640,
P.T.M.T. SYMET,129-IP,IBIX PRIME BATH FITTINGS & MIXERS 2 WAY BIB COCK WITH FLANGE,,896,
P.T.M.T. SYMET,124-IP,IBIX PRIME BATH FITTINGS & MIXERS BIB COK LONG SMART BODY 15MM WITH FLANGE,,524,
P.T.M.T. SYMET,123-IP,IBIX PRIME BATH FITTINGS & MIXERS BIB COCK LONG BODY 15MM FOAM FLOW WITH FLANGE,,506,
P.T.M.T. SYMET,121-IP,IBIX PRIME BATH FITTINGS & MIXERS BIB COCK FANCY 15MM FOAM FLOW WITH FLANGE,,422,
P.T.M.T. SYMET,1375-RW,OVIAN WINE BATH FITTINGS & MIXERS WALL MIXER L BEND,,1992,
P.T.M.T. SYMET,400-RW,OVIAN WINE BATH FITTINGS & MIXERS SINGLE LEVER BASIN MIXER,,1798,
P.T.M.T. SYMET,147-RW,OVIAN WINE BATH FITTINGS & MIXERS PILLAR COCK SWAN NECK,,730,
P.T.M.T. SYMET,145-RW,OVIAN WINE BATH FITTINGS & MIXERS 2 WAY ANGLE COCK WITH FLANGE,,664,
P.T.M.T. SYMET,144-RW,OVIAN WINE BATH FITTINGS & MIXERS ANGLE COCK WITH FLANGE,,366,
P.T.M.T. SYMET,135-RW,OVIAN WINE BATH FITTINGS & MIXERS WALL MIXER WITH FLANGE,,1620,
P.T.M.T. SYMET,134-RW,OVIAN WINE BATH FITTINGS & MIXERS SINK MIXER WITH FLANGE,,1708,
P.T.M.T. SYMET,133-RW,OVIAN WINE BATH FITTINGS & MIXERS SINK COCK T/M LONG,,808,
P.T.M.T. SYMET,132-RW,OVIAN WINE BATH FITTINGS & MIXERS SINK COCK W/M WITH FLANGE,,808,
P.T.M.T. SYMET,130-RNW,OVIAN WINE BATH FITTINGS & MIXERS PILLAR COCK FANCY 15MM WITH FOAM FLOW,,494,
P.T.M.T. SYMET,130-RW,OVIAN WINE BATH FITTINGS & MIXERS PILLAR COCK,,494,
P.T.M.T. SYMET,129-RW,OVIAN WINE BATH FITTINGS & MIXERS 2 WAY BIB COCK WITH FLANGE,,724,
P.T.M.T. SYMET,124-RW,OVIAN WINE BATH FITTINGS & MIXERS BIB COK LONG SMART BODY 15MM WITH FLANGE,,406,
P.T.M.T. SYMET,123-RW,OVIAN WINE BATH FITTINGS & MIXERS BIB COCK LONG BODY 15MM FOAM FLOW WITH FLANGE,,416,
P.T.M.T. SYMET,121-RW,OVIAN WINE BATH FITTINGS & MIXERS BIB COCK FANCY 15MM FOAM FLOW WITH FLANGE,,384,
P.T.M.T. SYMET,1375-RR,OVIAN ROYAL BATH FITTINGS & MIXERS Wall Mixer with L Bend,,1992,
P.T.M.T. SYMET,400-RR,OVIAN ROYAL BATH FITTINGS & MIXERS Single Lever Basin Mixer,,1798,
P.T.M.T. SYMET,147-RR,OVIAN ROYAL BATH FITTINGS & MIXERS Piller Cock Swan Neck,,730,
P.T.M.T. SYMET,145-RR,OVIAN ROYAL BATH FITTINGS & MIXERS 2 Way Angle Cock with Flange,,664,
P.T.M.T. SYMET,144-RR,OVIAN ROYAL BATH FITTINGS & MIXERS Angle Cock with Flange,,366,
P.T.M.T. SYMET,135-RR,OVIAN ROYAL BATH FITTINGS & MIXERS Wall Mixer With Flange,,1620,
P.T.M.T. SYMET,134-RR,OVIAN ROYAL BATH FITTINGS & MIXERS Sink Mixer With Flange,,1708,
P.T.M.T. SYMET,133-RR,OVIAN ROYAL BATH FITTINGS & MIXERS Sink Cock (T/M) Long,,808,
P.T.M.T. SYMET,132-RR,OVIAN ROYAL BATH FITTINGS & MIXERS Sink Cock (W/M) with Flange,,808,
P.T.M.T. SYMET,130-RNR,OVIAN ROYAL BATH FITTINGS & MIXERS Pillar Cock Fancy (15mm)with Foam Flow,,494,
P.T.M.T. SYMET,130-RR,OVIAN ROYAL BATH FITTINGS & MIXERS Pillar Cock,,494,
P.T.M.T. SYMET,129-RR,OVIAN ROYAL BATH FITTINGS & MIXERS 2 Way Bib Cock With Flange,,724,
P.T.M.T. SYMET,124-RR,OVIAN ROYAL BATH FITTINGS & MIXERS Bib Cock Long Smart Body( 15 mm ) with Flange,,406,
P.T.M.T. SYMET,123-RR,OVIAN ROYAL BATH FITTINGS & MIXERS Bib Cock Long Body (15mm) Foam Flow with Flange,,416,
P.T.M.T. SYMET,121-RR,OVIAN ROYAL BATH FITTINGS & MIXERS Bib Cock Fancy (15mm)Foam Flow with Flange,,384,
P.T.M.T. SYMET,1375-RG,OVIAN GOLD BATH FITTINGS & MIXERS Wall Mixer with L Bend WITH FLANGE,,1992,
P.T.M.T. SYMET,400-RG,OVIAN GOLD BATH FITTINGS & MIXERS Single Lever Basin Mixer,,1798,
P.T.M.T. SYMET,147-RG,OVIAN GOLD BATH FITTINGS & MIXERS Piller Cock Swan Neck WITH FLANGE,,730,
P.T.M.T. SYMET,145-RG,OVIAN GOLD BATH FITTINGS & MIXERS 2 Way Angle Cock with Flange,,664,
P.T.M.T. SYMET,144-RG,OVIAN GOLD BATH FITTINGS & MIXERS Angle Cock with Flange,,366,
P.T.M.T. SYMET,135-RG,OVIAN GOLD BATH FITTINGS & MIXERS Wall Mixer With Flange,,1620,
P.T.M.T. SYMET,134-RG,OVIAN GOLD BATH FITTINGS & MIXERS Sink Mixer With Flange,,1708,
P.T.M.T. SYMET,133-RG,OVIAN GOLD BATH FITTINGS & MIXERS Sink Cock FOAM FLOW SWING ARM T/M WITH FLANGE,,808,
P.T.M.T. SYMET,132-RG,OVIAN GOLD BATH FITTINGS & MIXERS Sink Cock (W/M) with Flange,,808,
P.T.M.T. SYMET,130-RNG,OVIAN GOLD BATH FITTINGS & MIXERS Pillar Cock Fancy (15mm)with Foam Flow & FLANGE,,494,
P.T.M.T. SYMET,130-RG,OVIAN GOLD BATH FITTINGS & MIXERS Pillar Cock WITH FLANGE,,494,
P.T.M.T. SYMET,129-RG,OVIAN GOLD BATH FITTINGS & MIXERS 2 Way Bib Cock With Flange,,724,
P.T.M.T. SYMET,124-RG,OVIAN GOLD BATH FITTINGS & MIXERS Bib Cock Long Smart Body( 15 mm ) with Flange,,406,
P.T.M.T. SYMET,123-RG,OVIAN GOLD BATH FITTINGS & MIXERS Bib Cock Long Body (15mm) Foam Flow with Flange,,416,
P.T.M.T. SYMET,121-RG,OVIAN GOLD BATH FITTINGS & MIXERS Bib Cock Fancy (15mm)Foam Flow with Flange,,384,
P.T.M.T. SYMET,1375-RP,OVIAN PRIME BATH FITTINGS & MIXERS WALL MIXER L BEND,,1992,
P.T.M.T. SYMET,400-RP,OVIAN PRIME BATH FITTINGS & MIXERS SINGLE LEVER BASIN MIXER,,1798,
P.T.M.T. SYMET,147-RP,OVIAN PRIME BATH FITTINGS & MIXERS PILLAR COCK SWAN NECK,,730,
P.T.M.T. SYMET,145-RP,OVIAN PRIME BATH FITTINGS & MIXERS 2 WAY ANGLE COCK WITH FLANGE,,664,
P.T.M.T. SYMET,144-RP,OVIAN PRIME BATH FITTINGS & MIXERS ANGLE COCK WITH FLANGE,,366,
P.T.M.T. SYMET,135-RP,OVIAN PRIME BATH FITTINGS & MIXERS WALL MIXER WITH FLANGE,,1620,
P.T.M.T. SYMET,134-RP,OVIAN PRIME BATH FITTINGS & MIXERS SINK MIXER WITH FLANGE,,1708,
P.T.M.T. SYMET,133-RP,OVIAN PRIME BATH FITTINGS & MIXERS SINK COCK T/M LONG,,808,
P.T.M.T. SYMET,132-RP,OVIAN PRIME BATH FITTINGS & MIXERS SINK COCK W/M WITH FLANGE,,808,
P.T.M.T. SYMET,130-RNP,OVIAN PRIME BATH FITTINGS & MIXERS PILLAR COCK FANCY 15MM WITH FOAM FLOW,,494,
P.T.M.T. SYMET,130-RP,OVIAN PRIME BATH FITTINGS & MIXERS PILLAR COCK,,494,
P.T.M.T. SYMET,129-RP,OVIAN PRIME BATH FITTINGS & MIXERS 2 WAY BIB COCK WITH FLANGE,,724,
P.T.M.T. SYMET,124-RP,OVIAN PRIME BATH FITTINGS & MIXERS BIB COK LONG SMART BODY 15MM WITH FLANGE,,406,
P.T.M.T. SYMET,123-RP,OVIAN PRIME BATH FITTINGS & MIXERS BIB COCK LONG BODY 15MM FOAM FLOW WITH FLANGE,,416,
P.T.M.T. SYMET,121-RP,OVIAN PRIME BATH FITTINGS & MIXERS BIB COCK FANCY 15MM FOAM FLOW WITH FLANGE,,384,
P.T.M.T. SYMET,149-VG,VITRO GOLD BATH FITTINGS & MIXERS Washing Machine Tap WITH FLANGE,,432,
P.T.M.T. SYMET,1322-VG,VITRO GOLD BATH FITTINGS & MIXERS Sink Cock Swing Arm Short (W/M ) WITH FLANGE,,674,
P.T.M.T. SYMET,147-VG,VITRO GOLD BATH FITTINGS & MIXERS Piller Cock Swan Neck WITH FLANGE,,670,
P.T.M.T. SYMET,145-VG,VITRO GOLD BATH FITTINGS & MIXERS 2 Way Angle Cock with Flange,,560,
P.T.M.T. SYMET,144-VG,VITRO GOLD BATH FITTINGS & MIXERS Angle Cock with Flange,,260,
P.T.M.T. SYMET,133-VG,VITRO GOLD BATH FITTINGS & MIXERS Sink Cock (T/M) Long WITH FLANGE,,740,
P.T.M.T. SYMET,132-VG,VITRO GOLD BATH FITTINGS & MIXERS Sink Cock (W/M) with Flange,,740,
P.T.M.T. SYMET,127-VG,VITRO GOLD BATH FITTINGS & MIXERS Bib Cock Nozzle with Flange,,314,
P.T.M.T. SYMET,130-VG,VITRO GOLD BATH FITTINGS & MIXERS Pillar Cock WITH FLANGE,,366,
P.T.M.T. SYMET,129-VG,VITRO GOLD BATH FITTINGS & MIXERS 2 Way Bib Cock With Flange,,570,
P.T.M.T. SYMET,124-VG,VITRO GOLD BATH FITTINGS & MIXERS Bib Cock Long Smart Body( 15 mm ) with Flange,,368,
P.T.M.T. SYMET,121-VG,VITRO GOLD BATH FITTINGS & MIXERS Bib Cock Fancy (15mm)Foam Flow with Flange,,266,
P.T.M.T. SYMET,123-CF,COBRA BATH FITTINGS & MIXERS Bib Cock Fancy (15mm Cobra) with Flange (Foam flow),,284,
P.T.M.T. SYMET,123-EF,GRAND SERIES BATH FITTINGS & MIXERS Bib Cock Fancy 15mm with Flange (Foam flow),,342,
P.T.M.T. SYMET,1311-N,ROMAN BATH FITTINGS & MIXERS Pillar Cock 15mm,,476,
P.T.M.T. SYMET,145-U,2 Way Angle Cock with Flange,,682,
P.T.M.T. SYMET,144-U,Angle Cock with Flange,,352,
P.T.M.T. SYMET,133-U,Sink Cock (R.H) Swan Neck (T/M) with Flange,,784,
P.T.M.T. SYMET,132-U,SInk Cock (W/M) with Flange,,784,
P.T.M.T. SYMET,130-U,Pillar Cock with Flange,,498,
P.T.M.T. SYMET,129-U,2 Way Bib Cock with Flange,,732,
P.T.M.T. SYMET,124-U,Bib Cock Long Body 15mm with Flange,,486,
P.T.M.T. SYMET,123-U,Bib Cock Fancy 15mm with Flange,,396,
P.T.M.T. SYMET,123-FH,HELIX BATH FITTINGS & MIXERS Bib Cock with Flange (Foam flow),,284,
P.T.M.T. SYMET,149-v,VITRO BATH FITTINGS & MIXERS Washing Machine Tap WITH FLANGE,,392,
P.T.M.T. SYMET,145-V,VITRO BATH FITTINGS & MIXERS 2 Way Angle Cock 15mm With Flange,,506,
P.T.M.T. SYMET,144-V,VITRO BATH FITTINGS & MIXERS Angle Cock With Flange,,236,
P.T.M.T. SYMET,1322-v,VITRO BATH FITTINGS & MIXERS Sink Cock Swing Arm Short (W/M ) WITH FLANGE,,612,
P.T.M.T. SYMET,133-V,VITRO BATH FITTINGS & MIXERS Sink Cock- Swing Arm Long ( T/M ) WITH FLANGE,,672,
P.T.M.T. SYMET,147-V,VITRO BATH FITTINGS & MIXERS Pillar Cock Swan Neck ( T/M) WITH FLANGE,,608,
P.T.M.T. SYMET,132-V,VITRO BATH FITTINGS & MIXERS Sink Cock (W/M) with Flange,,672,
P.T.M.T. SYMET,130-V,VITRO BATH FITTINGS & MIXERS Pillar Cock WITH FLANGE,,332,
P.T.M.T. SYMET,129-V,VITRO BATH FITTINGS & MIXERS 2 Way Bib Cock With Flange,,518,
P.T.M.T. SYMET,127-V,VITRO BATH FITTINGS & MIXERS Bib Cock Nozzle With Flange,,286,
P.T.M.T. SYMET,124-v,VITRO BATH FITTINGS & MIXERS Bib Cock Long Body ( 15 mm ) with Flange,,334,
P.T.M.T. SYMET,121-V,VITRO BATH FITTINGS & MIXERS Bib Cock Fancy (15mm) with Flange,,242,
P.T.M.T. SYMET,666,BATHROOM MIROR & CABINET (P.T.M.T ALLOY) Triple Door Cabinet With Mirror 848 x 343 x250mm,,1850,
P.T.M.T. SYMET,665,BATHROOM MIROR & CABINET (P.T.M.T ALLOY) Triple Door Cabinet 848 x 343 x 250mm,,1560,
P.T.M.T. SYMET,663,BATHROOM MIROR & CABINET (P.T.M.T ALLOY) Single Door Cabinet 300x343x250mm,,830,
P.T.M.T. SYMET,662,BATHROOM MIROR & CABINET (P.T.M.T ALLOY) Double Door Cabinet Without Mirror 595x343x250mm,,1140,
P.T.M.T. SYMET,661,BATHROOM MIROR & CABINET (P.T.M.T ALLOY) Double Door Cabinet With Mirror 595x343x250mm,,1420,
P.T.M.T. SYMET,1811N-C,"SHOWER SETS-SHOWER+ARM+FLANGE O.H.SHOWER ROUND 100MM 4""+SHOWER ARM 225MM WITH FLANGE (1811+184)",,482,
P.T.M.T. SYMET,1811-C,"SHOWER SETS-SHOWER+ARM+FLANGE O.H.SHOWER ROUND 100MM 4""+SHOWER ARM 225MM WITH FLANGE (1811+1841)",,458,
P.T.M.T. SYMET,145-O,STANDARD SERIES-OLD HANDLE BATH FITTINGS & MIXERS 2 WAY ANGLE COCK WITH FLANGE,,472,
P.T.M.T. SYMET,129-O,STANDARD SERIES-OLD HANDLE BATH FITTINGS & MIXERS 2 WAY BIB COCK 15MM FOAM FLOW WITH FLANGE,,518,
P.T.M.T. SYMET,120-WS,SPECIAL COCK T-HANDLE WITH FLANGE,,132,
P.T.M.T. SYMET,120-S,SPECIAL COCK BATH FITTINGS & MIXERS T-HANDLE WITH FLANGE,,136,
P.T.M.T. SYMET,667,BATHROOM MIROR & CABINET (P.T.M.T ALLOY) Mirror Cabinet with shelf540x340x130mm,,2110,
P.T.M.T. SYMET,664-M,BATHROOM MIROR & CABINET (P.T.M.T ALLOY) Single Door Cabinet With Mirror 300 X343X250mm,,1100,
P.T.M.T. SYMET,147,STANDARD SERIES BATH FITTINGS & MIXERS Pillar Cock Swan Neck WITH FLANGE,,632,
P.T.M.T. SYMET,145-A,BLACK DIAMOND BATH FITTINGS & MIXERS 2 Way Angle Cock 15 Mm With Flange,,498,
P.T.M.T. SYMET,144-A,BLACK DIAMOND BATH FITTINGS & MIXERS Angle Cock With Flange,,226,
P.T.M.T. SYMET,133-A,BLACK DIAMOND BATH FITTINGS & MIXERS Sink Cock Swing Arm Long (T/M),,698,
P.T.M.T. SYMET,147-A,BLACK DIAMOND BATH FITTINGS & MIXERS Pillar Cock Swan Neck(T/M),,648,
P.T.M.T. SYMET,132-A,BLACK DIAMOND BATH FITTINGS & MIXERS Sink Cock (W/M) With Flange,,688,
P.T.M.T. SYMET,130-A,BLACK DIAMOND BATH FITTINGS & MIXERS Pillar Cock,,332,
P.T.M.T. SYMET,129-A,BLACK DIAMOND BATH FITTINGS & MIXERS 2 Way Bib Cock With Flange,,526,
P.T.M.T. SYMET,127-A,BLACK DIAMOND BATH FITTINGS & MIXERS Bib Cock Nozzle With Flange,,264,
P.T.M.T. SYMET,124-A,BLACK DIAMOND BATH FITTINGS & MIXERS Bibcock Long Body (15mm) With Flange,,302,
P.T.M.T. SYMET,121-A,BLACK DIAMOND BATH FITTINGS & MIXERS Bib Cock Fancy (15mm) With Flange,,234,
P.T.M.T. SYMET,149-B,BLACK PEARL BATH FITTINGS & MIXERS Washing Machine Tap WITH FLANGE,,362,
P.T.M.T. SYMET,145-B,BLACK PEARL BATH FITTINGS & MIXERS 2 Way Angle Cock 15 Mm With Flange,,422,
P.T.M.T. SYMET,144-B,BLACK PEARL BATH FITTINGS & MIXERS Angle Cock With Flange,,236,
P.T.M.T. SYMET,1322-B,BLACK PEARL BATH FITTINGS & MIXERS Sink Cock Swing Arm Short (T/M) WITH FLANGE,,574,
P.T.M.T. SYMET,133-B,BLACK PEARL BATH FITTINGS & MIXERS Sink Cock Swing Arm Long (T/M) WITH FLANGE,,646,
P.T.M.T. SYMET,147-B,BLACK PEARL BATH FITTINGS & MIXERS Pillar Cock Swan Neck WITH FLANGE,,594,
P.T.M.T. SYMET,132-B,BLACK PEARL BATH FITTINGS & MIXERS Sink Cock (W/M) With Flange,,626,
P.T.M.T. SYMET,130-B,BLACK PEARL FITTINGS & MIXERS Pillar Cock WITH FLANGE,,314,
P.T.M.T. SYMET,129-B,BLACK PEARL BATH FITTINGS & MIXERS 2 Way Bib Cock With Flange,,456,
P.T.M.T. SYMET,127-B,BLACK PEARL BATH FITTINGS & MIXERS Bib Cock Nozzle With Flange,,272,
P.T.M.T. SYMET,124-B,BLACK PEARL BATH FITTINGS & MIXERS Bibcock Long Body (15mm) With Flange,,296,
P.T.M.T. SYMET,121-B,BLACK PEARL BATH FITTINGS & MIXERS Bib Cock Fancy (15mm) Foam Flow With Flange,,226,
P.T.M.T. SYMET,149-S,FLORA BATH FITTINGS & MIXERS Washing Machine Tap,,362,
P.T.M.T. SYMET,145-S,FLORA BATH FITTINGS & MIXERS 2 Way Angle Cock 15 Mm With Flange,,422,
P.T.M.T. SYMET,1322-S,FLORA BATH FITTINGS & MIXERS Sink Cock Swing Arm Short (T/M) WITH FLANGE,,574,
P.T.M.T. SYMET,133-S,FLORA BATH FITTINGS & MIXERS Sink Cock-Swing Arm Long (T/M) WITH FLANGE,,646,
P.T.M.T. SYMET,147-S,FLORA BATH FITTINGS & MIXERS Pillar Cock Swan Neck(T/M) WITH FLANGE,,594,
P.T.M.T. SYMET,132-S,FLORA BATH FITTINGS & MIXERS Sink Cock (W/M) With Flange,,626,
P.T.M.T. SYMET,129-S,FLORA BATH FITTINGS & MIXERS 2 Way Bib Cock With Flange,,456,
P.T.M.T. SYMET,127-S,FLORA BATH FITTINGS & MIXERS Bib Cock Nozzle With Flange,,272,
P.T.M.T. SYMET,124-S,FLORA BATH FITTINGS & MIXERS Bibcock Long Body (15mm) With Flange,,296,
P.T.M.T. SYMET,121-S,FLORA BATH FITTINGS & MIXERS Bib Cock Fancy 15mm With Flange,,226,
P.T.M.T. SYMET,3274,COLLAPSIBLE WASTE PIPES COLLA[SIBLE WASTE PIPE (31/32X950mm)new,,90,
P.T.M.T. SYMET,122-O,STANDARD SERIES-OLD HANDLE BATH FITTINGS & MIXERS BIBCOCK STANDARD (FEMALE) 15 MM WITH FLANGE,,228,
P.T.M.T. SYMET,1311-H,HELIX BATH FITTINGS & MIXERS Pillar Cock Fancy 15mm (R.H.) FOAM FLOW,,398,
P.T.M.T. SYMET,145-i,IBIX BATH FITTINGS & MIXERS 2 Way Angle Cock with Flange,,794,
P.T.M.T. SYMET,133-i,IBIX BATH FITTINGS & MIXERS Sink Cock (T/M) Long WITH FLANGE,,912,
P.T.M.T. SYMET,3273,COLLAPSIBLE WASTE PIPES COLLA[SIBLE WASTE PIPE (38/40X800mm),,90,
P.T.M.T. SYMET,124-R,OVIAN BATH FITTINGS & MIXERS Bib Cock Long body (15 mm ) With Flange,,382,
P.T.M.T. SYMET,316,P.T.M.T. SPINDLES SET ACCESSORIES BALL COCK CHUTKI (50MM),,186,
P.T.M.T. SYMET,315,P.T.M.T. SPINDLES SET ACCESSORIES BALL COCK CHUTKI (40MM),,170,
P.T.M.T. SYMET,314,P.T.M.T. SPINDLES SET ACCESSORIES BALL COCK CHUTKI (32 MM),,142,
P.T.M.T. SYMET,313,P.T.M.T. SPINDLES SET ACCESSORIES BALL COCK CHUTKI (25MM),,112,
P.T.M.T. SYMET,312,P.T.M.T. SPINDLES SET ACCESSORIES BALL COCK CHUTKI (20MM),,58,
P.T.M.T. SYMET,311,P.T.M.T. SPINDLES SET ACCESSORIES BALL COCK CHUTKI (15MM),,40,
P.T.M.T. SYMET,302,P.T.M.T. SPINDLES SET ACCESSORIES VALVE SPRINDLE SET (15MM),,42,
P.T.M.T. SYMET,301,P.T.M.T. SPINDLES SET ACCESSORIES BONAT -OUTER MOHRA,,48,
P.T.M.T. SYMET,300,P.T.M.T. SPINDLES SET ACCESSORIES COMPLETE INTERNAL FITTING,,102,
P.T.M.T. SYMET,H-5,P.T.M.T. SPINDLES SET ACCESSORIES QUADRA SERIES HANDLE,,78,
P.T.M.T. SYMET,H-4,P.T.M.T. SPINDLES SET ACCESSORIES ROMAN RANGE HANDLE,,72,
P.T.M.T. SYMET,H-3,P.T.M.T. SPINDLES SET ACCESSORIES ITALIAN SERIES HANDLE,,80,
P.T.M.T. SYMET,H-2,P.T.M.T. SPINDLES SET ACCESSORIES STANDARD RANGE - NEW HANDLE,,78,
P.T.M.T. SYMET,H-1,P.T.M.T. SPINDLES SET ACCESSORIES STANDARD RANGE -OLD HANDLE,,62,
P.T.M.T. SYMET,144-S,"Angle Cock With Flange ,FLORA BATH FITTINGS & MIXERS",,236,
P.T.M.T. SYMET,130-S,Pillar Cock,,314,
P.T.M.T. SYMET,U26-L,"Ball Valve Long Lever Handle ( SCH 80 ) 50MM 2""",,668,
P.T.M.T. SYMET,U25-L,"Ball Valve Long Lever Handle ( SCH 80 ) 40MM 11/2""",,438,
P.T.M.T. SYMET,U24-L,"Ball Valve Long Lever Handle ( SCH 80 ) 32MM 1 1/4""",,296,
P.T.M.T. SYMET,U22-L,"Ball Valve Long Lever Handle ( SCH 80 ) 20MM3/4""",,120,
P.T.M.T. SYMET,U21-L,"Ball Valve Long Lever Handle ( SCH 80 ) 15MM1/2""",,78,
P.T.M.T. SYMET,1332,ROMAN BATH FITTINGS & MIXERS SINK COCK R.H SWING ARM T/M WITH FLANGE,WHITE,828,
P.T.M.T. SYMET,1332,ROMAN BATH FITTINGS & MIXERS SINK COCK R.H SWING ARM T/M WITH FLANGE,IVORY,828,
P.T.M.T. SYMET,328-C,P.V.C. CONNECTIONS WITH P.T.M.T. NUT COLLAR BUSH & SPANNER P.V.C. CONNECTION STANDARD SERIES 2 PCS PACKING 40INCH/100MM,WHITE,186,
P.T.M.T. SYMET,328-C,P.V.C. CONNECTIONS WITH P.T.M.T. NUT COLLAR BUSH & SPANNER P.V.C. CONNECTION STANDARD SERIES 2 PCS PACKING 40INCH/100MM,IVORY,186,
P.T.M.T. SYMET,1814N-C,SHOWER SETS-SHOWER+ARM+FLANGE O.H SHOWER ROUND 100MM 4INCH + SHOWER ARM 225MM WITH FLANGE 1814+1841,WHITE,482,
P.T.M.T. SYMET,1814N-C,SHOWER SETS-SHOWER+ARM+FLANGE O.H SHOWER ROUND 100MM 4INCH + SHOWER ARM 225MM WITH FLANGE 1814+1841,IVORY,482,
P.T.M.T. SYMET,1311-C,COBRA BATH FITTINGS & MIXERS PILLAR COCK FANCY 15MM R.H. WITH FOAM FLOW,WHITE,398,
P.T.M.T. SYMET,1311-C,COBRA BATH FITTINGS & MIXERS PILLAR COCK FANCY 15MM R.H. WITH FOAM FLOW,IVORY,398,
P.T.M.T. SYMET,1375-C,COBRA BATH FITTINGS & MIXERS WALL MIXER WITH L BEND,WHITE,1694,
P.T.M.T. SYMET,1375-C,COBRA BATH FITTINGS & MIXERS WALL MIXER WITH L BEND,IVORY,1694,
P.T.M.T. SYMET,143-E,GRAND SERIES BATH FITTINGS & MIXERS STOP COCK 20MM,WHITE,302,
P.T.M.T. SYMET,143-E,GRAND SERIES BATH FITTINGS & MIXERS STOP COCK 20MM,IVORY,302,
P.T.M.T. SYMET,131-N,STANDARD SERIES BATH FITTINGS & MIXERS PILLAR COCK 15MM WITH FOAM FLOW WITH FLANGE,WHITE,362,
P.T.M.T. SYMET,131-N,STANDARD SERIES BATH FITTINGS & MIXERS PILLAR COCK 15MM WITH FOAM FLOW WITH FLANGE,IVORY,362,
P.T.M.T. SYMET,142-O,STANDARD SERIES-OLD HANDLE BATH FITTINGS & MIXERS STOP COCK 20MM FEMALE THREAD OLD HANDLE,WHITE,224,
P.T.M.T. SYMET,142-O,STANDARD SERIES-OLD HANDLE BATH FITTINGS & MIXERS STOP COCK 20MM FEMALE THREAD OLD HANDLE,IVORY,224,
P.T.M.T. SYMET,131-O,STANDARD SERIES-OLD HANDLE BATH FITTINGS & MIXERS PILLAR COCK 15MM WITH FLANGE,WHITE,362,
P.T.M.T. SYMET,131-O,STANDARD SERIES-OLD HANDLE BATH FITTINGS & MIXERS PILLAR COCK 15MM WITH FLANGE,IVORY,362,
P.T.M.T. SYMET,1471,ROMAN BATH FITTINGS & MIXERS PILLAR COCK SWAN NECK WITH FLANGE,WHITE,786,
P.T.M.T. SYMET,1471,ROMAN BATH FITTINGS & MIXERS PILLAR COCK SWAN NECK WITH FLANGE,IVORY,786,
P.T.M.T. SYMET,131-I,IBIX BATH FIOTTIMGS & MIXERS PILLER COCK FANCY 15MM WITH FOAM FLOW WITH FLANGE,WHITE,604,
P.T.M.T. SYMET,131-I,IBIX BATH FIOTTIMGS & MIXERS PILLER COCK FANCY 15MM WITH FOAM FLOW WITH FLANGE,IVORY,604,
P.T.M.T. SYMET,147-I,IBIX BATH FIOTTIMGS & MIXERS PILLER COCK SWAN NECK WITH FLANGE,WHITE,784,
P.T.M.T. SYMET,147-I,IBIX BATH FIOTTIMGS & MIXERS PILLER COCK SWAN NECK WITH FLANGE,IVORY,784,
P.T.M.T. SYMET,124-FH,HELIX BATH FITTINGS & MIXERS BIB COCK LONG BODY 15MM WITH FLANGE W/F,WHITE,328,
P.T.M.T. SYMET,124-FH,HELIX BATH FITTINGS & MIXERS BIB COCK LONG BODY 15MM WITH FLANGE W/F,IVORY,328,
P.T.M.T. SYMET,148-H,HELIX BATH FITTINGS & MIXERS CONCEALED STOPCOCK 15MM/20MM R.H,WHITE,392,
P.T.M.T. SYMET,148-H,HELIX BATH FITTINGS & MIXERS CONCEALED STOPCOCK 15MM/20MM R.H,IVORY,392,
P.T.M.T. SYMET,147-R,OVIAN BATH FITTINGS & MIXERS PILLER COCK SWAN NECK WITH FLANGE,WHITE,688,
P.T.M.T. SYMET,147-R,OVIAN BATH FITTINGS & MIXERS PILLER COCK SWAN NECK WITH FLANGE,IVORY,688,
P.T.M.T. SYMET,149-A,BLACK DIAMOND BATH FITTINGS & MIXERS WASHING MACHINE TAP,WHITE,376,
P.T.M.T. SYMET,149-A,BLACK DIAMOND BATH FITTINGS & MIXERS WASHING MACHINE TAP,IVORY,376,
P.T.M.T. SYMET,143-H,HELIX BATH FITTINGS & MIXERS STOP COCK 20 MM (FEMALE THREAD ) R.H.,White,264,
P.T.M.T. SYMET,143-H,HELIX BATH FITTINGS & MIXERS STOP COCK 20 MM (FEMALE THREAD ) R.H.,Ivory,264,
P.T.M.T. SYMET,125-O,STANDARD SERIES-OLD HANDLE BATH FITTINGS & MIXERS BIBCOCK STANDARD 20 MM WITH FLANGE,WHITE,294,
P.T.M.T. SYMET,125-O,STANDARD SERIES-OLD HANDLE BATH FITTINGS & MIXERS BIBCOCK STANDARD 20 MM WITH FLANGE,IVORY,294,
P.T.M.T. SYMET,1375-S,STANDARD SERIES BATH FITTINGS & MIXERS Wall Mixer With L Bend,White,1622,
P.T.M.T. SYMET,1375-S,STANDARD SERIES BATH FITTINGS & MIXERS Wall Mixer With L Bend,Ivory,1622,
P.T.M.T. SYMET,144-H,HELIX BATH FITTINGS & MIXERS ANGLE COCK WITH FLANGE,White,236,
P.T.M.T. SYMET,144-H,HELIX BATH FITTINGS & MIXERS ANGLE COCK WITH FLANGE,Ivory,236,
P.T.M.T. SYMET,145-H,HELIX BATH FITTINGS & MIXERS 2 WAY ANGLE COCK 15 MM (WITH FLANGE ),White,518,
P.T.M.T. SYMET,145-H,HELIX BATH FITTINGS & MIXERS 2 WAY ANGLE COCK 15 MM (WITH FLANGE ),Ivory,518,
P.T.M.T. SYMET,142-H,HELIX BATH FITTINGS & MIXERS STOP COCK 15 MM (FEMALE THREAD ) R.H.,White,252,
P.T.M.T. SYMET,142-H,HELIX BATH FITTINGS & MIXERS STOP COCK 15 MM (FEMALE THREAD ) R.H.,Ivory,252,
P.T.M.T. SYMET,146-H,HELIX BATH FITTINGS & MIXERS CONCEALED STOP COCK 15MM/20MM (R.H.),White,392,
P.T.M.T. SYMET,146-H,HELIX BATH FITTINGS & MIXERS CONCEALED STOP COCK 15MM/20MM (R.H.),Ivory,392,
P.T.M.T. SYMET,141-H,HELIX BATH FITTINGS & MIXERS STOP COCK 15 MM (MALE THREAD ),White,244,
P.T.M.T. SYMET,141-H,HELIX BATH FITTINGS & MIXERS STOP COCK 15 MM (MALE THREAD ),Ivory,244,
P.T.M.T. SYMET,147-H,HELIX BATH FITTINGS & MIXERS PILLAR COCK SWAN NECK WITH FLANGE,White,672,
P.T.M.T. SYMET,147-H,HELIX BATH FITTINGS & MIXERS PILLAR COCK SWAN NECK WITH FLANGE,Ivory,672,
P.T.M.T. SYMET,134-H,HELIX BATH FITTINGS & MIXERS SINK MIXER WITH FLANGE,White,1298,
P.T.M.T. SYMET,134-H,HELIX BATH FITTINGS & MIXERS SINK MIXER WITH FLANGE,Ivory,1298,
P.T.M.T. SYMET,1491-H,HELIX BATH FITTINGS & MIXERS WASHING MACHINE TAP WITH FLANGE,White,396,
P.T.M.T. SYMET,1491-H,HELIX BATH FITTINGS & MIXERS WASHING MACHINE TAP WITH FLANGE,Ivory,396,
P.T.M.T. SYMET,133-H,HELIX BATH FITTINGS & MIXERS SINK COCK (SWING ARM ) (T/M) WITH FLANGE,White,712,
P.T.M.T. SYMET,133-H,HELIX BATH FITTINGS & MIXERS SINK COCK (SWING ARM ) (T/M) WITH FLANGE,Ivory,712,
P.T.M.T. SYMET,1375-H,HELIX BATH FITTINGS & MIXERS WALL MIXER WITH L BEND,White,1694,
P.T.M.T. SYMET,1375-H,HELIX BATH FITTINGS & MIXERS WALL MIXER WITH L BEND,Ivory,1694,
P.T.M.T. SYMET,132-H,HELIX BATH FITTINGS & MIXERS SINK COCK WITH FLANGE,White,712,
P.T.M.T. SYMET,132-H,HELIX BATH FITTINGS & MIXERS SINK COCK WITH FLANGE,Ivory,712,
P.T.M.T. SYMET,1375-R,OVIAN BATH FITTINGS & MIXERS WALL MIXER WITH L BEND,White,1878,
P.T.M.T. SYMET,1375-R,OVIAN BATH FITTINGS & MIXERS WALL MIXER WITH L BEND,Ivory,1878,
P.T.M.T. SYMET,131-H,HELIX BATH FITTINGS & MIXERS PILLAR COCK FANCY 15 MM WITH FOAM FLOW WITH FLANGE,White,388,
P.T.M.T. SYMET,131-H,HELIX BATH FITTINGS & MIXERS PILLAR COCK FANCY 15 MM WITH FOAM FLOW WITH FLANGE,Ivory,388,
P.T.M.T. SYMET,400-R,OVIAN BATH FITTINGS & MIXERS SINGLE LEVER BASIN MIXER,White,1696,
P.T.M.T. SYMET,400-R,OVIAN BATH FITTINGS & MIXERS SINGLE LEVER BASIN MIXER,Ivory,1696,
P.T.M.T. SYMET,145-R,OVIAN BATH FITTINGS & MIXERS 2 WAY ANGLE COCK WITH FLANGE,White,626,
P.T.M.T. SYMET,145-R,OVIAN BATH FITTINGS & MIXERS 2 WAY ANGLE COCK WITH FLANGE,Ivory,626,
P.T.M.T. SYMET,144-R,OVIAN BATH FITTINGS & MIXERS ANGLE COCK WITH FLANGE,White,344,
P.T.M.T. SYMET,144-R,OVIAN BATH FITTINGS & MIXERS ANGLE COCK WITH FLANGE,Ivory,344,
P.T.M.T. SYMET,135-R,OVIAN BATH FITTINGS & MIXERS WALL MIXER WITH FLANGE,White,1528,
P.T.M.T. SYMET,135-R,OVIAN BATH FITTINGS & MIXERS WALL MIXER WITH FLANGE,Ivory,1528,
P.T.M.T. SYMET,130-H,HELIX BATH FITTINGS & MIXERS PILLAR COCK WITH FLANGE,White,352,
P.T.M.T. SYMET,130-H,HELIX BATH FITTINGS & MIXERS PILLAR COCK WITH FLANGE,Ivory,352,
P.T.M.T. SYMET,134-R,OVIAN BATH FITTINGS & MIXERS SINK MIXER WITH FLANGE,White,1612,
P.T.M.T. SYMET,134-R,OVIAN BATH FITTINGS & MIXERS SINK MIXER WITH FLANGE,Ivory,1612,
P.T.M.T. SYMET,129-H,HELIX BATH FITTINGS & MIXERS 2 WAY BIBCOCK 15 MM WITH FLANGE (FOAM FLOW),White,552,
P.T.M.T. SYMET,129-H,HELIX BATH FITTINGS & MIXERS 2 WAY BIBCOCK 15 MM WITH FLANGE (FOAM FLOW),Ivory,552,
P.T.M.T. SYMET,133-R,OVIAN BATH FITTINGS & MIXERS SINK COCK (T/M) LONG WITH FLANGE,White,762,
P.T.M.T. SYMET,133-R,OVIAN BATH FITTINGS & MIXERS SINK COCK (T/M) LONG WITH FLANGE,Ivory,762,
P.T.M.T. SYMET,132-R,OVIAN BATH FITTINGS & MIXERS SINK COCK (W/M) WITH FLANGE,White,762,
P.T.M.T. SYMET,132-R,OVIAN BATH FITTINGS & MIXERS SINK COCK (W/M) WITH FLANGE,Ivory,762,
P.T.M.T. SYMET,127-H,HELIX BATH FITTINGS & MIXERS BIB COCK NOZZLE WITH FLANGE,White,278,
P.T.M.T. SYMET,127-H,HELIX BATH FITTINGS & MIXERS BIB COCK NOZZLE WITH FLANGE,Ivory,278,
P.T.M.T. SYMET,130-RN,OVIAN BATH FITTINGS & MIXERS PILLAR COCK FANCY (15MM) WITH FOAM FLOW & FLANGE,White,466,
P.T.M.T. SYMET,130-RN,OVIAN BATH FITTINGS & MIXERS PILLAR COCK FANCY (15MM) WITH FOAM FLOW & FLANGE,Ivory,466,
P.T.M.T. SYMET,124-H,HELIX BATH FITTINGS & MIXERS BIB COCK LONG BODY 15 MM WITH FLANGE (W/F),White,314,
P.T.M.T. SYMET,124-H,HELIX BATH FITTINGS & MIXERS BIB COCK LONG BODY 15 MM WITH FLANGE (W/F),Ivory,314,
P.T.M.T. SYMET,130-R,OVIAN BATH FITTINGS & MIXERS PILLAR COCK WITH FLANGE,White,466,
P.T.M.T. SYMET,130-R,OVIAN BATH FITTINGS & MIXERS PILLAR COCK WITH FLANGE,Ivory,466,
P.T.M.T. SYMET,123-H,HELIX BATH FITTINGS & MIXERS BIB COCK WITH FLANGE,White,274,
P.T.M.T. SYMET,123-H,HELIX BATH FITTINGS & MIXERS BIB COCK WITH FLANGE,Ivory,274,
P.T.M.T. SYMET,121-H,HELIX BATH FITTINGS & MIXERS BIB COCK STANDARD 15 MM WITH FLANGE,White,244,
P.T.M.T. SYMET,121-H,HELIX BATH FITTINGS & MIXERS BIB COCK STANDARD 15 MM WITH FLANGE,Ivory,244,
P.T.M.T. SYMET,129-R,OVIAN BATH FITTINGS & MIXERS 2 WAY BIB COCK WITH FLANGE,White,682,
P.T.M.T. SYMET,129-R,OVIAN BATH FITTINGS & MIXERS 2 WAY BIB COCK WITH FLANGE,Ivory,682,
P.T.M.T. SYMET,123-R,OVIAN BATH FITTINGS & MIXERS BIB COCK LONG BODY (15 MM ) FOAM FLOW WITH FLANGE,White,392,
P.T.M.T. SYMET,123-R,OVIAN BATH FITTINGS & MIXERS BIB COCK LONG BODY (15 MM ) FOAM FLOW WITH FLANGE,Ivory,392,
P.T.M.T. SYMET,1375,ROMAN BATH FITTINGS & MIXERS WALL MIXER WITH L BEND,White,1934,
P.T.M.T. SYMET,1375,ROMAN BATH FITTINGS & MIXERS WALL MIXER WITH L BEND,Ivory,1934,
P.T.M.T. SYMET,121-R,OVIAN BATH FITTINGS & MIXERS BIB COCK FANCY (15MM) FOAM FLOW WITH FLANGE,White,362,
P.T.M.T. SYMET,121-R,OVIAN BATH FITTINGS & MIXERS BIB COCK FANCY (15MM) FOAM FLOW WITH FLANGE,Ivory,362,
P.T.M.T. SYMET,1375-O,STANDARD SERIES-OLD HANDLE BATH FITTINGS & MIXERS WALL MIXER WITH L BEND,White,1622,
P.T.M.T. SYMET,1375-O,STANDARD SERIES-OLD HANDLE BATH FITTINGS & MIXERS WALL MIXER WITH L BEND,Ivory,1622,
P.T.M.T. SYMET,1375-i,IBIX BATH FITTINGS & MIXERS WALL MIXER WITH L BEND,White,2292,
P.T.M.T. SYMET,1375-i,IBIX BATH FITTINGS & MIXERS WALL MIXER WITH L BEND,Ivory,2292,
P.T.M.T. SYMET,400-Q,QUADRA BATH FITTINGS & MIXERS SINGLE LEVER BASIN MIXER,White,1776,
P.T.M.T. SYMET,400-Q,QUADRA BATH FITTINGS & MIXERS SINGLE LEVER BASIN MIXER,Ivory,1776,
P.T.M.T. SYMET,133-Q,QUADRA BATH FITTINGS & MIXERS SINK COCK (R.H) SWAN NECK (T/M) WITH FLANGE,White,764,
P.T.M.T. SYMET,133-Q,QUADRA BATH FITTINGS & MIXERS SINK COCK (R.H) SWAN NECK (T/M) WITH FLANGE,Ivory,764,
P.T.M.T. SYMET,132-Q,QUADRA BATH FITTINGS & MIXERS SINK COCK (R.H. ) WITH FLANGE,White,764,
P.T.M.T. SYMET,132-Q,QUADRA BATH FITTINGS & MIXERS SINK COCK (R.H. ) WITH FLANGE,Ivory,764,
P.T.M.T. SYMET,1814,"ACCESSORIES OVER HEAD SHOWER ROUND 100MM 4"" ADJUSTABLE WITHOUT ARM",White,304,
P.T.M.T. SYMET,1814,"ACCESSORIES OVER HEAD SHOWER ROUND 100MM 4"" ADJUSTABLE WITHOUT ARM",Ivory,304,
P.T.M.T. SYMET,129-Q,QUADRA BATH FITTINGS & MIXERS 2 WAY BIB COCK WITH FLANGE,White,708,
P.T.M.T. SYMET,129-Q,QUADRA BATH FITTINGS & MIXERS 2 WAY BIB COCK WITH FLANGE,Ivory,708,
P.T.M.T. SYMET,1814-C,SHOWER SETS-SHOWER+ARM+FLANGE Overhead Shower Round 100MM (4) + Shower Arm 225 mm With Flange (1813+184),White,458,
P.T.M.T. SYMET,1814-C,SHOWER SETS-SHOWER+ARM+FLANGE Overhead Shower Round 100MM (4) + Shower Arm 225 mm With Flange (1813+184),Ivory,458,
P.T.M.T. SYMET,145-Q,QUADRA BATH FITTINGS & MIXERS 2 Way Angle Cock With Flange,White,672,
P.T.M.T. SYMET,145-Q,QUADRA BATH FITTINGS & MIXERS 2 Way Angle Cock With Flange,Ivory,672,
P.T.M.T. SYMET,144-Q,QUADRA BATH FITTINGS & MIXERS ANGLE COCK WITH FLANGE,White,346,
P.T.M.T. SYMET,144-Q,QUADRA BATH FITTINGS & MIXERS ANGLE COCK WITH FLANGE,Ivory,346,
P.T.M.T. SYMET,130-Q,QUADRA BATH FITTINGS & MIXERS PILLAR COCK WITH FLANGE,White,484,
P.T.M.T. SYMET,130-Q,QUADRA BATH FITTINGS & MIXERS PILLAR COCK WITH FLANGE,Ivory,484,
P.T.M.T. SYMET,123-Q,BIB COCK WITH FLANGE,White,376,
P.T.M.T. SYMET,123-Q,BIB COCK WITH FLANGE,Ivory,376,
P.T.M.T. SYMET,3272,COLLAPSIBLE WASTE PIPES COLLA[SIBLE WASTE PIPE (31/32X800mm),WHITE,78,
P.T.M.T. SYMET,3272,COLLAPSIBLE WASTE PIPES COLLA[SIBLE WASTE PIPE (31/32X800mm),IVORY,78,
P.T.M.T. SYMET,362,COLLAPSIBLE WASTE PIPES FULLY AUTO MATIC WASH MACH. 3MTR,WHITE,592,
P.T.M.T. SYMET,362,COLLAPSIBLE WASTE PIPES FULLY AUTO MATIC WASH MACH. 3MTR,IVORY,592,
P.T.M.T. SYMET,361,COLLAPSIBLE WASTE PIPES FULLY AUTO MATIC WASH MACH. 2MTR,WHITE,468,
P.T.M.T. SYMET,361,COLLAPSIBLE WASTE PIPES FULLY AUTO MATIC WASH MACH. 2MTR,IVORY,468,
P.T.M.T. SYMET,360,COLLAPSIBLE WASTE PIPES FULLY AUTO MATIC WASH MACH. 1.5MTR,WHITE,388,
P.T.M.T. SYMET,360,COLLAPSIBLE WASTE PIPES FULLY AUTO MATIC WASH MACH. 1.5MTR,IVORY,388,
P.T.M.T. SYMET,344,WASHING MACHINE INLET & OUTLET PIPES CORRUGATED PIPE OUTLET EXTRA LONG 36x3000 MM,WHITE,252,
P.T.M.T. SYMET,344,WASHING MACHINE INLET & OUTLET PIPES CORRUGATED PIPE OUTLET EXTRA LONG 36x3000 MM,IVORY,252,
P.T.M.T. SYMET,343,WASHING MACHINE INLET & OUTLET PIPES CORRUGATED PIPE INLET EXTRA LONG 20x3000MM,WHITE,170,
P.T.M.T. SYMET,343,WASHING MACHINE INLET & OUTLET PIPES CORRUGATED PIPE INLET EXTRA LONG 20x3000MM,IVORY,170,
P.T.M.T. SYMET,342,WASHING MACHINE INLET & OUTLET PIPES CORRUGATED PIPE OUTLET EXTRA LONG 36x1500MM,WHITE,138,
P.T.M.T. SYMET,342,WASHING MACHINE INLET & OUTLET PIPES CORRUGATED PIPE OUTLET EXTRA LONG 36x1500MM,IVORY,138,
P.T.M.T. SYMET,341,WASHING MACHINE INLET & OUTLET PIPES CORRUGATED PIPE INLET EXTRA LONG 20x1500MM,WHITE,90,
P.T.M.T. SYMET,341,WASHING MACHINE INLET & OUTLET PIPES CORRUGATED PIPE INLET EXTRA LONG 20x1500MM,IVORY,90,
P.T.M.T. SYMET,330,WASTE PIPES CORRUGATED WASTE PIPE 38 / 40 x 1150 MM,WHITE,106,
P.T.M.T. SYMET,330,WASTE PIPES CORRUGATED WASTE PIPE 38 / 40 x 1150 MM,IVORY,106,
P.T.M.T. SYMET,329,WASTE PIPES CORRUGATED WASTE PIPE 31 / 32 x 1150 MM,WHITE,98,
P.T.M.T. SYMET,329,WASTE PIPES CORRUGATED WASTE PIPE 31 / 32 x 1150 MM,IVORY,98,
P.T.M.T. SYMET,328,WASTE PIPES CORRUGATED WASTE PIPE 38 / 40 x 800 MM,WHITE,84,
P.T.M.T. SYMET,328,WASTE PIPES CORRUGATED WASTE PIPE 38 / 40 x 800 MM,IVORY,84,
P.T.M.T. SYMET,327,WASTE PIPES CORRUGATED WASTE PIPE 31 / 32 x 800 MM,WHITE,78,
P.T.M.T. SYMET,327,WASTE PIPES CORRUGATED WASTE PIPE 31 / 32 x 800 MM,IVORY,78,
P.T.M.T. SYMET,345,WASTE PIPES P.V.C. URINAL WASTE PIPE P.V.C. Urinal waste pipe size (50x800mm),WHITE,152,
P.T.M.T. SYMET,345,WASTE PIPES P.V.C. URINAL WASTE PIPE P.V.C. Urinal waste pipe size (50x800mm),IVORY,152,
P.T.M.T. SYMET,3451,WASTE PIPES P.V.C. URINAL WASTE PIPE corrugated waste pipe size (50x800mm),WHITE,92,
P.T.M.T. SYMET,3451,WASTE PIPES P.V.C. URINAL WASTE PIPE corrugated waste pipe size (50x800mm),IVORY,92,
P.T.M.T. SYMET,3281,WASTE PIPES P.V.C. URINAL WASTE PIPE 38/40x800mm,WHITE,138,
P.T.M.T. SYMET,3281,WASTE PIPES P.V.C. URINAL WASTE PIPE 38/40x800mm,IVORY,138,
P.T.M.T. SYMET,3271,WASTE PIPES P.V.C. URINAL WASTE PIPE 31/32x800mm,WHITE,132,
P.T.M.T. SYMET,3271,WASTE PIPES P.V.C. URINAL WASTE PIPE 31/32x800mm,IVORY,132,
P.T.M.T. SYMET,348 K,"P.V.C. CONNECTIONS WITH P.T.M.T. NUT COLLAR BUSH & SPANNER P.V.C. CONNECTION STANDARD SERIES 2 PCS PACKING 1200 MM [48""]",,202,
P.T.M.T. SYMET,326 K,"P.V.C. CONNECTIONS WITH P.T.M.T. NUT COLLAR BUSH & SPANNER P.V.C. CONNECTION STANDARD SERIES 2 PCS PACKING 900 MM [36""]",,180,
P.T.M.T. SYMET,325 K,"P.V.C. CONNECTIONS WITH P.T.M.T. NUT COLLAR BUSH & SPANNER P.V.C. CONNECTION STANDARD SERIES 2 PCS PACKING 750 MM [30""]",,148,
P.T.M.T. SYMET,324 K,"P.V.C. CONNECTIONS WITH P.T.M.T. NUT COLLAR BUSH & SPANNER P.V.C. CONNECTION STANDARD SERIES 2 PCS PACKING 600 MM [24""]",,124,
P.T.M.T. SYMET,323 K,"P.V.C. CONNECTIONS WITH P.T.M.T. NUT COLLAR BUSH & SPANNER P.V.C. CONNECTION STANDARD SERIES 2 PCS PACKING 450 MM [18""]",,104,
P.T.M.T. SYMET,322 K,"P.V.C. CONNECTIONS WITH P.T.M.T. NUT COLLAR BUSH & SPANNER P.V.C. CONNECTION STANDARD SERIES 2 PCS PACKING 375 MM [15""]",,90,
P.T.M.T. SYMET,572,FLUSH VALVE 25 MM ( PUSH TYPE ),WHITE,812,
P.T.M.T. SYMET,572,FLUSH VALVE 25 MM ( PUSH TYPE ),IVORY,812,
P.T.M.T. SYMET,571,FLUSH VALVE 25 MM ( LEVER TYPE ),WHITE,812,
P.T.M.T. SYMET,571,FLUSH VALVE 25 MM ( LEVER TYPE ),IVORY,812,
P.T.M.T. SYMET,233,"HARDWARE ITEMS TOWER BOLT 8"" ( 200 MM )",WHITE,156,
P.T.M.T. SYMET,233,"HARDWARE ITEMS TOWER BOLT 8"" ( 200 MM )",IVORY,156,
P.T.M.T. SYMET,232,"HARDWARE ITEMS TOWER BOLT 6"" ( 150 MM )",WHITE,124,
P.T.M.T. SYMET,232,"HARDWARE ITEMS TOWER BOLT 6"" ( 150 MM )",IVORY,124,
P.T.M.T. SYMET,231,"HARDWARE ITEMS TOWER BOLT 4"" (100 MM )",WHITE,98,
P.T.M.T. SYMET,231,"HARDWARE ITEMS TOWER BOLT 4"" (100 MM )",IVORY,98,
P.T.M.T. SYMET,225,"HARDWARE ITEMS REFLEX HINGE L&R 75 MM - 3""",WHITE,94,
P.T.M.T. SYMET,225,"HARDWARE ITEMS REFLEX HINGE L&R 75 MM - 3""",IVORY,94,
P.T.M.T. SYMET,222,"HARDWARE ITEMS BUTT HINGE 100*75 MM - 4""",WHITE,122,
P.T.M.T. SYMET,222,"HARDWARE ITEMS BUTT HINGE 100*75 MM - 4""",IVORY,122,
P.T.M.T. SYMET,221,"HARDWARE ITEMS BUTT HINGE 75 * 60 MM - 3""",WHITE,94,
P.T.M.T. SYMET,221,"HARDWARE ITEMS BUTT HINGE 75 * 60 MM - 3""",IVORY,94,
P.T.M.T. SYMET,202,"HARDWARE ITEMS DOOR HANDLE 150 MM - 6""",WHITE,68,
P.T.M.T. SYMET,202,"HARDWARE ITEMS DOOR HANDLE 150 MM - 6""",IVORY,68,
P.T.M.T. SYMET,201,"HARDWARE ITEMS DOOR HANDLE 125 MM - 4""",WHITE,62,
P.T.M.T. SYMET,201,"HARDWARE ITEMS DOOR HANDLE 125 MM - 4""",IVORY,62,
P.T.M.T. SYMET,337,TANK NIPPLES HEXA NIPPLE 15MM,WHITE,58,
P.T.M.T. SYMET,337,TANK NIPPLES HEXA NIPPLE 15MM,IVORY,58,
P.T.M.T. SYMET,128,TANK NIPPLES EXTENSION NIPPLE,WHITE,62,
P.T.M.T. SYMET,128,TANK NIPPLES EXTENSION NIPPLE,IVORY,62,
P.T.M.T. SYMET,336,TANK NIPPLES 50 MM,WHITE,352,
P.T.M.T. SYMET,336,TANK NIPPLES 50 MM,IVORY,352,
P.T.M.T. SYMET,335,TANK NIPPLES 40 MM,WHITE,272,
P.T.M.T. SYMET,335,TANK NIPPLES 40 MM,IVORY,272,
P.T.M.T. SYMET,334,TANK NIPPLES 32 MM,WHITE,208,
P.T.M.T. SYMET,334,TANK NIPPLES 32 MM,IVORY,208,
P.T.M.T. SYMET,333,TANK NIPPLES 25 MM,WHITE,152,
P.T.M.T. SYMET,333,TANK NIPPLES 25 MM,IVORY,152,
P.T.M.T. SYMET,332,TANK NIPPLES 20 MM,WHITE,112,
P.T.M.T. SYMET,332,TANK NIPPLES 20 MM,IVORY,112,
P.T.M.T. SYMET,331,TANK NIPPLES 15 MM,WHITE,82,
P.T.M.T. SYMET,331,TANK NIPPLES 15 MM,IVORY,82,
P.T.M.T. SYMET,I-177,BRASS BALL COCKS WITH CASTED BODY-CMC NO.CM/L-3161140 IS-1703:2000 Ball Cock BALL ISI HDPE WITH BRASS NUT-40MM,WHITE,374,
P.T.M.T. SYMET,I-177,BRASS BALL COCKS WITH CASTED BODY-CMC NO.CM/L-3161140 IS-1703:2000 Ball Cock BALL ISI HDPE WITH BRASS NUT-40MM,IVORY,374,
P.T.M.T. SYMET,I-175,BRASS BALL COCKS WITH CASTED BODY-CMC NO.CM/L-3161140 IS-1703:2000 Ball Cock BALL ISI HDPE WITH BRASS NUT-25MM,WHITE,248,
P.T.M.T. SYMET,I-175,BRASS BALL COCKS WITH CASTED BODY-CMC NO.CM/L-3161140 IS-1703:2000 Ball Cock BALL ISI HDPE WITH BRASS NUT-25MM,IVORY,248,
P.T.M.T. SYMET,I-174,BRASS BALL COCKS WITH CASTED BODY-CMC NO.CM/L-3161140 IS-1703:2000 Ball Cock BALL ISI HDPE WITH BRASS NUT-20MM,WHITE,128,
P.T.M.T. SYMET,I-174,BRASS BALL COCKS WITH CASTED BODY-CMC NO.CM/L-3161140 IS-1703:2000 Ball Cock BALL ISI HDPE WITH BRASS NUT-20MM,IVORY,128,
P.T.M.T. SYMET,I-173,BRASS BALL COCKS WITH CASTED BODY-CMC NO.CM/L-3161140 IS-1703:2000 Ball Cock BALL ISI HDPE WITH BRASS NUT-15MM,WHITE,92,
P.T.M.T. SYMET,I-173,BRASS BALL COCKS WITH CASTED BODY-CMC NO.CM/L-3161140 IS-1703:2000 Ball Cock BALL ISI HDPE WITH BRASS NUT-15MM,IVORY,92,
P.T.M.T. SYMET,I-171,BRASS BALL COCKS WITH CASTED BODY-CMC NO.CM/L-3161140 IS-1703:2000 Ball Cock ROD BRASS-40MM,WHITE,638,
P.T.M.T. SYMET,I-171,BRASS BALL COCKS WITH CASTED BODY-CMC NO.CM/L-3161140 IS-1703:2000 Ball Cock ROD BRASS-40MM,IVORY,638,
P.T.M.T. SYMET,I-169,BRASS BALL COCKS WITH CASTED BODY-CMC NO.CM/L-3161140 IS-1703:2000 Ball Cock ROD BRASS-25MM,WHITE,466,
P.T.M.T. SYMET,I-169,BRASS BALL COCKS WITH CASTED BODY-CMC NO.CM/L-3161140 IS-1703:2000 Ball Cock ROD BRASS-25MM,IVORY,466,
P.T.M.T. SYMET,I-168,BRASS BALL COCKS WITH CASTED BODY-CMC NO.CM/L-3161140 IS-1703:2000 Ball Cock ROD BRASS-20MM,WHITE,326,
P.T.M.T. SYMET,I-168,BRASS BALL COCKS WITH CASTED BODY-CMC NO.CM/L-3161140 IS-1703:2000 Ball Cock ROD BRASS-20MM,IVORY,326,
P.T.M.T. SYMET,I-167,BRASS BALL COCKS WITH CASTED BODY-CMC NO.CM/L-3161140 IS-1703:2000 Ball Cock ROD BRASS-15MM,WHITE,292,
P.T.M.T. SYMET,I-167,BRASS BALL COCKS WITH CASTED BODY-CMC NO.CM/L-3161140 IS-1703:2000 Ball Cock ROD BRASS-15MM,IVORY,292,
P.T.M.T. SYMET,I-164,BRASS BALL COCKS WITH CASTED BODY-CMC NO.CM/L-3161140 IS-1703:2000 Ball Cock BODY WITHOUT ROD & BALL-40MM,WHITE,4274,
P.T.M.T. SYMET,I-164,BRASS BALL COCKS WITH CASTED BODY-CMC NO.CM/L-3161140 IS-1703:2000 Ball Cock BODY WITHOUT ROD & BALL-40MM,IVORY,4274,
P.T.M.T. SYMET,I-163,BRASS BALL COCKS WITH CASTED BODY-CMC NO.CM/L-3161140 IS-1703:2000 Ball Cock BODY WITHOUT ROD & BALL-25MM,WHITE,3100,
P.T.M.T. SYMET,I-163,BRASS BALL COCKS WITH CASTED BODY-CMC NO.CM/L-3161140 IS-1703:2000 Ball Cock BODY WITHOUT ROD & BALL-25MM,IVORY,3100,
P.T.M.T. SYMET,I-162,BRASS BALL COCKS WITH CASTED BODY-CMC NO.CM/L-3161140 IS-1703:2000 Ball Cock BODY WITHOUT ROD & BALL-20MM,WHITE,1856,
P.T.M.T. SYMET,I-162,BRASS BALL COCKS WITH CASTED BODY-CMC NO.CM/L-3161140 IS-1703:2000 Ball Cock BODY WITHOUT ROD & BALL-20MM,IVORY,1856,
P.T.M.T. SYMET,I-161,BRASS BALL COCKS WITH CASTED BODY-CMC NO.CM/L-3161140 IS-1703:2000 Ball Cock BODY WITHOUT ROD & BALL-15MM,WHITE,1296,
P.T.M.T. SYMET,I-161,BRASS BALL COCKS WITH CASTED BODY-CMC NO.CM/L-3161140 IS-1703:2000 Ball Cock BODY WITHOUT ROD & BALL-15MM,IVORY,1296,
P.T.M.T. SYMET,I-155,BRASS BALL COCKS WITH CASTED BODY-CMC NO.CM/L-3161140 IS-1703:2000 Ball Cocks WITH ROD & bALL-40MM,WHITE,5222,
P.T.M.T. SYMET,I-155,BRASS BALL COCKS WITH CASTED BODY-CMC NO.CM/L-3161140 IS-1703:2000 Ball Cocks WITH ROD & bALL-40MM,IVORY,5222,
P.T.M.T. SYMET,I-153,BRASS BALL COCKS WITH CASTED BODY-CMC NO.CM/L-3161140 IS-1703:2000 Ball Cocks WITH ROD & bALL-25MM,WHITE,2796,
P.T.M.T. SYMET,I-153,BRASS BALL COCKS WITH CASTED BODY-CMC NO.CM/L-3161140 IS-1703:2000 Ball Cocks WITH ROD & bALL-25MM,IVORY,2796,
P.T.M.T. SYMET,I-152,BRASS BALL COCKS WITH CASTED BODY-CMC NO.CM/L-3161140 IS-1703:2000 Ball Cocks WITH ROD & bALL-20MM,WHITE,1898,
P.T.M.T. SYMET,I-152,BRASS BALL COCKS WITH CASTED BODY-CMC NO.CM/L-3161140 IS-1703:2000 Ball Cocks WITH ROD & bALL-20MM,IVORY,1898,
P.T.M.T. SYMET,I-151,BRASS BALL COCKS WITH CASTED BODY-CMC NO.CM/L-3161140 IS-1703:2000 Ball Cocks WITH ROD & bALL-15MM,WHITE,1448,
P.T.M.T. SYMET,I-151,BRASS BALL COCKS WITH CASTED BODY-CMC NO.CM/L-3161140 IS-1703:2000 Ball Cocks WITH ROD & bALL-15MM,IVORY,1448,
P.T.M.T. SYMET,178,BALL COCKS LOW & HIGH BODY PRESSURE BODY WITH EPOXY COATED AL.ROD & HD BALL BALL COCK BALL HDPE WITH BRAS NUT-50MM,WHITE,468,
P.T.M.T. SYMET,178,BALL COCKS LOW & HIGH BODY PRESSURE BODY WITH EPOXY COATED AL.ROD & HD BALL BALL COCK BALL HDPE WITH BRAS NUT-50MM,IVORY,468,
P.T.M.T. SYMET,177,BALL COCKS LOW & HIGH BODY PRESSURE BODY WITH EPOXY COATED AL.ROD & HD BALL BALL COCK BALL HDPE WITH BRAS NUT-38/40MM,WHITE,316,
P.T.M.T. SYMET,177,BALL COCKS LOW & HIGH BODY PRESSURE BODY WITH EPOXY COATED AL.ROD & HD BALL BALL COCK BALL HDPE WITH BRAS NUT-38/40MM,IVORY,316,
P.T.M.T. SYMET,175,BALL COCKS LOW & HIGH BODY PRESSURE BODY WITH EPOXY COATED AL.ROD & HD BALL BALL COCK BALL HDPE WITH BRAS NUT-25MM,WHITE,214,
P.T.M.T. SYMET,175,BALL COCKS LOW & HIGH BODY PRESSURE BODY WITH EPOXY COATED AL.ROD & HD BALL BALL COCK BALL HDPE WITH BRAS NUT-25MM,IVORY,214,
P.T.M.T. SYMET,174,BALL COCKS LOW & HIGH BODY PRESSURE BODY WITH EPOXY COATED AL.ROD & HD BALL BALL COCK BALL HDPE WITH BRAS NUT-20MM,WHITE,110,
P.T.M.T. SYMET,174,BALL COCKS LOW & HIGH BODY PRESSURE BODY WITH EPOXY COATED AL.ROD & HD BALL BALL COCK BALL HDPE WITH BRAS NUT-20MM,IVORY,110,
P.T.M.T. SYMET,173,BALL COCKS LOW & HIGH BODY PRESSURE BODY WITH EPOXY COATED AL.ROD & HD BALL BALL COCK BALL HDPE WITH BRAS NUT-15MM,WHITE,78,
P.T.M.T. SYMET,173,BALL COCKS LOW & HIGH BODY PRESSURE BODY WITH EPOXY COATED AL.ROD & HD BALL BALL COCK BALL HDPE WITH BRAS NUT-15MM,IVORY,78,
P.T.M.T. SYMET,172,BALL COCKS LOW & HIGH BODY PRESSURE BODY WITH EPOXY COATED AL.ROD & HD BALL BALL COCK ROD ALUMINIUM-50MM,WHITE,572,
P.T.M.T. SYMET,172,BALL COCKS LOW & HIGH BODY PRESSURE BODY WITH EPOXY COATED AL.ROD & HD BALL BALL COCK ROD ALUMINIUM-50MM,IVORY,572,
P.T.M.T. SYMET,171,BALL COCKS LOW & HIGH BODY PRESSURE BODY WITH EPOXY COATED AL.ROD & HD BALL BALL COCK ROD ALUMINIUM-38/40MM,WHITE,340,
P.T.M.T. SYMET,171,BALL COCKS LOW & HIGH BODY PRESSURE BODY WITH EPOXY COATED AL.ROD & HD BALL BALL COCK ROD ALUMINIUM-38/40MM,IVORY,340,
P.T.M.T. SYMET,170,BALL COCKS LOW & HIGH BODY PRESSURE BODY WITH EPOXY COATED AL.ROD & HD BALL BALL COCK ROD ALUMINIUM-32MM,WHITE,282,
P.T.M.T. SYMET,170,BALL COCKS LOW & HIGH BODY PRESSURE BODY WITH EPOXY COATED AL.ROD & HD BALL BALL COCK ROD ALUMINIUM-32MM,IVORY,282,
P.T.M.T. SYMET,169,BALL COCKS LOW & HIGH BODY PRESSURE BODY WITH EPOXY COATED AL.ROD & HD BALL BALL COCK ROD ALUMINIUM-25MM,WHITE,246,
P.T.M.T. SYMET,169,BALL COCKS LOW & HIGH BODY PRESSURE BODY WITH EPOXY COATED AL.ROD & HD BALL BALL COCK ROD ALUMINIUM-25MM,IVORY,246,
P.T.M.T. SYMET,168,BALL COCKS LOW & HIGH BODY PRESSURE BODY WITH EPOXY COATED AL.ROD & HD BALL BALL COCK ROD ALUMINIUM-20MM,WHITE,104,
P.T.M.T. SYMET,168,BALL COCKS LOW & HIGH BODY PRESSURE BODY WITH EPOXY COATED AL.ROD & HD BALL BALL COCK ROD ALUMINIUM-20MM,IVORY,104,
P.T.M.T. SYMET,167,BALL COCKS LOW & HIGH BODY PRESSURE BODY WITH EPOXY COATED AL.ROD & HD BALL BALL COCK ROD ALUMINIUM-15MM,WHITE,82,
P.T.M.T. SYMET,167,BALL COCKS LOW & HIGH BODY PRESSURE BODY WITH EPOXY COATED AL.ROD & HD BALL BALL COCK ROD ALUMINIUM-15MM,IVORY,82,
P.T.M.T. SYMET,166,BALL COCKS LOW & HIGH BODY PRESSURE BODY WITH EPOXY COATED AL.ROD & HD BALL BALL COCK BODY WITHOUT ROD & BALL -50MM,WHITE,1214,
P.T.M.T. SYMET,166,BALL COCKS LOW & HIGH BODY PRESSURE BODY WITH EPOXY COATED AL.ROD & HD BALL BALL COCK BODY WITHOUT ROD & BALL -50MM,IVORY,1214,
P.T.M.T. SYMET,165,BALL COCKS LOW & HIGH BODY PRESSURE BODY WITH EPOXY COATED AL.ROD & HD BALL BALL COCK BODY WITHOUT ROD & BALL -38/40MM,WHITE,828,
P.T.M.T. SYMET,165,BALL COCKS LOW & HIGH BODY PRESSURE BODY WITH EPOXY COATED AL.ROD & HD BALL BALL COCK BODY WITHOUT ROD & BALL -38/40MM,IVORY,828,
P.T.M.T. SYMET,164,BALL COCKS LOW & HIGH BODY PRESSURE BODY WITH EPOXY COATED AL.ROD & HD BALL BALL COCK BODY WITHOUT ROD & BALL -32MM,WHITE,594,
P.T.M.T. SYMET,164,BALL COCKS LOW & HIGH BODY PRESSURE BODY WITH EPOXY COATED AL.ROD & HD BALL BALL COCK BODY WITHOUT ROD & BALL -32MM,IVORY,594,
P.T.M.T. SYMET,163,BALL COCKS LOW & HIGH BODY PRESSURE BODY WITH EPOXY COATED AL.ROD & HD BALL BALL COCK BODY WITHOUT ROD & BALL -25MM,WHITE,448,
P.T.M.T. SYMET,163,BALL COCKS LOW & HIGH BODY PRESSURE BODY WITH EPOXY COATED AL.ROD & HD BALL BALL COCK BODY WITHOUT ROD & BALL -25MM,IVORY,448,
P.T.M.T. SYMET,162,BALL COCKS LOW & HIGH BODY PRESSURE BODY WITH EPOXY COATED AL.ROD & HD BALL BALL COCK BODY WITHOUT ROD & BALL -20MM,WHITE,298,
P.T.M.T. SYMET,162,BALL COCKS LOW & HIGH BODY PRESSURE BODY WITH EPOXY COATED AL.ROD & HD BALL BALL COCK BODY WITHOUT ROD & BALL -20MM,IVORY,298,
P.T.M.T. SYMET,161,BALL COCKS LOW & HIGH BODY PRESSURE BODY WITH EPOXY COATED AL.ROD & HD BALL BALL COCK BODY WITHOUT ROD & BALL -15MM,WHITE,196,
P.T.M.T. SYMET,161,BALL COCKS LOW & HIGH BODY PRESSURE BODY WITH EPOXY COATED AL.ROD & HD BALL BALL COCK BODY WITHOUT ROD & BALL -15MM,IVORY,196,
P.T.M.T. SYMET,156,BALL COCKS LOW & HIGH BODY PRESSURE BODY WITH EPOXY COATED AL.ROD & HD BALL BALL COCK WITH ROD & BALL - 50 MM,WHITE,2110,
P.T.M.T. SYMET,156,BALL COCKS LOW & HIGH BODY PRESSURE BODY WITH EPOXY COATED AL.ROD & HD BALL BALL COCK WITH ROD & BALL - 50 MM,IVORY,2110,
P.T.M.T. SYMET,155,BALL COCKS LOW & HIGH BODY PRESSURE BODY WITH EPOXY COATED AL.ROD & HD BALL BALL COCK WITH ROD & BALL - 40 MM,WHITE,1448,
P.T.M.T. SYMET,155,BALL COCKS LOW & HIGH BODY PRESSURE BODY WITH EPOXY COATED AL.ROD & HD BALL BALL COCK WITH ROD & BALL - 40 MM,IVORY,1448,
P.T.M.T. SYMET,154,BALL COCKS LOW & HIGH BODY PRESSURE BODY WITH EPOXY COATED AL.ROD & HD BALL BALL COCK WITH ROD & BALL - 32 MM,WHITE,980,
P.T.M.T. SYMET,154,BALL COCKS LOW & HIGH BODY PRESSURE BODY WITH EPOXY COATED AL.ROD & HD BALL BALL COCK WITH ROD & BALL - 32 MM,IVORY,980,
P.T.M.T. SYMET,153,BALL COCKS LOW & HIGH BODY PRESSURE BODY WITH EPOXY COATED AL.ROD & HD BALL BALL COCK WITH ROD & BALL - 25 MM,WHITE,806,
P.T.M.T. SYMET,153,BALL COCKS LOW & HIGH BODY PRESSURE BODY WITH EPOXY COATED AL.ROD & HD BALL BALL COCK WITH ROD & BALL - 25 MM,IVORY,806,
P.T.M.T. SYMET,152,BALL COCKS LOW & HIGH BODY PRESSURE BODY WITH EPOXY COATED AL.ROD & HD BALL BALL COCK WITH ROD & BALL- 20 MM,,476,
P.T.M.T. SYMET,151,BALL COCKS LOW & HIGH BODY PRESSURE BODY WITH EPOXY COATED AL.ROD & HD BALL BALL COCK WITH ROD & BALL - 15 MM,,318,
P.T.M.T. SYMET,557,BATHROOM MIROR & CABINET (P.T.M.T ALLOY) Bathroom mirror cabinet (450x350)mm,WHITE,3360,
P.T.M.T. SYMET,557,BATHROOM MIROR & CABINET (P.T.M.T ALLOY) Bathroom mirror cabinet (450x350)mm,IVORY,3360,
P.T.M.T. SYMET,556,BATHROOM MIROR & CABINET (P.T.M.T ALLOY) Bathroom mirror cabinet (500x400)mm,WHITE,3460,
P.T.M.T. SYMET,556,BATHROOM MIROR & CABINET (P.T.M.T ALLOY) Bathroom mirror cabinet (500x400)mm,IVORY,3460,
P.T.M.T. SYMET,555,BATHROOM MIROR & CABINET (P.T.M.T ALLOY) MIRROR CABINET (622X422)MM,WHITE,4670,
P.T.M.T. SYMET,555,BATHROOM MIROR & CABINET (P.T.M.T ALLOY) MIRROR CABINET (622X422)MM,IVORY,4670,
P.T.M.T. SYMET,554,BATHROOM MIROR & CABINET (P.T.M.T ALLOY) MIRROR CABINET (400X500)MM,WHITE,3860,
P.T.M.T. SYMET,554,BATHROOM MIROR & CABINET (P.T.M.T ALLOY) MIRROR CABINET (400X500)MM,IVORY,3860,
P.T.M.T. SYMET,551,BATHROOM MIROR & CABINET (P.T.M.T ALLOY) MIRROR CABINET (330 x430)MM,WHITE,3060,
P.T.M.T. SYMET,551,BATHROOM MIROR & CABINET (P.T.M.T ALLOY) MIRROR CABINET (330 x430)MM,IVORY,3060,
P.T.M.T. SYMET,553-F,BATHROOM MIROR & CABINET (P.T.M.T ALLOY) BATHROOM MIRROR FRAME (600X600)MM WITHOUT MIRROR,WHITE,1670,
P.T.M.T. SYMET,553-F,BATHROOM MIROR & CABINET (P.T.M.T ALLOY) BATHROOM MIRROR FRAME (600X600)MM WITHOUT MIRROR,IVORY,1670,
P.T.M.T. SYMET,553,BATHROOM MIROR & CABINET (P.T.M.T ALLOY) BATHROOM MIRROR (600X600)MM,WHITE,2310,
P.T.M.T. SYMET,553,BATHROOM MIROR & CABINET (P.T.M.T ALLOY) BATHROOM MIRROR (600X600)MM,IVORY,2310,
P.T.M.T. SYMET,5221,FAUCETS & JET SPRAYS JET SPRAY L-TYPE (with 1.50 Mtr Tube),WHITE,350,
P.T.M.T. SYMET,5221,FAUCETS & JET SPRAYS JET SPRAY L-TYPE (with 1.50 Mtr Tube),IVORY,350,
P.T.M.T. SYMET,522,FAUCETS & JET SPRAYS JET SPRAY (with 1.50 Mtr Tube),WHITE,350,
P.T.M.T. SYMET,522,FAUCETS & JET SPRAYS JET SPRAY (with 1.50 Mtr Tube),IVORY,350,
P.T.M.T. SYMET,5211,FAUCETS & JET SPRAYS JET SPRAY L-TYPE (with 1.00 Mtr Tube),WHITE,314,
P.T.M.T. SYMET,5211,FAUCETS & JET SPRAYS JET SPRAY L-TYPE (with 1.00 Mtr Tube),IVORY,314,
P.T.M.T. SYMET,521,FAUCETS & JET SPRAY JET SPRAY (with 1.00 Mtr Tube),WHITE,314,
P.T.M.T. SYMET,521,FAUCETS & JET SPRAY JET SPRAY (with 1.00 Mtr Tube),IVORY,314,
P.T.M.T. SYMET,1891,FAUCETS & JET SPRAYS 2 IN 1 FAUCET ( BODY ),WHITE,376,
P.T.M.T. SYMET,1891,FAUCETS & JET SPRAYS 2 IN 1 FAUCET ( BODY ),IVORY,376,
P.T.M.T. SYMET,189,FAUCETS & JET SPRAYS 2 IN 1 FAUCET ( BODY ),WHITE,356,
P.T.M.T. SYMET,189,FAUCETS & JET SPRAYS 2 IN 1 FAUCET ( BODY ),IVORY,356,
P.T.M.T. SYMET,1881,FAUCETS & JET SPRAYS 2 IN 1 FAUCET SPECIAL ( 1.5 Mtr Tube) WITH HOOK,WHITE,672,
P.T.M.T. SYMET,1881,FAUCETS & JET SPRAYS 2 IN 1 FAUCET SPECIAL ( 1.5 Mtr Tube) WITH HOOK,IVORY,672,
P.T.M.T. SYMET,188,FAUCETS & JET SPRAYS 2 IN 1 FAUCET ( 1.5 Mtr Tube) WITH HOOK,WHITE,652,
P.T.M.T. SYMET,188,FAUCETS & JET SPRAYS 2 IN 1 FAUCET ( 1.5 Mtr Tube) WITH HOOK,IVORY,652,
P.T.M.T. SYMET,1871,FAUCETS & JET SPRAYS 2 IN 1 FAUCET SPECIAL ( 1 Mtr Tube) WITH HOOK,WHITE,598,
P.T.M.T. SYMET,1871,FAUCETS & JET SPRAYS 2 IN 1 FAUCET SPECIAL ( 1 Mtr Tube) WITH HOOK,IVORY,598,
P.T.M.T. SYMET,187,FAUCETS & JET SPRAYS 2 IN 1 FAUCET ( 1 Mtr Tube) WITH HOOK,WHITE,582,
P.T.M.T. SYMET,187,FAUCETS & JET SPRAYS 2 IN 1 FAUCET ( 1 Mtr Tube) WITH HOOK,IVORY,582,
P.T.M.T. SYMET,1813-B,"SHOWER SETS-SHOWER+ARM+FLANGE over head shower 75MM (3"") + Shower Arm 225 with flange (1813+184)",WHITE,446,
P.T.M.T. SYMET,1813-B,"SHOWER SETS-SHOWER+ARM+FLANGE over head shower 75MM (3"") + Shower Arm 225 with flange (1813+184)",IVORY,446,
P.T.M.T. SYMET,1821-C,"SHOWER SETS-SHOWER+ARM+FLANGE over head shower-square 150*150MM (6""x6"")+ shower arm 300 mm-square (1821+1842)",WHITE,712,
P.T.M.T. SYMET,1821-C,"SHOWER SETS-SHOWER+ARM+FLANGE over head shower-square 150*150MM (6""x6"")+ shower arm 300 mm-square (1821+1842)",IVORY,712,
P.T.M.T. SYMET,1813-C,"SHOWER SETS-SHOWER+ARM+FLANGE Over Head Shower-Round(3"") + shower arm 225 mm-square (1813+1841)",WHITE,468,
P.T.M.T. SYMET,1813-C,"SHOWER SETS-SHOWER+ARM+FLANGE Over Head Shower-Round(3"") + shower arm 225 mm-square (1813+1841)",IVORY,468,
P.T.M.T. SYMET,181-C,SHOWER SETS-SHOWER+ARM+FLANGE Swiveling Shower 15MM + Shower Arm 225 mm (181 + 184),WHITE,376,
P.T.M.T. SYMET,181-C,SHOWER SETS-SHOWER+ARM+FLANGE Swiveling Shower 15MM + Shower Arm 225 mm (181 + 184),IVORY,376,
P.T.M.T. SYMET,126,ACCESSORIES ROUND FLANGE ( 15 MM ),WHITE,14,
P.T.M.T. SYMET,126,ACCESSORIES ROUND FLANGE ( 15 MM ),IVORY,14,
P.T.M.T. SYMET,552,"ACCESSORIES TOWEL RACK 600MM - 24""",WHITE,1266,
P.T.M.T. SYMET,552,"ACCESSORIES TOWEL RACK 600MM - 24""",IVORY,1266,
P.T.M.T. SYMET,575,ACCESSORIES ROBE HOOK,WHITE,168,
P.T.M.T. SYMET,575,ACCESSORIES ROBE HOOK,IVORY,168,
P.T.M.T. SYMET,200,"TOWEL RAIL 24"" ( 600 MM )",White,508,
P.T.M.T. SYMET,200,"TOWEL RAIL 24"" ( 600 MM )",Ivory,508,
P.T.M.T. SYMET,199,"ACCESSORIES TOWEL RAIL 18"" ( 450 MM )",WHITE,436,
P.T.M.T. SYMET,199,"ACCESSORIES TOWEL RAIL 18"" ( 450 MM )",IVORY,436,
P.T.M.T. SYMET,198,ACCESSORIES TOOTH BRUSH HOLDER,WHITE,264,
P.T.M.T. SYMET,198,ACCESSORIES TOOTH BRUSH HOLDER,IVORY,264,
P.T.M.T. SYMET,197,ACCESSORIES TOILET PAPER HOLDER,WHITE,226,
P.T.M.T. SYMET,197,ACCESSORIES TOILET PAPER HOLDER,IVORY,226,
P.T.M.T. SYMET,1961,ACCESSORIES TOWEL RING -(ROUND),WHITE,264,
P.T.M.T. SYMET,1961,ACCESSORIES TOWEL RING -(ROUND),IVORY,264,
P.T.M.T. SYMET,196,ACCESSORIES TOWEL RING -(QUAD),WHITE,264,
P.T.M.T. SYMET,196,ACCESSORIES TOWEL RING -(QUAD),IVORY,264,
P.T.M.T. SYMET,1951,ACCESSORIES SOAP DISH / HOLDER - SQUARE,WHITE,196,
P.T.M.T. SYMET,1951,ACCESSORIES SOAP DISH / HOLDER - SQUARE,IVORY,196,
P.T.M.T. SYMET,195,ACCESSORIES SOAP DISH -OVAL,WHITE,198,
P.T.M.T. SYMET,195,ACCESSORIES SOAP DISH -OVAL,IVORY,198,
P.T.M.T. SYMET,194,ACCESSORIES LIQUID SOAP CONTAINER,WHITE,308,
P.T.M.T. SYMET,194,ACCESSORIES LIQUID SOAP CONTAINER,IVORY,308,
P.T.M.T. SYMET,192,"ACCESSORIES CORNER SHELF 200MM (8"")",WHITE,422,
P.T.M.T. SYMET,192,"ACCESSORIES CORNER SHELF 200MM (8"")",IVORY,422,
P.T.M.T. SYMET,191,"ACCESSORIES THE SHELF 450MM (18"")",WHITE,632,
P.T.M.T. SYMET,191,"ACCESSORIES THE SHELF 450MM (18"")",IVORY,632,
P.T.M.T. SYMET,190,"ACCESSORIES SMART SHELF 300MM (12"")",WHITE,442,
P.T.M.T. SYMET,190,"ACCESSORIES SMART SHELF 300MM (12"")",IVORY,442,
P.T.M.T. SYMET,1842,ACCESSORIES SHOWER ARM SQUARE 300 MM WITH FLANGE,WHITE,226,
P.T.M.T. SYMET,1842,ACCESSORIES SHOWER ARM SQUARE 300 MM WITH FLANGE,IVORY,226,
P.T.M.T. SYMET,1841,ACCESSORIES SHOWER ARM SQUARE 225 MM WITH FLANGE,WHITE,186,
P.T.M.T. SYMET,1841,ACCESSORIES SHOWER ARM SQUARE 225 MM WITH FLANGE,IVORY,186,
P.T.M.T. SYMET,184,ACCESSORIES SHOWER ARM 225 MM WITH FLANGE,WHITE,164,
P.T.M.T. SYMET,184,ACCESSORIES SHOWER ARM 225 MM WITH FLANGE,IVORY,164,
P.T.M.T. SYMET,1831,ACCESSORIES HAND SHOWER WITH (1.50Mtr) Tube & HOOK,WHITE,436,
P.T.M.T. SYMET,1831,ACCESSORIES HAND SHOWER WITH (1.50Mtr) Tube & HOOK,IVORY,436,
P.T.M.T. SYMET,183,ACCESSORIES HAND SHOWER WITH (1.50Mtr) Tube & HOOK,WHITE,508,
P.T.M.T. SYMET,183,ACCESSORIES HAND SHOWER WITH (1.50Mtr) Tube & HOOK,IVORY,508,
P.T.M.T. SYMET,1821,"ACCESSORIES OVER HEAD SHOWER SQAURE 150*150 (6"" x 6"") WITHOUT ARM",WHITE,498,
P.T.M.T. SYMET,1821,"ACCESSORIES OVER HEAD SHOWER SQAURE 150*150 (6"" x 6"") WITHOUT ARM",IVORY,498,
P.T.M.T. SYMET,1811,"ACCESSORIES OVER HEAD SHOWER 75MM 3"" WITHOUT ARM",WHITE,304,
P.T.M.T. SYMET,1811,"ACCESSORIES OVER HEAD SHOWER 75MM 3"" WITHOUT ARM",IVORY,304,
P.T.M.T. SYMET,1816,"ACCESSORIES OVER HEAD SHOWER ROUND 150MM 6"" WITHOUT ARM",WHITE,566,
P.T.M.T. SYMET,1816,"ACCESSORIES OVER HEAD SHOWER ROUND 150MM 6"" WITHOUT ARM",IVORY,566,
P.T.M.T. SYMET,1813,"ACCESSORIES OVER HEAD SHOWER ROUND 75MM 3""",WHITE,292,
P.T.M.T. SYMET,1813,"ACCESSORIES OVER HEAD SHOWER ROUND 75MM 3""",IVORY,292,
P.T.M.T. SYMET,181,"ACCESSORIES SWIVELING SHOWER 75MM 3""",WHITE,218,
P.T.M.T. SYMET,181,"ACCESSORIES SWIVELING SHOWER 75MM 3""",IVORY,218,
P.T.M.T. SYMET,119,"WASTE COUPLING-BOTTLE TRAP & GRATINGS COCKROACH TRAP WITH WATER SEAL 150*150MM 6 x 6"" ) WITHOUT HOLE",WHITE,254,
P.T.M.T. SYMET,119,"WASTE COUPLING-BOTTLE TRAP & GRATINGS COCKROACH TRAP WITH WATER SEAL 150*150MM 6 x 6"" ) WITHOUT HOLE",IVORY,254,
P.T.M.T. SYMET,1191,"WASTE COUPLING-BOTTLE TRAP & GRATINGS COCKROACH TRAP SPECIAL 150*150MM- ( 6 x 6"" )",WHITE,254,
P.T.M.T. SYMET,1191,"WASTE COUPLING-BOTTLE TRAP & GRATINGS COCKROACH TRAP SPECIAL 150*150MM- ( 6 x 6"" )",IVORY,254,
P.T.M.T. SYMET,119-W,"WASTE COUPLING-BOTTLE TRAP & GRATINGS COCKROACH TRAP WITH WATER SEAL 150*150MM ( 6 x 6"" ) ( WITH HOLE )",WHITE,254,
P.T.M.T. SYMET,119-W,"WASTE COUPLING-BOTTLE TRAP & GRATINGS COCKROACH TRAP WITH WATER SEAL 150*150MM ( 6 x 6"" ) ( WITH HOLE )",IVORY,254,
P.T.M.T. SYMET,118,"WASTE COUPLING-BOTTLE TRAP & GRATINGS SQUARE GRATING (SLIT) 150 MM (6*6"")",WHITE,138,
P.T.M.T. SYMET,118,"WASTE COUPLING-BOTTLE TRAP & GRATINGS SQUARE GRATING (SLIT) 150 MM (6*6"")",IVORY,138,
P.T.M.T. SYMET,117,WASTE COUPLING-BOTTLE TRAP & GRATINGS COCKROACH FITTINGS FOR GRATINGSQUARE,WHITE,102,
P.T.M.T. SYMET,117,WASTE COUPLING-BOTTLE TRAP & GRATINGS COCKROACH FITTINGS FOR GRATINGSQUARE,IVORY,102,
P.T.M.T. SYMET,116,"WASTE COUPLING-BOTTLE TRAP & GRATINGS GRATING SQUARE WITH HOLE 150 MM 6""",WHITE,178,
P.T.M.T. SYMET,116,"WASTE COUPLING-BOTTLE TRAP & GRATINGS GRATING SQUARE WITH HOLE 150 MM 6""",IVORY,178,
P.T.M.T. SYMET,115,"WASTE COUPLING-BOTTLE TRAP & GRATINGS GRATING SQUARE 150 MM 6""",WHITE,178,
P.T.M.T. SYMET,115,"WASTE COUPLING-BOTTLE TRAP & GRATINGS GRATING SQUARE 150 MM 6""",IVORY,178,
P.T.M.T. SYMET,114,"WASTE COUPLING-BOTTLE TRAP & GRATINGS GRATING ROUND 140 MM 5.5""",WHITE,118,
P.T.M.T. SYMET,114,"WASTE COUPLING-BOTTLE TRAP & GRATINGS GRATING ROUND 140 MM 5.5""",IVORY,118,
P.T.M.T. SYMET,113,"WASTE COUPLING-BOTTLE TRAP & GRATINGS GRATING DOOM WASTE HOLE 125 MM 5""",WHITE,96,
P.T.M.T. SYMET,113,"WASTE COUPLING-BOTTLE TRAP & GRATINGS GRATING DOOM WASTE HOLE 125 MM 5""",IVORY,96,
P.T.M.T. SYMET,112,"WASTE COUPLING-BOTTLE TRAP & GRATINGS GRATING DOOM 125 MM 5""",WHITE,96,
P.T.M.T. SYMET,112,"WASTE COUPLING-BOTTLE TRAP & GRATINGS GRATING DOOM 125 MM 5""",IVORY,96,
P.T.M.T. SYMET,1111,"WASTE COUPLING-BOTTLE TRAP & GRATINGS SQUARE GRATING (SLIT) 100MM 4""",WHITE,56,
P.T.M.T. SYMET,1111,"WASTE COUPLING-BOTTLE TRAP & GRATINGS SQUARE GRATING (SLIT) 100MM 4""",IVORY,56,
P.T.M.T. SYMET,111,WASTE COUPLING-BOTTLE TRAP & GRATINGS GRATING ROUND 100 MM,WHITE,64,
P.T.M.T. SYMET,111,WASTE COUPLING-BOTTLE TRAP & GRATINGS GRATING ROUND 100 MM,IVORY,64,
P.T.M.T. SYMET,110,"WASTE COUPLING-BOTTLE TRAP & GRATINGS BOTTLE TRAP EXTN. PIPE 6"" (150 MM)",WHITE,62,
P.T.M.T. SYMET,110,"WASTE COUPLING-BOTTLE TRAP & GRATINGS BOTTLE TRAP EXTN. PIPE 6"" (150 MM)",IVORY,62,
P.T.M.T. SYMET,106,WASTE COUPLING-BOTTLE TRAP & GRATINGS BOTTLE TRAP 38 / 40 MM,WHITE,610,
P.T.M.T. SYMET,106,WASTE COUPLING-BOTTLE TRAP & GRATINGS BOTTLE TRAP 38 / 40 MM,IVORY,610,
P.T.M.T. SYMET,105,WASTE COUPLING-BOTTLE TRAP & GRATINGS BOTTLE TRAP 31 / 32 MM,WHITE,598,
P.T.M.T. SYMET,105,WASTE COUPLING-BOTTLE TRAP & GRATINGS BOTTLE TRAP 31 / 32 MM,IVORY,598,
P.T.M.T. SYMET,104,WASTE COUPLING-BOTTLE TRAP & GRATINGS URINAL WASTE COUPLING 31/32 MM,WHITE,120,
P.T.M.T. SYMET,104,WASTE COUPLING-BOTTLE TRAP & GRATINGS URINAL WASTE COUPLING 31/32 MM,IVORY,120,
P.T.M.T. SYMET,103,WASTE COUPLING-BOTTLE TRAP & GRATINGS WASTE COUPLING 31 / 32 MM [F/T],WHITE,112,
P.T.M.T. SYMET,103,WASTE COUPLING-BOTTLE TRAP & GRATINGS WASTE COUPLING 31 / 32 MM [F/T],IVORY,112,
P.T.M.T. SYMET,102,WASTE COUPLING-BOTTLE TRAP & GRATINGS WASTE COUPLING 38 / 40 MM [F/T],WHITE,132,
P.T.M.T. SYMET,102,WASTE COUPLING-BOTTLE TRAP & GRATINGS WASTE COUPLING 38 / 40 MM [F/T],IVORY,132,
P.T.M.T. SYMET,101,WASTE COUPLING-BOTTLE TRAP & GRATINGS WASTE COUPLING 31 / 32 MM [H/T],WHITE,112,
P.T.M.T. SYMET,101,WASTE COUPLING-BOTTLE TRAP & GRATINGS WASTE COUPLING 31 / 32 MM [H/T],IVORY,112,
P.T.M.T. SYMET,140,PUSH COCK PUSH COCK BATH FITTINGS & MIXERS  urinal cock 15mm,WHITE,176,
P.T.M.T. SYMET,140,PUSH COCK PUSH COCK BATH FITTINGS & MIXERS  urinal cock 15mm,IVORY,176,
P.T.M.T. SYMET,1391,PUSH COCK PUSH COCK BATH FITTINGS & MIXERS  push cock 15mm with spout,WHITE,176,
P.T.M.T. SYMET,1391,PUSH COCK PUSH COCK BATH FITTINGS & MIXERS  push cock 15mm with spout,IVORY,176,
P.T.M.T. SYMET,139,PUSH COCK PUSH COCK BATH FITTINGS & MIXERS  push cock 15mm (female thread),WHITE,168,
P.T.M.T. SYMET,139,PUSH COCK PUSH COCK BATH FITTINGS & MIXERS  push cock 15mm (female thread),IVORY,168,
P.T.M.T. SYMET,138,PUSH COCK PUSH COCK BATH FITTINGS & MIXERS  push cock with reducer 15x20mm,WHITE,224,
P.T.M.T. SYMET,138,PUSH COCK PUSH COCK BATH FITTINGS & MIXERS  push cock with reducer 15x20mm,IVORY,224,
P.T.M.T. SYMET,137,PUSH COCK PUSH COCK BATH FITTINGS & MIXERS  MS reducer for push cock 15x20mm,WHITE,34,
P.T.M.T. SYMET,137,PUSH COCK PUSH COCK BATH FITTINGS & MIXERS  MS reducer for push cock 15x20mm,IVORY,34,
P.T.M.T. SYMET,136,PUSH COCK BATH FITTINGS & MIXERS push cock (20mm F/T) WITH SPOUT,WHITE,192,
P.T.M.T. SYMET,136,PUSH COCK BATH FITTINGS & MIXERS push cock (20mm F/T) WITH SPOUT,IVORY,192,
P.T.M.T. SYMET,147-C,COBRA BATH FITTINGS & MIXERS PILLAR COCK SWAN NECK WITH FLANGE,WHITE,672,
P.T.M.T. SYMET,147-C,COBRA BATH FITTINGS & MIXERS PILLAR COCK SWAN NECK WITH FLANGE,IVORY,672,
P.T.M.T. SYMET,146-C,COBRA BATH FITTINGS & MIXERS CONCEALED STOPCOCK 15 MM ( COBRA ),WHITE,392,
P.T.M.T. SYMET,146-C,COBRA BATH FITTINGS & MIXERS CONCEALED STOPCOCK 15 MM ( COBRA ),IVORY,392,
P.T.M.T. SYMET,145-C,COBRA BATH FITTINGS & MIXERS 2 WAY ANGLE COCK WITH FLANGE 15MM,WHITE,518,
P.T.M.T. SYMET,145-C,COBRA BATH FITTINGS & MIXERS 2 WAY ANGLE COCK WITH FLANGE 15MM,IVORY,518,
P.T.M.T. SYMET,144-C,COBRA BATH FITTINGS & MIXERS ANGLE COCK 15 MM ( COBRA ) WITH FLANGE,WHITE,236,
P.T.M.T. SYMET,144-C,COBRA BATH FITTINGS & MIXERS ANGLE COCK 15 MM ( COBRA ) WITH FLANGE,IVORY,236,
P.T.M.T. SYMET,142-C,COBRA BATH FITTINGS & MIXERS STOPCOCK 15 MM (F / T ) ( COBRA ),WHITE,252,
P.T.M.T. SYMET,142-C,COBRA BATH FITTINGS & MIXERS STOPCOCK 15 MM (F / T ) ( COBRA ),IVORY,252,
P.T.M.T. SYMET,141-C,COBRA BATH FITTINGS & MIXERS STOPCOCK 15 MM (M / T) ( COBRA ),WHITE,244,
P.T.M.T. SYMET,141-C,COBRA BATH FITTINGS & MIXERS STOPCOCK 15 MM (M / T) ( COBRA ),IVORY,244,
P.T.M.T. SYMET,135-C,COBRA BATH FITTINGS & MIXERS WALL MIXER ( COBRA ),WHITE,1298,
P.T.M.T. SYMET,135-C,COBRA BATH FITTINGS & MIXERS WALL MIXER ( COBRA ),IVORY,1298,
P.T.M.T. SYMET,134-C,COBRA BATH FITTINGS & MIXERS SINK MIXER ( COBRA ),WHITE,1298,
P.T.M.T. SYMET,134-C,COBRA BATH FITTINGS & MIXERS SINK MIXER ( COBRA ),IVORY,1298,
P.T.M.T. SYMET,133-C,COBRA BATH FITTINGS & MIXERS SINK COCK ( R. H ) SWING ARM ( T/M ) WITH FLANGE,WHITE,714,
P.T.M.T. SYMET,133-C,COBRA BATH FITTINGS & MIXERS SINK COCK ( R. H ) SWING ARM ( T/M ) WITH FLANGE,IVORY,714,
P.T.M.T. SYMET,132-C,COBRA BATH FITTINGS & MIXERS SINK COCK ( COBRA ) SWING ARM WITH FLANGE,WHITE,712,
P.T.M.T. SYMET,132-C,COBRA BATH FITTINGS & MIXERS SINK COCK ( COBRA ) SWING ARM WITH FLANGE,IVORY,712,
P.T.M.T. SYMET,131-C,COBRA BATH FITTINGS & MIXERS PILLAR COCK FANCY 15MM WITH FOAM FLOW WITH FLANGE,WHITE,388,
P.T.M.T. SYMET,131-C,COBRA BATH FITTINGS & MIXERS PILLAR COCK FANCY 15MM WITH FOAM FLOW WITH FLANGE,IVORY,388,
P.T.M.T. SYMET,130-C,COBRA BATH FITTINGS & MIXERS PILLAR COCK FANCY 15 MM ( COBRA ) WITH FLANGE,WHITE,352,
P.T.M.T. SYMET,130-C,COBRA BATH FITTINGS & MIXERS PILLAR COCK FANCY 15 MM ( COBRA ) WITH FLANGE,IVORY,352,
P.T.M.T. SYMET,129-C,COBRA BATH FITTINGS & MIXERS 2 WAY BIB COCK 15MM,WHITE,552,
P.T.M.T. SYMET,129-C,COBRA BATH FITTINGS & MIXERS 2 WAY BIB COCK 15MM,IVORY,552,
P.T.M.T. SYMET,124-C,COBRA BATH FITTINGS & MIXERS BIB COCK LONG BODY 15 MM ( COBRA ) WITH FLANGE,WHITE,314,
P.T.M.T. SYMET,124-C,COBRA BATH FITTINGS & MIXERS BIB COCK LONG BODY 15 MM ( COBRA ) WITH FLANGE,IVORY,314,
P.T.M.T. SYMET,123-C,COBRA BATH FITTINGS & MIXERS BIB COCK FANCY 15 MM ( COBRA ) WITH FLANGE,WHITE,274,
P.T.M.T. SYMET,123-C,COBRA BATH FITTINGS & MIXERS BIB COCK FANCY 15 MM ( COBRA ) WITH FLANGE,IVORY,274,
P.T.M.T. SYMET,121-C,COBRA BATH FITTINGS & MIXERS BIB COCK COBRA 15MM WITH FLANGE,WHITE,244,
P.T.M.T. SYMET,121-C,COBRA BATH FITTINGS & MIXERS BIB COCK COBRA 15MM WITH FLANGE,IVORY,244,
P.T.M.T. SYMET,148-B,STANDARD SERIES BATH FITTINGS & MIXERS CONCEALED STOP COCK 20 MM WITH BRASS BODY,WHITE,1276,
P.T.M.T. SYMET,148-B,STANDARD SERIES BATH FITTINGS & MIXERS CONCEALED STOP COCK 20 MM WITH BRASS BODY,IVORY,1276,
P.T.M.T. SYMET,148,STANDARD SERIES BATH FITTINGS & MIXERS CONCEALED STOP COCK WITH FLANGE,WHITE,372,
P.T.M.T. SYMET,148,STANDARD SERIES BATH FITTINGS & MIXERS CONCEALED STOP COCK WITH FLANGE,IVORY,372,
P.T.M.T. SYMET,146-B,STANDARD SERIES BATH FITTINGS & MIXERS CONCEALED STOP COCK 15 MM WITH BRASS BODY,WHITE,1256,
P.T.M.T. SYMET,146-B,STANDARD SERIES BATH FITTINGS & MIXERS CONCEALED STOP COCK 15 MM WITH BRASS BODY,IVORY,1256,
P.T.M.T. SYMET,146,STANDARD SERIES BATH FITTINGS & MIXERS CONCEALED STOP COCK 15 MM,WHITE,362,
P.T.M.T. SYMET,146,STANDARD SERIES BATH FITTINGS & MIXERS CONCEALED STOP COCK 15 MM,IVORY,362,
P.T.M.T. SYMET,145,STANDARD SERIES BATH FITTINGS & MIXERS 2 WAY ANGLE COCK 15 MM (WITH FLANGE),WHITE,472,
P.T.M.T. SYMET,145,STANDARD SERIES BATH FITTINGS & MIXERS 2 WAY ANGLE COCK 15 MM (WITH FLANGE),IVORY,472,
P.T.M.T. SYMET,144,STANDARD SERIES BATH FITTINGS & MIXERS ANGLE COCK 15MM WITH FLANGE,WHITE,216,
P.T.M.T. SYMET,144,STANDARD SERIES BATH FITTINGS & MIXERS ANGLE COCK 15MM WITH FLANGE,IVORY,216,
P.T.M.T. SYMET,143,STANDARD SERIES BATH FITTINGS & MIXERS STOP COCK 20MM (F/T),WHITE,236,
P.T.M.T. SYMET,143,STANDARD SERIES BATH FITTINGS & MIXERS STOP COCK 20MM (F/T),IVORY,236,
P.T.M.T. SYMET,142,STANDARD SERIES BATH FITTINGS & MIXERS STOP COCK 15MM FEMALE THREAD,WHITE,224,
P.T.M.T. SYMET,142,STANDARD SERIES BATH FITTINGS & MIXERS STOP COCK 15MM FEMALE THREAD,IVORY,224,
P.T.M.T. SYMET,141,STANDARD SERIES BATH FITTINGS & MIXERS STOP COCK 15 MM (MALE THREAD),WHITE,224,
P.T.M.T. SYMET,141,STANDARD SERIES BATH FITTINGS & MIXERS STOP COCK 15 MM (MALE THREAD),IVORY,224,
P.T.M.T. SYMET,1861,STANDARD SERIES BATH FITTINGS & MIXERS URINAL FISH 32 MM,WHITE,174,
P.T.M.T. SYMET,1861,STANDARD SERIES BATH FITTINGS & MIXERS URINAL FISH 32 MM,IVORY,174,
P.T.M.T. SYMET,186,STANDARD SERIES BATH FITTINGS & MIXERS URINAL SPREADER 15 MM,WHITE,132,
P.T.M.T. SYMET,186,STANDARD SERIES BATH FITTINGS & MIXERS URINAL SPREADER 15 MM,IVORY,132,
P.T.M.T. SYMET,135,STANDARD SERIES BATH FITTINGS & MIXERS WALL MIXER WITH FLANGE,WHITE,1244,
P.T.M.T. SYMET,135,STANDARD SERIES BATH FITTINGS & MIXERS WALL MIXER WITH FLANGE,IVORY,1244,
P.T.M.T. SYMET,134,STANDARD SERIES BATH FITTINGS & MIXERS Sink mixer with flange,WHITE,1244,
P.T.M.T. SYMET,134,STANDARD SERIES BATH FITTINGS & MIXERS Sink mixer with flange,IVORY,1244,
P.T.M.T. SYMET,132,STANDARD SERIES BATH FITTINGS & MIXERS SINK COCK - (SWING ARM) (W/M) WITH FLANGE,WHITE,682,
P.T.M.T. SYMET,132,STANDARD SERIES BATH FITTINGS & MIXERS SINK COCK - (SWING ARM) (W/M) WITH FLANGE,IVORY,682,
P.T.M.T. SYMET,131,STANDARD SERIES BATH FITTINGS & MIXERS Pillar cock fancy 15 mm with foam flow,WHITE,362,
P.T.M.T. SYMET,131,STANDARD SERIES BATH FITTINGS & MIXERS Pillar cock fancy 15 mm with foam flow,IVORY,362,
P.T.M.T. SYMET,130,STANDARD SERIES BATH FITTINGS & MIXERS PILLAR COCK 15 MM WITH FLANGE,WHITE,316,
P.T.M.T. SYMET,130,STANDARD SERIES BATH FITTINGS & MIXERS PILLAR COCK 15 MM WITH FLANGE,IVORY,316,
P.T.M.T. SYMET,129,STANDARD SERIES BATH FITTINGS & MIXERS 2 WAY BIBCOCK 15 MM FOAM FLOW WITH FLANGE,WHITE,518,
P.T.M.T. SYMET,129,STANDARD SERIES BATH FITTINGS & MIXERS 2 WAY BIBCOCK 15 MM FOAM FLOW WITH FLANGE,IVORY,518,
P.T.M.T. SYMET,127,STANDARD SERIES BATH FITTINGS & MIXERS GARDEN TAP BIB COCK WITH NOZZLE 15MM WITHOUT FLANGE,WHITE,252,
P.T.M.T. SYMET,127,STANDARD SERIES BATH FITTINGS & MIXERS GARDEN TAP BIB COCK WITH NOZZLE 15MM WITHOUT FLANGE,IVORY,252,
P.T.M.T. SYMET,124-F,STANDARD SERIES BATH FITTINGS & MIXERS BIBCOCK LONG BODY 15 MM WITH FLANGE & FOAM FLOW,WHITE,304,
P.T.M.T. SYMET,124-F,STANDARD SERIES BATH FITTINGS & MIXERS BIBCOCK LONG BODY 15 MM WITH FLANGE & FOAM FLOW,IVORY,304,
P.T.M.T. SYMET,124,STANDARD SERIES BATH FITTINGS & MIXERS BIBCOCK LONG BODY 15 MM WITH FLANGE,WHITE,292,
P.T.M.T. SYMET,124,STANDARD SERIES BATH FITTINGS & MIXERS BIBCOCK LONG BODY 15 MM WITH FLANGE,IVORY,292,
P.T.M.T. SYMET,123-F,STANDARD SERIES BATH FITTINGS & MIXERS BIBCOCK FANCY 15 MM FOAM FLOW WITH FLANGE,WHITE,262,
P.T.M.T. SYMET,123-F,STANDARD SERIES BATH FITTINGS & MIXERS BIBCOCK FANCY 15 MM FOAM FLOW WITH FLANGE,IVORY,262,
P.T.M.T. SYMET,123,STANDARD SERIES BATH FITTINGS & MIXERS BIBCOCK FANCY 15 MM WITH FLANGE,WHITE,252,
P.T.M.T. SYMET,123,STANDARD SERIES BATH FITTINGS & MIXERS BIBCOCK FANCY 15 MM WITH FLANGE,IVORY,252,
P.T.M.T. SYMET,121-F,Erosa Bib Cock 15mm with Flange White Colour,,244,
P.T.M.T. SYMET,121,STANDARD SERIES BATH FITTINGS & MIXERS BIBCOCK STANDARD 15 MM NEW BODY WITHOUT FLANGE,WHITE,218,
P.T.M.T. SYMET,121,STANDARD SERIES BATH FITTINGS & MIXERS BIBCOCK STANDARD 15 MM NEW BODY WITHOUT FLANGE,IVORY,218,
P.T.M.T. SYMET,120-W,SPECIAL COCK T- HANDLE WITHOUT FLANGE,WHITE,192,
P.T.M.T. SYMET,120-W,SPECIAL COCK T- HANDLE WITHOUT FLANGE,IVORY,192,
P.T.M.T. SYMET,144-T,SPECIAL COCK BATH FITTINGS & MIXERS ANGLE COCK 15 MM (T.HANDLE),WHITE,202,
P.T.M.T. SYMET,144-T,SPECIAL COCK BATH FITTINGS & MIXERS ANGLE COCK 15 MM (T.HANDLE),IVORY,202,
P.T.M.T. SYMET,120-R,SPECIAL COCK BATH FITTINGS & MIXERS BIB COCK 15MM (ROMAN) WITH FLANGE,WHITE,228,
P.T.M.T. SYMET,120-R,SPECIAL COCK BATH FITTINGS & MIXERS BIB COCK 15MM (ROMAN) WITH FLANGE,IVORY,228,
P.T.M.T. SYMET,120-C,SPECIAL COCK BATH FITTINGS & MIXERS BIB COCK 15MM(COBRA) WITH FLANGE,WHITE,228,
P.T.M.T. SYMET,120-C,SPECIAL COCK BATH FITTINGS & MIXERS BIB COCK 15MM(COBRA) WITH FLANGE,IVORY,228,
P.T.M.T. SYMET,120-M,SPECIAL COCK BATH FITTINGS & MIXERS BIB COCK STANDARD 15 MM ( M. HANDLE ) WITH FLANGE,WHITE,228,
P.T.M.T. SYMET,120-M,SPECIAL COCK BATH FITTINGS & MIXERS BIB COCK STANDARD 15 MM ( M. HANDLE ) WITH FLANGE,IVORY,228,
P.T.M.T. SYMET,120,SPECIAL COCK BATH FITTINGS & MIXERS T-HANDLE WITH FLANGE,WHITE,202,
P.T.M.T. SYMET,120,SPECIAL COCK BATH FITTINGS & MIXERS T-HANDLE WITH FLANGE,IVORY,202,
P.T.M.T. SYMET,147-E,GRAND SERIES BATH FITTINGS & MIXERS PILLAR COCK SWAN NECK (T/M) WITH FLANGE,WHITE,762,
P.T.M.T. SYMET,147-E,GRAND SERIES BATH FITTINGS & MIXERS PILLAR COCK SWAN NECK (T/M) WITH FLANGE,IVORY,762,
P.T.M.T. SYMET,146-E,GRAND SERIES BATH FITTINGS & MIXERS CONCEALED STOP COCK,WHITE,472,
P.T.M.T. SYMET,146-E,GRAND SERIES BATH FITTINGS & MIXERS CONCEALED STOP COCK,IVORY,472,
P.T.M.T. SYMET,145-E,GRAND SERIES BATH FITTINGS & MIXERS 2 WAY ANGLE COCK WITH FLANGE,WHITE,578,
P.T.M.T. SYMET,145-E,GRAND SERIES BATH FITTINGS & MIXERS 2 WAY ANGLE COCK WITH FLANGE,IVORY,578,
P.T.M.T. SYMET,144-E,GRAND SERIES BATH FITTINGS & MIXERS ANGLE COCK WITH FLANGE,WHITE,282,
P.T.M.T. SYMET,144-E,GRAND SERIES BATH FITTINGS & MIXERS ANGLE COCK WITH FLANGE,IVORY,282,
P.T.M.T. SYMET,142-E,GRAND SERIES BATH FITTINGS & MIXERS STOP COCK (15MM) (F/T),WHITE,288,
P.T.M.T. SYMET,142-E,GRAND SERIES BATH FITTINGS & MIXERS STOP COCK (15MM) (F/T),IVORY,288,
P.T.M.T. SYMET,141-E,GRAND SERIES BATH FITTINGS & MIXERS STOP COCK 15MM (MALE THREAD ),WHITE,288,
P.T.M.T. SYMET,141-E,GRAND SERIES BATH FITTINGS & MIXERS STOP COCK 15MM (MALE THREAD ),IVORY,288,
P.T.M.T. SYMET,133-E,GRAND SERIES BATH FITTINGS & MIXERS SINK COCK (T/M) LONG WITH FLANGE,WHITE,806,
P.T.M.T. SYMET,133-E,GRAND SERIES BATH FITTINGS & MIXERS SINK COCK (T/M) LONG WITH FLANGE,IVORY,806,
P.T.M.T. SYMET,132-E,GRAND SERIES BATH FITTINGS & MIXERS SINK COCK (W/M) LONG WITH FLANGE,WHITE,786,
P.T.M.T. SYMET,132-E,GRAND SERIES BATH FITTINGS & MIXERS SINK COCK (W/M) LONG WITH FLANGE,IVORY,786,
P.T.M.T. SYMET,130-E,GRAND SERIES BATH FITTINGS & MIXERS PILLAR COCK WITH FLANGE,WHITE,404,
P.T.M.T. SYMET,130-E,GRAND SERIES BATH FITTINGS & MIXERS PILLAR COCK WITH FLANGE,IVORY,404,
P.T.M.T. SYMET,129-E,GRAND SERIES BATH FITTINGS & MIXERS 2WAY BIB COCK 15MM FOAM FLOW WITH FLANGE,WHITE,672,
P.T.M.T. SYMET,129-E,GRAND SERIES BATH FITTINGS & MIXERS 2WAY BIB COCK 15MM FOAM FLOW WITH FLANGE,IVORY,672,
P.T.M.T. SYMET,127-E,GRAND SERIES BATH FITTINGS & MIXERS GARDEN TAP BIB COCK WITH NOZZLE 15MM WITH FLANGE,WHITE,328,
P.T.M.T. SYMET,127-E,GRAND SERIES BATH FITTINGS & MIXERS GARDEN TAP BIB COCK WITH NOZZLE 15MM WITH FLANGE,IVORY,328,
P.T.M.T. SYMET,124-EF,GRAND SERIES BATH FITTINGS & MIXERS BIB COCK LONG BODY FOAM FLOW WITH FLANGE,WHITE,396,
P.T.M.T. SYMET,124-EF,GRAND SERIES BATH FITTINGS & MIXERS BIB COCK LONG BODY FOAM FLOW WITH FLANGE,IVORY,396,
P.T.M.T. SYMET,124-E,GRAND SERIES BATH FITTINGS & MIXERS BIB COCK LONG BODY WITH FLANGE,WHITE,382,
P.T.M.T. SYMET,124-E,GRAND SERIES BATH FITTINGS & MIXERS BIB COCK LONG BODY WITH FLANGE,IVORY,382,
P.T.M.T. SYMET,123-E,GRAND SERIES BATH FITTINGS & MIXERS BIB COCK FANCY 15MM WITH FLANGE,WHITE,326,
P.T.M.T. SYMET,123-E,GRAND SERIES BATH FITTINGS & MIXERS BIB COCK FANCY 15MM WITH FLANGE,IVORY,326,
P.T.M.T. SYMET,121-E,GRAND SERIES BATH FITTINGS & MIXERS BIB COCK STANDARD 15MM WITH FLANGE,WHITE,286,
P.T.M.T. SYMET,121-E,GRAND SERIES BATH FITTINGS & MIXERS BIB COCK STANDARD 15MM WITH FLANGE,IVORY,286,
P.T.M.T. SYMET,144-O,STANDARD SERIES-OLD HANDLE BATH FITTINGS & MIXERS ANGLE COCK 15 MM (OLD HANDLE) WITH FLANGE,WHITE,216,
P.T.M.T. SYMET,144-O,STANDARD SERIES-OLD HANDLE BATH FITTINGS & MIXERS ANGLE COCK 15 MM (OLD HANDLE) WITH FLANGE,IVORY,216,
P.T.M.T. SYMET,141-O,STANDARD SERIES-OLD HANDLE BATH FITTINGS & MIXERS STOP COCK 15 MM (MALE THREAD) OLD HANDLE,WHITE,224,
P.T.M.T. SYMET,141-O,STANDARD SERIES-OLD HANDLE BATH FITTINGS & MIXERS STOP COCK 15 MM (MALE THREAD) OLD HANDLE,IVORY,224,
P.T.M.T. SYMET,130-O,STANDARD SERIES-OLD HANDLE BATH FITTINGS & MIXERS PILLAR COCK 15 MM (OLD HANDLE) WITH FLANGE,WHITE,316,
P.T.M.T. SYMET,130-O,STANDARD SERIES-OLD HANDLE BATH FITTINGS & MIXERS PILLAR COCK 15 MM (OLD HANDLE) WITH FLANGE,IVORY,316,
P.T.M.T. SYMET,124-O,STANDARD SERIES-OLD HANDLE BATH FITTINGS & MIXERS BIBCOCK LONG BODY 15 MM (OLD HANDLE) WITH FLANGE,WHITE,292,
P.T.M.T. SYMET,124-O,STANDARD SERIES-OLD HANDLE BATH FITTINGS & MIXERS BIBCOCK LONG BODY 15 MM (OLD HANDLE) WITH FLANGE,IVORY,292,
P.T.M.T. SYMET,123-O,STANDARD SERIES-OLD HANDLE BATH FITTINGS & MIXERS BIBCOCK FANCY 15MM WITH FLANGE,WHITE,252,
P.T.M.T. SYMET,123-O,STANDARD SERIES-OLD HANDLE BATH FITTINGS & MIXERS BIBCOCK FANCY 15MM WITH FLANGE,IVORY,252,
P.T.M.T. SYMET,121-O,STANDARD SERIES-OLD HANDLE BATH FITTINGS & MIXERS BIBCOCK STANDARD 15MM (OLD HANDE) WITH FLANGE,WHITE,218,
P.T.M.T. SYMET,121-O,STANDARD SERIES-OLD HANDLE BATH FITTINGS & MIXERS BIBCOCK STANDARD 15MM (OLD HANDE) WITH FLANGE,IVORY,218,
P.T.M.T. SYMET,1323,ROMAN BATH FITTINGS & MIXERS SINK COCK ( R. H. ) SWAN NECK (W/M) WITH FLANGE,WHITE,806,
P.T.M.T. SYMET,1323,ROMAN BATH FITTINGS & MIXERS SINK COCK ( R. H. ) SWAN NECK (W/M) WITH FLANGE,IVORY,806,
P.T.M.T. SYMET,1491,ROMAN BATH FITTINGS & MIXERS WASHING MACHINE TAP WITH FLANGE,WHITE,518,
P.T.M.T. SYMET,1491,ROMAN BATH FITTINGS & MIXERS WASHING MACHINE TAP WITH FLANGE,IVORY,518,
P.T.M.T. SYMET,1481,ROMAN BATH FITTINGS & MIXERS CONCEALED STOPCOCK 20 MM ( R. H. ),WHITE,506,
P.T.M.T. SYMET,1481,ROMAN BATH FITTINGS & MIXERS CONCEALED STOPCOCK 20 MM ( R. H. ),IVORY,506,
P.T.M.T. SYMET,1461,ROMAN BATH FITTINGS & MIXERS CONCEALED STOPCOCK 15 MM ( R. H. ),WHITE,492,
P.T.M.T. SYMET,1461,ROMAN BATH FITTINGS & MIXERS CONCEALED STOPCOCK 15 MM ( R. H. ),IVORY,492,
P.T.M.T. SYMET,1451,ROMAN BATH FITTINGS & MIXERS 2 IN 1 ANGLE COCK 15 MM ( R. H. ) WITH FLANGE,WHITE,594,
P.T.M.T. SYMET,1451,ROMAN BATH FITTINGS & MIXERS 2 IN 1 ANGLE COCK 15 MM ( R. H. ) WITH FLANGE,IVORY,594,
P.T.M.T. SYMET,1441,ROMAN BATH FITTINGS & MIXERS ANGLE COCK 15 MM ( R. H. ) WITH FLANGE,WHITE,294,
P.T.M.T. SYMET,1441,ROMAN BATH FITTINGS & MIXERS ANGLE COCK 15 MM ( R. H. ) WITH FLANGE,IVORY,294,
P.T.M.T. SYMET,1431,ROMAN BATH FITTINGS & MIXERS STOPCOCK 20 MM (F / T) ( R. H. ),WHITE,328,
P.T.M.T. SYMET,1431,ROMAN BATH FITTINGS & MIXERS STOPCOCK 20 MM (F / T) ( R. H. ),IVORY,328,
P.T.M.T. SYMET,1421,ROMAN BATH FITTINGS & MIXERS STOPCOCK 15 MM (F / T) ( R. H. ),WHITE,312,
P.T.M.T. SYMET,1421,ROMAN BATH FITTINGS & MIXERS STOPCOCK 15 MM (F / T) ( R. H. ),IVORY,312,
P.T.M.T. SYMET,1411,ROMAN BATH FITTINGS & MIXERS STOPCOCK 15 MM (M / T) ( R. H. ),WHITE,296,
P.T.M.T. SYMET,1411,ROMAN BATH FITTINGS & MIXERS STOPCOCK 15 MM (M / T) ( R. H. ),IVORY,296,
P.T.M.T. SYMET,1351,ROMAN BATH FITTINGS & MIXERS WALL MIXER ( R. H. ),WHITE,1628,
P.T.M.T. SYMET,1351,ROMAN BATH FITTINGS & MIXERS WALL MIXER ( R. H. ),IVORY,1628,
P.T.M.T. SYMET,1341,ROMAN BATH FITTINGS & MIXERS SINK MIXER ( R. H. ),WHITE,1628,
P.T.M.T. SYMET,1341,ROMAN BATH FITTINGS & MIXERS SINK MIXER ( R. H. ),IVORY,1628,
P.T.M.T. SYMET,1321,ROMAN BATH FITTINGS & MIXERS SINK COCK ( R. H. ) SWING ARM (W/M) WITH FLANGE,WHITE,806,
P.T.M.T. SYMET,1321,ROMAN BATH FITTINGS & MIXERS SINK COCK ( R. H. ) SWING ARM (W/M) WITH FLANGE,IVORY,806,
P.T.M.T. SYMET,1311,ROMAN BATH FITTINGS & MIXERS PILLAR COCK FANCY 15 MM ( R. H. ) WITH FLANGE,WHITE,486,
P.T.M.T. SYMET,1311,ROMAN BATH FITTINGS & MIXERS PILLAR COCK FANCY 15 MM ( R. H. ) WITH FLANGE,IVORY,486,
P.T.M.T. SYMET,1291,ROMAN BATH FITTINGS & MIXERS 2 WAY BIBCOCK 15 MM ( R.H. ) W / F,WHITE,684,
P.T.M.T. SYMET,1291,ROMAN BATH FITTINGS & MIXERS 2 WAY BIBCOCK 15 MM ( R.H. ) W / F,IVORY,684,
P.T.M.T. SYMET,1241-F,ROMAN BATH FITTINGS & MIXERS BIB COCK LONG BODY 15 MM FOAM FLOW ( R.H. ) W / F,WHITE,396,
P.T.M.T. SYMET,1241-F,ROMAN BATH FITTINGS & MIXERS BIB COCK LONG BODY 15 MM FOAM FLOW ( R.H. ) W / F,IVORY,396,
P.T.M.T. SYMET,1241,ROMAN BATH FITTINGS & MIXERS BIB COCK LONG BODY 15 MM ( R.H. ) W / F,WHITE,378,
P.T.M.T. SYMET,1241,ROMAN BATH FITTINGS & MIXERS BIB COCK LONG BODY 15 MM ( R.H. ) W / F,IVORY,378,
P.T.M.T. SYMET,1231-F,ROMAN BATH FITTINGS & MIXERS BIB COCK FANCY 15 MM FOAM FLOW WITH FLANGE ( R. H. ),WHITE,332,
P.T.M.T. SYMET,1231-F,ROMAN BATH FITTINGS & MIXERS BIB COCK FANCY 15 MM FOAM FLOW WITH FLANGE ( R. H. ),IVORY,332,
P.T.M.T. SYMET,1231,ROMAN BATH FITTINGS & MIXERS BIB COCK FANCY 15 MM WITH FLANGE ( R. H. ),WHITE,312,
P.T.M.T. SYMET,1231,ROMAN BATH FITTINGS & MIXERS BIB COCK FANCY 15 MM WITH FLANGE ( R. H. ),IVORY,312,
P.T.M.T. SYMET,400-i,IBIX BATH FITTINGS & MIXERS SINGLE LEVER BASIN MIXER,WHITE,2204,
P.T.M.T. SYMET,400-i,IBIX BATH FITTINGS & MIXERS SINGLE LEVER BASIN MIXER,IVORY,2204,
P.T.M.T. SYMET,144-i,IBIX BATH FITTINGS & MIXERS ANGLE COCK WITH FLANGE,WHITE,402,
P.T.M.T. SYMET,144-i,IBIX BATH FITTINGS & MIXERS ANGLE COCK WITH FLANGE,IVORY,402,
P.T.M.T. SYMET,132-i,IBIX BATH FITTINGS & MIXERS SINK COCK WITH FLANGE,WHITE,892,
P.T.M.T. SYMET,132-i,IBIX BATH FITTINGS & MIXERS SINK COCK WITH FLANGE,IVORY,892,
P.T.M.T. SYMET,130-i,IBIX BATH FITTINGS & MIXERS PILLAR COCK WITH FLANGE,WHITE,604,
P.T.M.T. SYMET,130-i,IBIX BATH FITTINGS & MIXERS PILLAR COCK WITH FLANGE,IVORY,604,
P.T.M.T. SYMET,129-i,IBIX BATH FITTINGS & MIXERS 2 WAY BIB COCK WITH FLANGE,WHITE,844,
P.T.M.T. SYMET,129-i,IBIX BATH FITTINGS & MIXERS 2 WAY BIB COCK WITH FLANGE,IVORY,844,
P.T.M.T. SYMET,124-i,IBIX BATH FITTINGS & MIXERS BIB COCK LONG BODY (SMART) WITH FLANGE,WHITE,494,
P.T.M.T. SYMET,124-i,IBIX BATH FITTINGS & MIXERS BIB COCK LONG BODY (SMART) WITH FLANGE,IVORY,494,
P.T.M.T. SYMET,123-i,IBIX BATH FITTINGS & MIXERS BIB COCK WITH FLANGE,WHITE,476,
P.T.M.T. SYMET,123-i,IBIX BATH FITTINGS & MIXERS BIB COCK WITH FLANGE,IVORY,476,
P.T.M.T. SYMET,121-i,IBIX BATH FITTINGS & MIXERS BIB COCK LONG NOSE FOAM FLOW WITH FLANGE,WHITE,398,
P.T.M.T. SYMET,121-i,IBIX BATH FITTINGS & MIXERS BIB COCK LONG NOSE FOAM FLOW WITH FLANGE,IVORY,398,
P.T.M.T. SYMET,150,Center Hole Basin Mixer,,1424,
P.T.M.T. SYMET,180,2 in 1 Faucet (Body),,370,
P.T.M.T. SYMET,1501,Center Hole Basin Mixer,,1958,
P.T.M.T. SYMET,1815,"Over Head Shower Round (4"") without Arm",,338,
P.T.M.T. SYMET,1817,"Over Head Shower Square (4""X4"")",,338,
P.T.M.T. SYMET,1231-N,Bib Cock Fancy 15mm with New Flange & Nipple,,372,
P.T.M.T. SYMET,123-CN,Bib Cock Fancy 15mm with New Flange & Nipple,,332,
P.T.M.T. SYMET,180-A,2 In 1 Faucet (1 Mtr Tube) with Hook,,578,
P.T.M.T. SYMET,180-B,2 In 1 Faucet (1.5 Mtr Tube) with Hook,,676,
P.T.M.T. SYMET,492-W,ABS Soap Dispenser Oval 400ml White,,632,
P.T.M.T. SYMET,493-W,ABS Soap Dispenser Round 400ml White,,632,
P.T.M.T. SYMET,123-EN,Bib Cock Fancy 15mm with New Flange & Nipple,,396,
P.T.M.T. SYMET,123-HN,Bib Cock Fancy 15mm with New Flange & Nipple,,332,
P.T.M.T. SYMET,123-HNG,Bib Cock Fancy 15mm with New Flange & Nipple,,352,
P.T.M.T. SYMET,123-HNP,Bib Cock Fancy 15mm with New Flange & Nipple,,352,
P.T.M.T. SYMET,123-HNR,Bib Cock Fancy 15mm with New Flange & Nipple,,352,
P.T.M.T. SYMET,123-HNW,Bib Cock Fancy 15mm with New Flange & Nipple,,352,
P.T.M.T. SYMET,123-ON,Bib Cock Fancy 15mm with New Flange & Nipple,,304,
P.T.M.T. SYMET,123-PN,Bib Cock Fancy 15mm with New Flange & Nipple,,304,
P.T.M.T. SYMET,127-C,Bib Cock Nozzle with Flange,,278,
P.T.M.T. SYMET,127-O,Bib Cock with Nozzle 15mm,,252,
P.T.M.T. SYMET,551-F,Cabinet Without Mirror 330x430mm,,2740,
P.T.M.T. SYMET,557-F,Cabinet without Mirror 450x350mm,,3050,
P.T.M.T. SYMET,555-F,Cabinet without Mirror 622x422mm,,3920,
P.T.M.T. SYMET,150-C,Center Hole Basin Mixer,,1550,
P.T.M.T. SYMET,150-E,Center Hole Basin Mixer,,1862,
P.T.M.T. SYMET,150-H,Center Hole Basin Mixer,,1550,
P.T.M.T. SYMET,150-HG,Center Hole Basin Mixer,,1644,
P.T.M.T. SYMET,150-HP,Center Hole Basin Mixer,,1644,
P.T.M.T. SYMET,150-HR,Center Hole Basin Mixer,,1644,
P.T.M.T. SYMET,150-HW,Center Hole Basin Mixer,,1644,
P.T.M.T. SYMET,150-O,Center Hole Basin Mixer,,1424,
P.T.M.T. SYMET,150-P,Center Hole Basin Mixer,,1424,
P.T.M.T. SYMET,1375-B,BLACK PEARL BATH FITTINGS & MIXERS WALL MIXER WITH L BEND,,1582,
P.T.M.T. SYMET,146-BO,Concealed Stop Cock 15mm with Brass Body,,1256,
P.T.M.T. SYMET,146-HB,Concealed Stop Cock 15mm with Brass Body,,1236,
P.T.M.T. SYMET,148-BO,Concealed Stop Cock 20mm with Brass Body,,1276,
P.T.M.T. SYMET,148-HB,Concealed Stop Cock 20mm with Brass Body,,1248,
P.T.M.T. SYMET,1815-C,"Over Head Shower Round (4"") with Arm (1815+184)",,484,
P.T.M.T. SYMET,1471-Q,Pillar Cock Swan Neck Square Spout with Flange,,828,
P.T.M.T. SYMET,147-CQ,Pillar Cock Swan Neck Square Spout with Flange,,682,
P.T.M.T. SYMET,147-EQ,Pillar Cock Swan Neck Square Spout with Flange,,806,
P.T.M.T. SYMET,147-HQ,Pillar Cock Swan Neck Square Spout with Flange,,684,
P.T.M.T. SYMET,147-HQG,Pillar Cock Swan Neck Square Spout with Flange,,726,
P.T.M.T. SYMET,147-HQP,Pillar Cock Swan Neck Square Spout with Flange,,726,
P.T.M.T. SYMET,147-HQR,Pillar Cock Swan Neck Square Spout with Flange,,726,
P.T.M.T. SYMET,147-IQ,Pillar Cock Swan Neck Square Spout with Flange,,948,
P.T.M.T. SYMET,147-IQG,Pillar Cock Swan Neck Square Spout with Flange,,998,
P.T.M.T. SYMET,147-IQP,Pillar Cock Swan Neck Square Spout with Flange,,998,
P.T.M.T. SYMET,147-IQR,Pillar Cock Swan Neck Square Spout with Flange,,998,
P.T.M.T. SYMET,147-IQW,Pillar Cock Swan Neck Square Spout with Flange,,998,
P.T.M.T. SYMET,147-OSQ,Pillar Cock Swan Neck Square Spout with Flange,,668,
P.T.M.T. SYMET,147-PQ,Pillar Cock Swan Neck Square Spout with Flange,,668,
P.T.M.T. SYMET,147-RQ,Pillar Cock Swan Neck Square Spout with Flange,,732,
P.T.M.T. SYMET,147-SQ,Pillar Cock Swan Neck Square Spout with Flange,,668,
P.T.M.T. SYMET,139-M,Push Cock 15mm (M/T),,188,
P.T.M.T. SYMET,133-NEW,Sink Cock (Swing Arm) T/M with Flange,,732,
P.T.M.T. SYMET,1322-HN,Sink Cock Swan Neck with Small Spout,,634,
P.T.M.T. SYMET,1322-HNG,Sink Cock Swan Neck with Small Spout,,672,
P.T.M.T. SYMET,1322-HNP,Sink Cock Swan Neck with Small Spout,,672,
P.T.M.T. SYMET,1322-HNR,Sink Cock Swan Neck with Small Spout,,672,
P.T.M.T. SYMET,1322-HNW,Sink Cock Swan Neck with Small Spout,,672,
P.T.M.T. SYMET,132-OT,Sink Cock Swan Neck with Small Spout,,622,
P.T.M.T. SYMET,126-SQ,Square Flange 15mm,,16,
P.T.M.T. SYMET,143-O,Stop Cock 20mm (F/T) Old Handle,,236,
P.T.M.T. SYMET,141-N,Stop Cock with Nozzle 15mm,,252,
P.T.M.T. SYMET,141-NP,Stop Cock with Nozzle 15mm,,252,
P.T.M.T. SYMET,TTS-03,Teflon Thread Seal (10 mtr. L) 12mm,,26,
P.T.M.T. SYMET,1375-SF,Wall Mixer with L Bend,,1582,
P.T.M.T. SYMET,1375-VG,Wall Mixer with L Bend,,1680,
P.T.M.T. SYMET,1375-VP,Wall Mixer with L Bend,,1680,
P.T.M.T. SYMET,1375-VR,Wall Mixer with L Bend,,1680,
P.T.M.T. SYMET,1375-VW,Wall Mixer with L Bend,,1680,
P.T.M.T. SYMET,1491-C,Washing Machine Tap with Flange,,396,
P.T.M.T. SYMET,C23,"BALL VALVE 25MM 1""",,328,
P.T.M.T. SYMET,U24-N,"BALL VALVE (SCH 80 ) 32MM 3/4""",,308,
P.T.M.T. SYMET,U25-N,"BALL VALVE (SCH 80 ) 40MM 3/4""",,454,
P.T.M.T. SYMET,U26-N,"BALL VALVE (SCH 80 ) 50MM 3/4""",,684,
P.T.M.T. SYMET,1391-M,Push Cock 15mm with Spout ( Male Thread ),,196,
P.T.M.T. SYMET,134-QR,QUADRA BATH FITTINGS & MIXERS Sink Mixer Foam Flow With Flange,,1730,
P.T.M.T. SYMET,134-QW,QUADRA BATH FITTINGS & MIXERS Sink Mixer Foam Flow With Flange,,1730,
P.T.M.T. SYMET,134-QG,QUADRA BATH FITTINGS & MIXERS Sink Mixer Foam Flow With Flange,,1730,
P.T.M.T. SYMET,134-QP,QUADRA BATH FITTINGS & MIXERS Sink Mixer Foam Flow With Flange,,1730,
P.T.M.T. SYMET,134-Q,QUADRA BATH FITTINGS & MIXERS Sink Mixer Foam Flow With Flange,,1632,
P.T.M.T. SYMET,135-Q,QUADRA BATH FITTINGS & MIXERS Wall Mixer Foam Flow With Flange,,1674,
P.T.M.T. SYMET,135-QR,QUADRA BATH FITTINGS & MIXERS Wall Mixer Foam Flow With Flange,,1774,
P.T.M.T. SYMET,135-QW,QUADRA BATH FITTINGS & MIXERS Wall Mixer Foam Flow With Flange,,1774,
P.T.M.T. SYMET,135-QG,QUADRA BATH FITTINGS & MIXERS Wall Mixer Foam Flow With Flange,,1774,
P.T.M.T. SYMET,135-QP,QUADRA BATH FITTINGS & MIXERS Wall Mixer Foam Flow With Flange,,1774,
P.T.M.T. SYMET,124-CF,COBRA BATH FITTINGS & MIXERS BIB COCK LONG BODY Foam Flow 15 MM ( COBRA ) WITH FLANGE,Ivory,328,
P.T.M.T. SYMET,124-CF,COBRA BATH FITTINGS & MIXERS BIB COCK LONG BODY Foam Flow 15 MM ( COBRA ) WITH FLANGE,White,328,
P.T.M.T. SYMET,107,P TRAP 32MM,,388,
P.T.M.T. SYMET,3272-B,Collapsible Waste Pipe (31x32x850mm) 40mm Pipe Pitch Black Tale,,78,
P.T.M.T. SYMET,3274-B,Collapsible Waste Pipe (31x32x850mm) 43mm Pipe Pitch Black Tale,,94,
P.T.M.T. SYMET,3275-B,Collapsible Waste Pipe (31x32x850mm) 43mm Pipe Pitch Black Tale,,110,
P.T.M.T. SYMET,1322-DR,Sink Cock (R.H.) Swan Neck (W/M) Square Spout Foam Flow With Flange,,952,
P.T.M.T. SYMET,1322-DW,Sink Cock (R.H.) Swan Neck (W/M) Square Spout Foam Flow With Flange,,952,
P.T.M.T. SYMET,1322-DG,Sink Cock (R.H.) Swan Neck (W/M) Square Spout Foam Flow With Flange,,952,
P.T.M.T. SYMET,1322-DP,Sink Cock (R.H.) Swan Neck (W/M) Square Spout Foam Flow With Flange,,952,
P.T.M.T. SYMET,1322-D,Sink Cock (R.H.) Swan Neck (W/M) Square Spout Foam Flow With Flange,,898,
P.T.M.T. SYMET,147-DR,Pillar Cock Swan Neck Square Spout Foam Flow with Flange,,842,
P.T.M.T. SYMET,147-DG,Pillar Cock Swan Neck Square Spout Foam Flow with Flange,,842,
P.T.M.T. SYMET,147-DP,Pillar Cock Swan Neck Square Spout Foam Flow with Flange,,842,
P.T.M.T. SYMET,147-D,Pillar Cock Swan Neck Square Spout Foam Flow with Flange,,794,
P.T.M.T. SYMET,PQ-18,"Quadra Concealed Stop Cock (Handle, Sleeve & Flange Only)",,330,
P.T.M.T. SYMET,146-Q,Quadra Concealed Stop Cock Spindle 15mm & Body 15mm,,1190,
P.T.M.T. SYMET,148-Q,Quadra Concealed Stop Cock Spindle 20mm & Body 20mm,,1230,
P.T.M.T. SYMET,PD-18,"Delta Concealed Stop Cock (Handle, Sleeve & Flange Only)",,330,
P.T.M.T. SYMET,146-D,Delta Concealed Stop Cock Spindle 15mm & Body 15mm,,1190,
P.T.M.T. SYMET,148-D,Delta Concealed Stop Cock Spindle 20mm & Body 20mm,,1230,
P.T.M.T. SYMET,PI-18,"Ibix Concealed Stop Cock (Handle, Sleeve & Flange Only)",,330,
P.T.M.T. SYMET,146-I,Ibix Concealed Stop Cock Spindle 15mm & Body 15mm,,1190,
P.T.M.T. SYMET,148-I,Ibix Concealed Stop Cock Spindle 20mm & Body 20mm,,1230,
P.T.M.T. SYMET,PR-18,"Ovian Concealed Stop Cock (Handle, Sleeve & Flange Only)",,330,
P.T.M.T. SYMET,146-R,Ovian Concealed Stop Cock Spindle 15mm & Body 15mm,,1190,
P.T.M.T. SYMET,148-R,Ovian Concealed Stop Cock Spindle 20mm & Body 20mm,,1230,
P.T.M.T. SYMET,134-U,Sink Mixer Foam Flow with Flange,,1632,
P.T.M.T. SYMET,135-U,Wall Mixer Foam Flow with Flange,,1572,
P.T.M.T. SYMET,150-U,Center Hole Basin Mixer Foam Flow,,1776,
P.T.M.T. SYMET,150-Q,Center Hole Basin Mixer Foam Flow,,1742,
P.T.M.T. SYMET,134-D,Sink Mixer Foam Flow with Flange,,1898,
P.T.M.T. SYMET,135-D,Wall Mixer Foam Flow with Flange,,1898,
P.T.M.T. SYMET,150-D,Center Hole Basin Mixer Foam Flow,,2264,
P.T.M.T. SYMET,150-I,IBIX WINE BATH FITTINGS & MIXERS Center Hole Basin Mixer Foam Flow,,1878,
P.T.M.T. SYMET,150-R,Ovian Series Bath Fittings & Mixers Center Hole Basin Mixer Foam Flow,,1572,
P.T.M.T. SYMET,123-NN,Novo Series  Bath Fittings & Mixers Bib Cock Foam Flow with Flange,,298,
P.T.M.T. SYMET,145-N,Novo Series  Bath Fittings & Mixers 2 Way Angle Cock Foam Flow with Flange,,508,
P.T.M.T. SYMET,134-E,Grand Series  Bath Fittings & Mixers Sink Mixer (Foam Flow) With Flange,,1612,
P.T.M.T. SYMET,135-E,Grand Series  Bath Fittings & Mixers Wall Mixer (Foam Flow) With Flange,,1612,
P.T.M.T. SYMET,149-E,Grand Series  Bath Fittings & Mixers Washing Machine Tap With Flange,,498,
P.T.M.T. SYMET,1375-E,Grand Series  Bath Fittings & Mixers Wall Mixer L Bend Foam Flow With Flange,,1928,
P.T.M.T. SYMET,1375-V,VITRO BATH FITTINGS & MIXERS Wall Mixer L Bend Foam Flow With Flange,,1528,
P.T.M.T. SYMET,134-V,VITRO BATH FITTINGS & MIXERS Sink Mixer Foam Flow with Flange,,1262,
P.T.M.T. SYMET,135-V,VITRO BATH FITTINGS & MIXERS Wall Mixer (R.H.) Foam Flow with Flange,,1164,
P.T.M.T. SYMET,121-L,Lagoona  Bath Fittings & Mixers  Bib Cock Long Nose (Foam Flow) with Flange,,362,
P.T.M.T. SYMET,123-L,Lagoona  Bath Fittings & Mixers  Bib Cock 15mm (Foam Flow) with Flange,,392,
P.T.M.T. SYMET,124-L,Lagoona  Bath Fittings & Mixers  Bib Cock Long Body (Smart) Foam Flow with Flange,,382,
P.T.M.T. SYMET,129-L,Lagoona  Bath Fittings & Mixers  2 Way Bib Cock Foam Flow with Flange,,682,
P.T.M.T. SYMET,130-L,Lagoona  Bath Fittings & Mixers  Pillar Cock Foam Flow with Flange,,466,
P.T.M.T. SYMET,131-L,Lagoona  Bath Fittings & Mixers  Pillar Cock Fancy 15mm with (Foam Flow) with Flange,,466,
P.T.M.T. SYMET,132-L,Lagoona  Bath Fittings & Mixers  Sink Cock Foam Flow with Flange,,764,
P.T.M.T. SYMET,133-L,Lagoona  Bath Fittings & Mixers  Sink Cock (T/M) Long Spout Foam Flow with Flange,,764,
P.T.M.T. SYMET,144-L,Lagoona  Bath Fittings & Mixers  Angle Cock with Flange,,344,
P.T.M.T. SYMET,145-L,Lagoona  Bath Fittings & Mixers  2 Way Angle Cock with Flange,,632,
P.T.M.T. SYMET,1375-L,Lagoona  Bath Fittings & Mixers  Wall Mixer L Bend Foam Flow With Flange,,1918,
P.T.M.T. SYMET,147-L,Lagoona  Bath Fittings & Mixers  Pillar Cock Swan Neck Foam Flow with Flange,,688,
P.T.M.T. SYMET,147-LQ,Lagoona  Bath Fittings & Mixers  Pillar Cock Swan Neck Square Spout Foam Flow with Flange,,732,
P.T.M.T. SYMET,3461,Corrugated Waste Pipe 50x1150mm,,106,
P.T.M.T. SYMET,3275,Collapsible Waste Pipe (31x32x850mm) 43mm Pipe Pitch,,104,
P.T.M.T. SYMET,3276,Collapsible Waste Pipe (31x32x1100mm) 43mm Pipe Pitch,,110,
P.T.M.T. SYMET,147-HQW,Helix Wine  Bath Fittings & Mixers  Pillar Cock Swan Neck Foam Flow Square Spout with Flange,,726,
P.T.M.T. SYMET,131-IR,IBIX ROYAL BATH FITTINGS & MIXERS Pillar Cock Fancy 15mm with (Foam Flow) with Flange,,640,
P.T.M.T. SYMET,150-IR,IBIX ROYAL BATH FITTINGS & MIXERS Center Hole Basin Mixer Foam Flow,,1992,
P.T.M.T. SYMET,131-IG,IBIX GOLD BATH FITTINGS & MIXERS Pillar Cock Fancy 15mm with (Foam Flow) with Flange,,640,
P.T.M.T. SYMET,150-IG,IBIX GOLD BATH FITTINGS & MIXERS Center Hole Basin Mixer Foam Flow,,1992,
P.T.M.T. SYMET,131-IW,IBIX WINE BATH FITTINGS & MIXERS Pillar Cock Fancy 15mm with (Foam Flow) with Flange,,640,
P.T.M.T. SYMET,150-IW,BIX WINE BATH FITTINGS & MIXERS Center Hole Basin Mixer Foam Flow,,1992,
P.T.M.T. SYMET,131-IP,Ibix Peach Bath Fittings & Mixers Pillar Cock Fancy 15mm with (Foam Flow) with Flange,,640,
P.T.M.T. SYMET,150-IP,Ibix Peach Bath Fittings & Mixers Center Hole Basin Mixer Foam Flow,,1992,
P.T.M.T. SYMET,147-RQG,Ovian Gold Bath Fittings & Mixers Pillar Cock Swan Neck Square Spout Foam Flow with Flange,,776,
P.T.M.T. SYMET,150-RG,Ovian Gold Bath Fittings & Mixers Center Hole Basin Mixer Foam Flow,,1666,
P.T.M.T. SYMET,147-RQW,Ovian Wine Bath Fittings & Mixers Pillar Cock Swan Neck Square Spout Foam Flow with Flange,,776,
P.T.M.T. SYMET,150-RW,Ovian Wine Bath Fittings & Mixers Center Hole Basin Mixer Foam Flow,,1666,
P.T.M.T. SYMET,147-RQR,Ovian Royal Bath Fittings & Mixers Pillar Cock Swan Neck Square Spout Foam Flow with Flange,,776,
P.T.M.T. SYMET,150-RR,Ovian Royal Bath Fittings & Mixers Center Hole Basin Mixer Foam Flow,,1666,
P.T.M.T. SYMET,147-RQP,Ovian Prime Bath Fittings & Mixers Pillar Cock Swan Neck Square Spout Foam Flow With Flange,,776,
P.T.M.T. SYMET,150-RP,Ovian Prime Bath Fittings & Mixers Center Hole Basin Mixer Foam Flow,,1666,
P.T.M.T. SYMET,150-QR,Quadra Bath Fittings & Mixers Center Hole Basin Mixer Foam Flow,,1848,
P.T.M.T. SYMET,150-QP,Quadra Bath Fittings & Mixers Center Hole Basin Mixer Foam Flow,,1848,
P.T.M.T. SYMET,150-QG,Quadra Bath Fittings & Mixers Center Hole Basin Mixer Foam Flow,,1848,
P.T.M.T. SYMET,150-QW,Quadra Bath Fittings & Mixers Center Hole Basin Mixer Foam Flow,,1848,
P.T.M.T. SYMET,134-VG,Vitro Gold Series Bath Fittings & Mixers Sink Mixer Foam Flow with Flange,,1390,
P.T.M.T. SYMET,135-VG,Vitro Gold Series Bath Fittings & Mixers Wall Mixer (R.H.) Foam Flow with Flange,,1280,
P.T.M.T. SYMET,134-VW,Vitro Wine Bath Fittings & Mixers Sink Mixer Foam Flow with Flange,,1390,
P.T.M.T. SYMET,135-VW,Vitro Wine Bath Fittings & Mixers Wall Mixer (R.H.) Foam Flow with Flange,,1280,
P.T.M.T. SYMET,134-VR,Vitro Royal Bath Fittings & Mixers Sink Mixer Foam Flow with Flange,,1390,
P.T.M.T. SYMET,135-VR,Vitro Royal Bath Fittings & Mixers Wall Mixer (R.H.) Foam Flow with Flange,,1280,
P.T.M.T. SYMET,134-VP,Vitro Prime Bath Fittings & Mixer Sink Mixer Foam Flow with Flange,,1390,
P.T.M.T. SYMET,135-VP,Vitro Prime Bath Fittings & Mixer Wall Mixer (R.H.) Foam Flow with Flange,,1280,
P.T.M.T. SYMET,1375-SFR,Flora Royal Bath Fittings & Mixers Wall Mixer Foam Flow L Bend With Flange,,1678,
P.T.M.T. SYMET,1375-SFW,Flora Wine Bath Fittings & Mixers Wall Mixer with L Bend,,1678,
P.T.M.T. SYMET,1375-SFG,Flora Gold Bath Fittings & Mixers Wall Mixer with L Bend,,1678,
P.T.M.T. SYMET,1375-SFP,Flora Prime Bath Fittings & Mixers Wall Mixer with L Bend,,1678,
P.T.M.T. SYMET,134-UW,Sink Mixer Foam Flow with Flange,,1730,
P.T.M.T. SYMET,135-UW,Wall Mixer Foam Flow with Flange,,1666,
P.T.M.T. SYMET,150-UW,Center Hole Basin Mixer Foam Flow,,1884,
P.T.M.T. SYMET,134-UG,Sink Mixer Foam Flow with Flange,,1730,
P.T.M.T. SYMET,135-UG,Wall Mixer Foam Flow with Flange,,1666,
P.T.M.T. SYMET,150-UG,Center Hole Basin Mixer Foam Flow,,1884,
P.T.M.T. SYMET,134-UR,Sink Mixer Foam Flow with Flange,,1730,
P.T.M.T. SYMET,135-UR,Wall Mixer Foam Flow with Flange,,1666,
P.T.M.T. SYMET,150-UR,Center Hole Basin Mixer Foam Flow,,1884,
P.T.M.T. SYMET,134-UP,Sink Mixer Foam Flow with Flange,,1730,
P.T.M.T. SYMET,135-UP,Wall Mixer Foam Flow with Flange,,1666,
P.T.M.T. SYMET,150-UP,Center Hole Basin Mixer Foam Flow,,1884,
P.T.M.T. SYMET,134-DW,Sink Mixer Foam Flow with Flange,,1998,
P.T.M.T. SYMET,135-DW,Wall Mixer Foam Flow with Flange,,1998,
P.T.M.T. SYMET,147-DW,Pillar Cock (R.H.) Swan Neck (W/M) Square Spout Foam Flow with Flange,,842,
P.T.M.T. SYMET,150-DW,Center Hole Basin Mixer Foam Flow,,2398,
P.T.M.T. SYMET,134-DG,Sink Mixer Foam Flow with Flange,,1998,
P.T.M.T. SYMET,135-DG,Wall Mixer Foam Flow with Flange,,1998,
P.T.M.T. SYMET,150-DG,Center Hole Basin Mixer Foam Flow,,2398,
P.T.M.T. SYMET,134-DR,Sink Mixer Foam Flow with Flange,,1998,
P.T.M.T. SYMET,135-DR,Wall Mixer Foam Flow with Flange,,1998,
P.T.M.T. SYMET,150-DR,Center Hole Basin Mixer Foam Flow,,2398,
P.T.M.T. SYMET,134-DP,Sink Mixer Foam Flow with Flange,,1998,
P.T.M.T. SYMET,135-DP,Wall Mixer Foam Flow with Flange,,1998,
P.T.M.T. SYMET,150-DP,Center Hole Basin Mixer Foam Flow,,2398,
P.T.M.T. SYMET,121-LR,Lagoon Royal Bath Fittings & Mixers Bib Cock Long Nose (Foam Flow) with Flange,,384,
P.T.M.T. SYMET,123-LR,Lagoon Royal Bath Fittings & Mixers Bib Cock 15mm (Foam Flow) with Flange,,416,
P.T.M.T. SYMET,124-LR,Lagoon Royal Bath Fittings & Mixers Bib Cock Long Body (Smart) Foam Flow with Flange,,406,
P.T.M.T. SYMET,129-LR,Lagoon Royal Bath Fittings & Mixers 2 Way Bib Cock Foam Flow with Flange,,724,
P.T.M.T. SYMET,130-LR,Lagoon Royal Bath Fittings & Mixers Pillar Cock Foam Flow with Flange,,494,
P.T.M.T. SYMET,131-LR,Lagoon Royal Bath Fittings & Mixers Pillar Cock Fancy 15mm with (Foam Flow) with Flange,,494,
P.T.M.T. SYMET,132-LR,Lagoon Royal Bath Fittings & Mixers Sink Cock Foam Flow with Flange,,810,
P.T.M.T. SYMET,133-LR,Lagoon Royal Bath Fittings & Mixers Sink Cock (T/M) Long Spout Foam Flow with Flange,,810,
P.T.M.T. SYMET,144-LR,Lagoon Royal Bath Fittings & Mixers Angle Cock with Flange,,366,
P.T.M.T. SYMET,145-LR,Lagoon Royal Bath Fittings & Mixers 2 Way Angle Cock with Flange,,670,
P.T.M.T. SYMET,147-LR,Lagoon Royal Bath Fittings & Mixers Pillar Cock Swan Neck Foam Flow with Flange,,730,
P.T.M.T. SYMET,147-LQR,Lagoon Royal Bath Fittings & Mixers Pillar Cock Swan Neck Square Spout Foam Flow with Flange,,776,
P.T.M.T. SYMET,1375-LR,Lagoon Royal Bath Fittings & Mixers Wall Mixer L Bend Foam Flow With Flange,,2034,
P.T.M.T. SYMET,121-LG,Lagoon Gold Bath Fittings & Mixers Bib Cock Long Nose (Foam Flow) with Flange,,384,
P.T.M.T. SYMET,123-LG,Lagoon Gold Bath Fittings & Mixers Bib Cock 15mm (Foam Flow) with Flange,,416,
P.T.M.T. SYMET,124-LG,Lagoon Gold Bath Fittings & Mixers Bib Cock Long Body (Smart) Foam Flow with Flange,,406,
P.T.M.T. SYMET,129-LG,Lagoon Gold Bath Fittings & Mixers 2 Way Bib Cock Foam Flow with Flange,,724,
P.T.M.T. SYMET,130-LG,Lagoon Gold Bath Fittings & Mixers Pillar Cock Foam Flow with Flange,,494,
P.T.M.T. SYMET,131-LG,Lagoon Gold Bath Fittings & Mixers Pillar Cock Fancy 15mm with (Foam Flow) with Flange,,494,
P.T.M.T. SYMET,132-LG,Lagoon Gold Bath Fittings & Mixers Sink Cock Foam Flow with Flange,,810,
P.T.M.T. SYMET,133-LG,Lagoon Gold Bath Fittings & Mixers Sink Cock (T/M) Long Spout Foam Flow with Flange,,810,
P.T.M.T. SYMET,144-LG,Lagoon Gold Bath Fittings & Mixers Angle Cock with Flange,,366,
P.T.M.T. SYMET,145-LG,Lagoon Gold Bath Fittings & Mixers 2 Way Angle Cock with Flange,,670,
P.T.M.T. SYMET,147-LG,Lagoon Gold Bath Fittings & Mixers Pillar Cock Swan Neck Foam Flow with Flange,,730,
P.T.M.T. SYMET,147-LQG,Lagoon Gold Bath Fittings & Mixers Pillar Cock Swan Neck Square Spout Foam Flow with Flange,,776,
P.T.M.T. SYMET,1375-LG,Lagoon Gold Bath Fittings & Mixers Wall Mixer L Bend Foam Flow With Flange,,2034,
P.T.M.T. SYMET,121-LW,Lagoon Wine Bath Fittings & Mixers Bib Cock Long Nose (Foam Flow) with Flange,,384,
P.T.M.T. SYMET,123-LW,Lagoon Wine Bath Fittings & Mixers Bib Cock 15mm (Foam Flow) with Flange,,416,
P.T.M.T. SYMET,124-LW,Lagoon Wine Bath Fittings & Mixers Bib Cock Long Body (Smart) Foam Flow with Flange,,406,
P.T.M.T. SYMET,129-LW,Lagoon Wine Bath Fittings & Mixers 2 Way Bib Cock Foam Flow with Flange,,724,
P.T.M.T. SYMET,130-LW,Lagoon Wine Bath Fittings & Mixers Pillar Cock Foam Flow with Flange,,494,
P.T.M.T. SYMET,131-LW,Lagoon Wine Bath Fittings & Mixers Pillar Cock Fancy 15mm with (Foam Flow) with Flange,,494,
P.T.M.T. SYMET,132-LW,Lagoon Wine Bath Fittings & Mixers Sink Cock Foam Flow with Flange,,810,
P.T.M.T. SYMET,133-LW,Lagoon Wine Bath Fittings & Mixers Sink Cock (T/M) Long Spout Foam Flow with Flange,,810,
P.T.M.T. SYMET,144-LW,Lagoon Wine Bath Fittings & Mixers Angle Cock with Flange,,366,
P.T.M.T. SYMET,145-LW,Lagoon Wine Bath Fittings & Mixers 2 Way Angle Cock with Flange,,670,
P.T.M.T. SYMET,147-LW,Lagoon Wine Bath Fittings & Mixers Pillar Cock Swan Neck Foam Flow with Flange,,730,
P.T.M.T. SYMET,147-LQW,Lagoon Wine Bath Fittings & Mixers Pillar Cock Swan Neck Square Spout Foam Flow with Flange,,776,
P.T.M.T. SYMET,1375-LW,Lagoon Wine Bath Fittings & Mixers Wall Mixer L Bend Foam Flow With Flange,,2034,
P.T.M.T. SYMET,121-LP,Lagoon Peach Bath Fittings & Mixers Bib Cock Long Nose (Foam Flow) with Flange,,384,
P.T.M.T. SYMET,123-LP,Lagoon Peach Bath Fittings & Mixers Bib Cock 15mm (Foam Flow) with Flange,,416,
P.T.M.T. SYMET,124-LP,Lagoon Peach Bath Fittings & Mixers Bib Cock Long Body (Smart) Foam Flow with Flange,,406,
P.T.M.T. SYMET,129-LP,Lagoon Peach Bath Fittings & Mixers 2 Way Bib Cock Foam Flow with Flange,,724,
P.T.M.T. SYMET,130-LP,Lagoon Peach Bath Fittings & Mixers Pillar Cock Foam Flow with Flange,,494,
P.T.M.T. SYMET,131-LP,Lagoon Peach Bath Fittings & Mixers Pillar Cock Fancy 15mm with (Foam Flow) with Flange,,494,
P.T.M.T. SYMET,132-LP,Lagoon Peach Bath Fittings & Mixers Sink Cock Foam Flow with Flange,,810,
P.T.M.T. SYMET,133-LP,Lagoon Peach Bath Fittings & Mixers Sink Cock (T/M) Long Spout Foam Flow with Flange,,810,
P.T.M.T. SYMET,144-LP,Lagoon Peach Bath Fittings & Mixers Angle Cock with Flange,,366,
P.T.M.T. SYMET,145-LP,Lagoon Peach Bath Fittings & Mixers 2 Way Angle Cock with Flange,,670,
P.T.M.T. SYMET,147-LP,Lagoon Peach Bath Fittings & Mixers Pillar Cock Swan Neck Foam Flow with Flange,,730,
P.T.M.T. SYMET,147-LQP,Lagoon Peach Bath Fittings & Mixers Pillar Cock Swan Neck Square Spout Foam Flow with Flange,,776,
P.T.M.T. SYMET,1375-LP,Lagoon Peach Bath Fittings & Mixers Wall Mixer L Bend Foam Flow With Flange,,2034,
P.T.M.T. SYMET,123-NNR,Novo Royal Bath Fittings & Mixers Bib Cock Foam Flow with Flange,,316,
P.T.M.T. SYMET,124-NR,Novo Royal Bath Fittings & Mixers Long Body Bib Cock Foam Flow with Flange,,384,
P.T.M.T. SYMET,144-NR,Novo Royal Bath Fittings & Mixers Angle Cock Foam Flow with Flange,,288,
P.T.M.T. SYMET,130-NR,Novo Royal Bath Fittings & Mixers Pillar Cock Foam Flow with Flange,,458,
P.T.M.T. SYMET,129-NR,Novo Royal Bath Fittings & Mixers 2 Way Bib Cock Foam Flow with Flange,,606,
P.T.M.T. SYMET,145-NR,Novo Royal Bath Fittings & Mixers 2 Way Angle Cock Foam Flow with Flange,,538,
P.T.M.T. SYMET,132-NR,Novo Royal Bath Fittings & Mixers Sink Cock (W/M) Foam Flow with Flange,,698,
P.T.M.T. SYMET,133-NR,Novo Royal Bath Fittings & Mixers Sink Cock (R. H) Swan Neck (T/M) Square Spout Foam Flow with Flange,,740,
P.T.M.T. SYMET,123-NNG,Novo Gold Bath Fittings & Mixers Bib Cock Foam Flow with Flange,,316,
P.T.M.T. SYMET,124-NG,Novo Gold Bath Fittings & Mixers Long Body Bib Cock Foam Flow with Flange,,384,
P.T.M.T. SYMET,144-NG,Novo Gold Bath Fittings & Mixers Angle Cock Foam Flow with Flange,,288,
P.T.M.T. SYMET,130-NG,Novo Gold Bath Fittings & Mixers Pillar Cock Foam Flow with Flange,,458,
P.T.M.T. SYMET,129-NG,Novo Gold Bath Fittings & Mixers 2 Way Bib Cock Foam Flow with Flange,,606,
P.T.M.T. SYMET,145-NG,Novo Gold Bath Fittings & Mixers 2 Way Angle Cock Foam Flow with Flange,,538,
P.T.M.T. SYMET,132-NG,Novo Gold Bath Fittings & Mixers Sink Cock (W/M) Foam Flow with Flange,,698,
P.T.M.T. SYMET,133-NG,Novo Gold Bath Fittings & Mixers Sink Cock (R. H) Swan Neck (T/M) Square Spout Foam Flow with Flange,,740,
P.T.M.T. SYMET,123-NNW,Novo Wine Bath Fittings & Mixers Bib Cock Foam Flow with Flange,,316,
P.T.M.T. SYMET,124-NW,Novo Wine Bath Fittings & Mixers Long Body Bib Cock Foam Flow with Flange,,384,
P.T.M.T. SYMET,144-NW,Novo Wine Bath Fittings & Mixers Angle Cock Foam Flow with Flange,,288,
P.T.M.T. SYMET,130-NW,Novo Wine Bath Fittings & Mixers Pillar Cock Foam Flow with Flange,,458,
P.T.M.T. SYMET,129-NW,Novo Wine Bath Fittings & Mixers 2 Way Bib Cock Foam Flow with Flange,,606,
P.T.M.T. SYMET,145-NW,Novo Wine Bath Fittings & Mixers 2 Way Angle Cock Foam Flow with Flange,,538,
P.T.M.T. SYMET,132-NW,Novo Wine Bath Fittings & Mixers Sink Cock (W/M) Foam Flow with Flange,,698,
P.T.M.T. SYMET,133-NW,Novo Wine Bath Fittings & Mixers Sink Cock (R. H) Swan Neck (T/M) Square Spout Foam Flow with Flange,,740,
P.T.M.T. SYMET,123-NNP,Novo Peach Bath Fittings & Mixers Bib Cock Foam Flow with Flange,,316,
P.T.M.T. SYMET,124-NP,Novo Peach Bath Fittings & Mixer Long Body Bib Cock Foam Flow with Flange,,384,
P.T.M.T. SYMET,144-NP,Novo Peach Bath Fittings & Mixer Angle Cock Foam Flow with Flange,,288,
P.T.M.T. SYMET,130-NP,Novo Peach Bath Fittings & Mixer Pillar Cock Foam Flow with Flange,,458,
P.T.M.T. SYMET,129-NP,Novo Peach Bath Fittings & Mixer 2 Way Bib Cock Foam Flow with Flange,,606,
P.T.M.T. SYMET,145-NP,Novo Peach Bath Fittings & Mixer 2 Way Angle Cock Foam Flow with Flange,,538,
P.T.M.T. SYMET,132-NP,Novo Peach Bath Fittings & Mixer Sink Cock (W/M) Foam Flow with Flange,,698,
P.T.M.T. SYMET,133-NP,Novo Peach Bath Fittings & Mixer Sink Cock (R. H) Swan Neck (T/M) Square Spout Foam Flow with Flange,,740,
P.T.M.T. SYMET,1813-W,Showers & Accessories Wine Series Over Head Shower Round 75Mm (3 Inch),,308,
P.T.M.T. SYMET,1814-W,Showers & Accessories Wine Series Over Head Shower Round 100mm (4 inch) (Adjustable) without Arm,,322,
P.T.M.T. SYMET,183-W,Showers & Accessories Wine Series Hand Shower with 1.50 Mtr. Tube & Hook,,538,
P.T.M.T. SYMET,194-W,Showers & Accessories Wine Series Liquid Soap Container,,326,
P.T.M.T. SYMET,1813-CW,"Showers & Accessories Wine Series O.H. Shower Round 75mm (3"" + Shower Arm 225mm Square (1813+1841)",,496,
P.T.M.T. SYMET,1813-BW,Showers & Accessories Wine Series O.H. Shower Round 75mm (3 inch) + Shower Arm 225mm with Flange (1813+184),,474,
P.T.M.T. SYMET,1814-CW,Showers & Accessories Wine Series O.H. Shower Round 100mm (4 inch) + Shower Arm 225mm with Flange (1814+184),,486,
P.T.M.T. SYMET,1814N-CW,Showers & Accessories Wine Series O.H. Shower Round 100mm (4 inch) + Shower Arm 225mm with Flange (1814+1841),,510,
P.T.M.T. SYMET,187-W,Showers & Accessories Wine Series 2 in 1 Faucet (1 Mtr Tube) with Hook,,618,
P.T.M.T. SYMET,188-W,Showers & Accessories Wine Series 2 in 1 Faucet (1.5 Mtr Tube) with Hook,,692,
P.T.M.T. SYMET,189-W,Showers & Accessories Wine Series 2 in 1 Faucet (Body),,378,
P.T.M.T. SYMET,1813-G,Accessories Gold Series Over Head Shower Round 75mm (3 inch),,308,
P.T.M.T. SYMET,1814-G,Accessories Gold Series Over Head Shower Round 100mm (4 inch) (Adjustable) without Arm,,322,
P.T.M.T. SYMET,183-G,Accessories Gold Series Hand Shower with 1.50 Mtr. Tube & Hook,,538,
P.T.M.T. SYMET,194-G,Accessories Gold Series Liquid Soap Container,,326,
P.T.M.T. SYMET,1813-CG,"Accessories Gold Series O.H. Shower Round 75mm (3"" + Shower Arm 225mm Square (1813+1841)",,496,
P.T.M.T. SYMET,1813-BG,Accessories Gold Series O.H. Shower Round 75mm (3 inch) + Shower Arm 225mm with Flange (1813+184),,474,
P.T.M.T. SYMET,1814-CG,Accessories Gold Series O.H. Shower Round 100mm (4 inch) + Shower Arm 225mm with Flange (1814+184),,486,
P.T.M.T. SYMET,1814N-CG,Accessories Gold Series O.H. Shower Round 100mm (4 inch) + Shower Arm 225mm with Flange (1814+1841),,510,
P.T.M.T. SYMET,187-G,Accessories Gold Series 2 in 1 Faucet (1 Mtr Tube) with Hook,,618,
P.T.M.T. SYMET,188-G,Accessories Gold Series 2 in 1 Faucet (1.5 Mtr Tube) with Hook,,692,
P.T.M.T. SYMET,189-G,Accessories Gold Series 2 in 1 Faucet (Body),,378,
P.T.M.T. SYMET,1813-R,Accessories Royal Series Over Head Shower Round 75mm (3 inch),,308,
P.T.M.T. SYMET,1814-R,Accessories Royal Series Over Head Shower Round 100mm (4 inch) (Adjustable) without Arm,,322,
P.T.M.T. SYMET,183-R,Accessories Royal Series Hand Shower with 1.50 Mtr. Tube & Hook,,538,
P.T.M.T. SYMET,194-R,Accessories Royal Series Liquid Soap Container,,326,
P.T.M.T. SYMET,1813-CR,"Accessories Royal Series O.H. Shower Round 75mm (3"" + Shower Arm 225mm Square (1813+1841)",,496,
P.T.M.T. SYMET,1813-BR,Accessories Royal Series O.H. Shower Round 75mm (3 inch) + Shower Arm 225mm with Flange (1813+184),,474,
P.T.M.T. SYMET,1814-CR,Accessories Royal Series O.H. Shower Round 100mm (4 inch) + Shower Arm 225mm with Flange (1814+184),,486,
P.T.M.T. SYMET,1814N-CR,Accessories Royal Series O.H. Shower Round 100mm (4 inch) + Shower Arm 225mm with Flange (1814+1841),,510,
P.T.M.T. SYMET,187-R,Accessories Royal Series 2 in 1 Faucet (1 Mtr Tube) with Hook,,618,
P.T.M.T. SYMET,188-R,Accessories Royal Series 2 in 1 Faucet (1.5 Mtr Tube) with Hook,,692,
P.T.M.T. SYMET,189-R,Accessories Royal Series 2 in 1 Faucet (Body),,378,
P.T.M.T. SYMET,1813-P,Accessories Peach Series Over Head Shower Round 75mm (3 inch),,308,
P.T.M.T. SYMET,1814-P,Accessories Peach Series Over Head Shower Round 100mm (4 inch) (Adjustable) without Arm,,322,
P.T.M.T. SYMET,183-P,Accessories Peach Series Hand Shower with 1.50 Mtr. Tube & Hook,,538,
P.T.M.T. SYMET,194-P,Accessories Peach Series Liquid Soap Container,,326,
P.T.M.T. SYMET,1813-CP,"Accessories Peach Series O.H. Shower Round 75mm (3"" + Shower Arm 225mm Square (1813+1841)",,496,
P.T.M.T. SYMET,1813-BP,Accessories Peach Series O.H. Shower Round 75mm (3 inch) + Shower Arm 225mm with Flange (1813+184),,474,
P.T.M.T. SYMET,1814-CP,Accessories Peach Series O.H. Shower Round 100mm (4 inch) + Shower Arm 225mm with Flange (1814+184),,486,
P.T.M.T. SYMET,1814N-CP,Accessories Peach Series O.H. Shower Round 100mm (4 inch) + Shower Arm 225mm with Flange (1814+1841),,510,
P.T.M.T. SYMET,187-P,Accessories Peach Series 2 in 1 Faucet (1 Mtr Tube) with Hook,,618,
P.T.M.T. SYMET,188-P,Accessories Peach Series 2 in 1 Faucet (1.5 Mtr Tube) with Hook,,692,
P.T.M.T. SYMET,189-P,Accessories Peach Series 2 in 1 Faucet (Body),,378,
P.T.M.T. SYMET,3272-C,Collapsible Waste Pipe 31x32x850mm) 40mm Pipe Pitch,,68,
P.T.M.T. SYMET,3274-C,Collapsible Waste Pipe (31x32x850mm) 43mm Pipe Pitch,,84,
P.T.M.T. SYMET,151-S,Ball Cock with Rod & Small Ball 15mm,,304,
P.T.M.T. SYMET,LFP-156,2” Y Type Line Filter Part 50mm,,1062,
P.T.M.T. SYMET,HF-190,Health Faucet with 1 Mtr. Braided Tube & Hook,,448,
P.T.M.T. SYMET,PH-1,Round Hook,,22,
P.T.M.T. SYMET,PH-2,Square Hook,,28,
P.T.M.T. SYMET,350,P.V.C. Connection 60/1520mm,,224,
P.T.M.T. SYMET,326-H,"P.V.C. Braided Connection Pipe (Hot Water Supply) 36""/900mm",,208,
P.T.M.T. SYMET,3272-BC,Collapsible Waste Pipe (31x32x850mm) 40mm Pipe Pitch (Black Tale),,66,
P.T.M.T. SYMET,3274-BC,Collapsible Waste Pipe (31x32x850mm) 43mm Pipe Pitch (Black Tale),,86,
P.T.M.T. SYMET,EPT-01,END PLUG (½”) (BLACK),,9,
P.T.M.T. SYMET,HF-191,Health Faucet (1.50 Mtr Braided Tube) with Hook,,542,
P.T.M.T. SYMET,124-T,Bib Cock Long Body T-Handle,,254,
P.T.M.T. SYMET,124-W,Bib Cock 15mm Long Body T-Handle with Flange,,202,
P.T.M.T. SYMET,124-WS,Bib Cock 15mm Long Body T-Handle without Flange,,194,
P.T.M.T. SYMET,123-WS,Bib Cock Fancy (15mm) without Flange,,152,
P.T.M.T. SYMET,125-S,Bib Cock Long Smart Body (15 mm) with Flange,,212,
P.T.M.T. SYMET,125-WS,Bib Cock Long Smart Body (15 mm) without Flange,,204,
P.T.M.T. SYMET,123-NNB,Bib Cock Foam Flow with Flange,,316,
P.T.M.T. SYMET,124-NB,Long Body Bib Cock Foam Flow with Flange,,384,
P.T.M.T. SYMET,129-NB,2 Way Bib Cock Foam Flow with Flange,,606,
P.T.M.T. SYMET,130-NB,Pillar Cock Foam Flow with Flange,,458,
P.T.M.T. SYMET,132-NB,Sink Cock (W/M) Foam Flow with Flange,,698,
P.T.M.T. SYMET,133-NB,Sink Cock (R. H) Swan Neck (T/M) Square Spout Foam Flow with Flange,,740,
P.T.M.T. SYMET,144-NB,Angle Cock with Flange,,288,
P.T.M.T. SYMET,145-NB,2 Way Angle Cock Foam Flow with Flange,,538,
P.T.M.T. SYMET,TTS-01,TEFLON TAPE TEFLON THREAD SEAL (10MTR.L) 12MM,,34,
P.T.M.T. SYMET,121-AS,Astra Bib Cock Fancy 15mm with Flange,,226,
P.T.M.T. SYMET,124-AS,Astra Bib Cock Long Body 15mm with Flange,,296,
P.T.M.T. SYMET,127-AS,Astra Bib Cock Nozzle with Flange,,272,
P.T.M.T. SYMET,129-AS,Astra 2 Way Bib Cock with Flange,,456,
P.T.M.T. SYMET,130-AS,Astra Pillar Cock with Flange,,314,
P.T.M.T. SYMET,132-AS,Astra Sink Cock (W/M) Foam Flow with Flange,,626,
P.T.M.T. SYMET,1322-AS,Astra Sink Cock Swing Arm Short (W/M) Foam Flow with Flange,,574,
P.T.M.T. SYMET,133-AS,Astra Sink Cock Foam Flow Swing Arm Long (T/M) with Flange,,646,
P.T.M.T. SYMET,1375-ASF,Astra Wall Mixer Foam Flow L Bend With Flange,,1582,
P.T.M.T. SYMET,144-AS,Astra Angle Cock with Flange,,236,
P.T.M.T. SYMET,145-AS,Astra 2 Way Angle Cock 15mm with Flange,,422,
P.T.M.T. SYMET,147-AS,Astra Pillar Cock Foam Flow Swan Neck (T/M) with Flange,,594,
P.T.M.T. SYMET,149-AS,Astra Washing Machine Tap With Flange,,362,
P.T.M.T. SYMET,121-AP,Apex Bib Cock Fancy 15mm with Flange,,226,
P.T.M.T. SYMET,124-AP,Apex Bib Cock Long Body 15mm with Flange,,296,
P.T.M.T. SYMET,127-AP,Apex Bib Cock Nozzle with Flange,,272,
P.T.M.T. SYMET,129-AP,Apex 2 Way Bib Cock with Flange,,456,
P.T.M.T. SYMET,130-AP,Apex Pillar Cock with Flange,,314,
P.T.M.T. SYMET,132-AP,Apex Sink Cock (W/M) Foam Flow with Flange,,626,
P.T.M.T. SYMET,1322-AP,Apex Sink Cock Swing Arm Short (W/M) Foam Flow with Flange,,574,
P.T.M.T. SYMET,133-AP,Apex Sink Cock Foam Flow Swing Arm Long (T/M) with Flange,,646,
P.T.M.T. SYMET,1375-APF,Apex Wall Mixer Foam Flow L Bend With Flange,,1582,
P.T.M.T. SYMET,144-AP,Apex Angle Cock with Flange,,236,
P.T.M.T. SYMET,145-AP,Apex 2 Way Angle Cock 15mm with Flange,,422,
P.T.M.T. SYMET,147-AP,Apex Pillar Cock Foam Flow Swan Neck (T/M) with Flange,,594,
P.T.M.T. SYMET,149-AP,Apex Washing Machine Tap With Flange,,362,
P.T.M.T. SYMET,121-EB,Ebon Bib Cock Fancy 15mm with Flange,,226,
P.T.M.T. SYMET,124-EB,Ebon Bib Cock Long Body 15mm with Flange,,296,
P.T.M.T. SYMET,127-EB,Ebon Bib Cock Nozzle with Flange,,272,
P.T.M.T. SYMET,129-EB,Ebon 2 Way Bib Cock with Flange,,456,
P.T.M.T. SYMET,130-EB,Ebon Pillar Cock with Flange,,314,
P.T.M.T. SYMET,132-EB,Ebon Sink Cock (W/M) Foam Flow with Flange,,626,
P.T.M.T. SYMET,1322-EB,Ebon Sink Cock Swing Arm Short (W/M) Foam Flow with Flange,,574,
P.T.M.T. SYMET,133-EB,Ebon Sink Cock Foam Flow Swing Arm Long (T/M) with Flange,,646,
P.T.M.T. SYMET,1375-EBF,Ebon Wall Mixer Foam Flow L Bend With Flange,,1582,
P.T.M.T. SYMET,144-EB,Ebon Angle Cock with Flange,,236,
P.T.M.T. SYMET,145-EB,Ebon 2 Way Angle Cock 15mm with Flange,,422,
P.T.M.T. SYMET,147-EB,Ebon Pillar Cock Foam Flow Swan Neck (T/M) with Flange,,594,
P.T.M.T. SYMET,149-EB,Ebon Washing Machine Tap With Flange,,362,
P.T.M.T. SYMET,124-Q,BIB COCK LONG BODY 15 MM (FOAM FLOW) WITH FLANGE,,472,
P.T.M.T. SYMET,134-S,Flora Series (Bath Fittings & Mixers) Sink Mixer Foam Flow with Flange,,1262,
P.T.M.T. SYMET,135-S,Flora Series (Bath Fittings & Mixers) Wall Mixer Foam Flow with Flange,,1208,
P.T.M.T. SYMET,134-SW,Flora Wine Series (Bath Fittings & Mixers) Sink Mixer Foam Flow with Flange,,1338,
P.T.M.T. SYMET,135-SW,Flora Wine Series (Bath Fittings & Mixers) Wall Mixer Foam Flow with Flange,,1280,
P.T.M.T. SYMET,134-SG,Flora Gold Series (Bath Fittings & Mixers) Sink Mixer Foam Flow with Flange,,1338,
P.T.M.T. SYMET,135-SG,Flora Gold Series (Bath Fittings & Mixers) Wall Mixer Foam Flow with Flange,,1280,
P.T.M.T. SYMET,134-SR,Flora Royal Series (Bath Fittings & Mixers) Sink Mixer Foam Flow with Flange,,1338,
P.T.M.T. SYMET,135-SR,Flora Royal Series (Bath Fittings & Mixers) Wall Mixer Foam Flow with Flange,,1280,
P.T.M.T. SYMET,134-SP,Flora Peach Series (Bath Fittings & Mixers) Sink Mixer Foam Flow with Flange,,1338,
P.T.M.T. SYMET,135-SP,Flora Peach Series (Bath Fittings & Mixers) Wall Mixer Foam Flow with Flange,,1280,
P.T.M.T. SYMET,134-AS,Astra Series (Bath Fittings & Mixers) Sink Mixer Foam Flow with Flange,,1262,
P.T.M.T. SYMET,135-AS,Astra Series (Bath Fittings & Mixers) Wall Mixer Foam Flow with Flange,,1208,
P.T.M.T. SYMET,134-AP,Apex Series (Bath Fittings & Mixers) Sink Mixer Foam Flow with Flange,,1262,
P.T.M.T. SYMET,135-AP,Apex Series (Bath Fittings & Mixers) Wall Mixer Foam Flow with Flange,,1208,
P.T.M.T. SYMET,134-EB,Ebon Series (Bath Fittings & Mixers) Sink Mixer Foam Flow with Flange,,1262,
P.T.M.T. SYMET,135-EB,Ebon Series (Bath Fittings & Mixers) Wall Mixer Foam Flow with Flange,,1208,
P.T.M.T. SYMET,124-SF,FLORA Bib Cock Long Body 15mm Foam Flow with Flange,,312,
P.T.M.T. SYMET,124-SFW,FLORA WINE Bib Cock Long Body 15mm Foam Flow with Flange,,332,
P.T.M.T. SYMET,124-SFG,FLORA GOLD Bib Cock Long Body 15mm Foam Flow with Flange,,332,
P.T.M.T. SYMET,124-SFR,FLORA ROYAL Bib Cock Long Body 15mm Foam Flow with Flange,,332,
P.T.M.T. SYMET,124-SFP,FLORA PEACH Bib Cock Long Body 15mm Foam Flow with Flange,,332,
P.T.M.T. SYMET,124-BF,BLACK PEARL Bib Cock Long Body 15mm Foam Flow with Flange,,312,
P.T.M.T. SYMET,123-QAB,Quadra Dark Blue Bib Cock Fancy 15mm Foam Flow with Flange,,398,
P.T.M.T. SYMET,124-QAB,Quadra Dark Blue Bib Cock Long Body 15mm (Foam Flow) with Flange,,498,
P.T.M.T. SYMET,127-QAB,Quadra Dark Blue Bib Cock Nozzle with Flange,,426,
P.T.M.T. SYMET,129-QAB,Quadra Dark Blue 2 Way Bib Cock Foam Flow with Flange,,750,
P.T.M.T. SYMET,130-QAB,Quadra Dark Blue Pillar Cock Foam Flow with Flange,,514,
P.T.M.T. SYMET,132-QAB,Quadra Dark Blue Sink Cock (W/M) Foam Flow with Flange,,810,
P.T.M.T. SYMET,133-QAB,Quadra Dark Blue Sink Cock Swan Neck (T/M) Foam Flow with Flange,,810,
P.T.M.T. SYMET,134-QAB,Quadra Dark Blue Sink Mixer Foam Flow with Flange,,1730,
P.T.M.T. SYMET,135-QAB,Quadra Dark Blue Wall Mixer Foam Flow with Flange,,1774,
P.T.M.T. SYMET,1375-QAB,Quadra Dark Blue Wall Mixer L Bend Foam Flow With Flange,,2044,
P.T.M.T. SYMET,144-QAB,Quadra Dark Blue Angle Cock with Flange,,368,
P.T.M.T. SYMET,145-QAB,Quadra Dark Blue 2 Way Angle Cock with Flange,,712,
P.T.M.T. SYMET,150-QAB,Quadra Dark Blue Center Hole Basin Mixer Foam Flow,,1848,
P.T.M.T. SYMET,400-QAB,Quadra Dark Blue Single Lever Basin Mixer Foam Flow,,1884,
P.T.M.T. SYMET,122-R,Ovian Bib Cock 15mm (Foam Flow) with Flange,,362,
P.T.M.T. SYMET,122-RG,Ovian Gold Bib Cock 15mm (Foam Flow) with Flange,,384,
P.T.M.T. SYMET,122-RW,Ovian Wine Bib Cock 15mm (Foam Flow) with Flange,,384,
P.T.M.T. SYMET,122-RR,Ovian Royal Bib Cock 15mm (Foam Flow) with Flange,,384,
P.T.M.T. SYMET,122-RP,Ovian Peach Bib Cock 15mm (Foam Flow) with Flange,,384,
P.T.M.T. SYMET,122-L,Lagoona Bib Cock 15mm (Foam Flow) with Flange,,362,
P.T.M.T. SYMET,122-LR,Lagoona Royal Bib Cock 15mm (Foam Flow) with Flange,,384,
P.T.M.T. SYMET,122-LG,Lagoona Gold Bib Cock 15mm (Foam Flow) with Flange,,384,
P.T.M.T. SYMET,122-LW,Lagoona Wine Bib Cock 15mm (Foam Flow) with Flange,,384,
P.T.M.T. SYMET,122-LP,Lagoona Peach Bib Cock 15mm (Foam Flow) with Flange,,384,
P.T.M.T. SYMET,122-I,Ibix Bib Cock 15mm (Foam Flow) with Flange,,436,
P.T.M.T. SYMET,122-IR,Ibix Royal Bib Cock 15mm (Foam Flow) with Flange,,462,
P.T.M.T. SYMET,122-IG,Ibix Gold Bib Cock 15mm (Foam Flow) with Flange,,462,
P.T.M.T. SYMET,122-IW,Ibix Wine Bib Cock 15mm (Foam Flow) with Flange,,462,
P.T.M.T. SYMET,122-IP,Ibix Peach Bib Cock 15mm (Foam Flow) with Flange,,462,
P.T.M.T. SYMET,LF-157,"WATER TANK   2 1/2"" Y Type Line Filter 63mm",,3040,
P.T.M.T. SYMET,124-K,Crystal - Series (Bath Fittings & Mixers) Bib Cock Long Body 15mm with Flange,White,314,
P.T.M.T. SYMET,124-K,Crystal - Series (Bath Fittings & Mixers) Bib Cock Long Body 15mm with Flange,Ivory,314,
P.T.M.T. SYMET,121-K,Crystal - Series (Bath Fittings & Mixers) Bib Cock 15mm with Flange,White,244,
P.T.M.T. SYMET,121-K,Crystal - Series (Bath Fittings & Mixers) Bib Cock 15mm with Flange,Ivory,244,
P.T.M.T. SYMET,123-K,Crystal - Series (Bath Fittings & Mixers) Bib Cock Fancy 15mm with Flange,White,274,
P.T.M.T. SYMET,123-K,Crystal - Series (Bath Fittings & Mixers) Bib Cock Fancy 15mm with Flange,Ivory,274,
P.T.M.T. SYMET,123-KF,Crystal - Series (Bath Fittings & Mixers) Bib Cock Fancy 15mm (Foam Flow) with Flange,White,284,
P.T.M.T. SYMET,123-KF,Crystal - Series (Bath Fittings & Mixers) Bib Cock Fancy 15mm (Foam Flow) with Flange,Ivory,284,
P.T.M.T. SYMET,123-KN,Crystal - Series (Bath Fittings & Mixers) Bib Cock Fancy 15mm with New Flange & Nipple,White,332,
P.T.M.T. SYMET,123-KN,Crystal - Series (Bath Fittings & Mixers) Bib Cock Fancy 15mm with New Flange & Nipple,Ivory,332,
P.T.M.T. SYMET,124-KF,Crystal - Series (Bath Fittings & Mixers) Bib Cock Long Body Foam Flow 15 mm with Flange,White,328,
P.T.M.T. SYMET,124-KF,Crystal - Series (Bath Fittings & Mixers) Bib Cock Long Body Foam Flow 15 mm with Flange,Ivory,328,
P.T.M.T. SYMET,127-K,Crystal - Series (Bath Fittings & Mixers) Bib Cock Nozzle with Flange,White,278,
P.T.M.T. SYMET,127-K,Crystal - Series (Bath Fittings & Mixers) Bib Cock Nozzle with Flange,Ivory,278,
P.T.M.T. SYMET,129-K,Crystal - Series (Bath Fittings & Mixers) 2 Way Bib Cock 15mm Foam Flow with Flange,White,552,
P.T.M.T. SYMET,129-K,Crystal - Series (Bath Fittings & Mixers) 2 Way Bib Cock 15mm Foam Flow with Flange,Ivory,552,
P.T.M.T. SYMET,130-K,Crystal - Series (Bath Fittings & Mixers) Pillar Cock 15mm with Flange,White,352,
P.T.M.T. SYMET,130-K,Crystal - Series (Bath Fittings & Mixers) Pillar Cock 15mm with Flange,Ivory,352,
P.T.M.T. SYMET,131-K,Crystal - Series (Bath Fittings & Mixers) Pillar Cock Fancy 15mm (Foam Flow) with Flange,White,388,
P.T.M.T. SYMET,131-K,Crystal - Series (Bath Fittings & Mixers) Pillar Cock Fancy 15mm (Foam Flow) with Flange,Ivory,388,
P.T.M.T. SYMET,1311-K,Crystal - Series (Bath Fittings & Mixers) Pillar Cock Fancy 15mm (Foam Flow) with Flange,White,398,
P.T.M.T. SYMET,1311-K,Crystal - Series (Bath Fittings & Mixers) Pillar Cock Fancy 15mm (Foam Flow) with Flange,Ivory,398,
P.T.M.T. SYMET,132-K,Crystal - Series (Bath Fittings & Mixers) Sink Cock Swing Arm Foam Flow with Flange,White,712,
P.T.M.T. SYMET,132-K,Crystal - Series (Bath Fittings & Mixers) Sink Cock Swing Arm Foam Flow with Flange,Ivory,712,
P.T.M.T. SYMET,133-K,Crystal - Series (Bath Fittings & Mixers) Sink Cock Swing Arm (T/M) Foam Flow with Flange,White,714,
P.T.M.T. SYMET,133-K,Crystal - Series (Bath Fittings & Mixers) Sink Cock Swing Arm (T/M) Foam Flow with Flange,Ivory,714,
P.T.M.T. SYMET,134-K,Crystal - Series (Bath Fittings & Mixers) Sink Mixer Foam Flow With Flange,White,1298,
P.T.M.T. SYMET,134-K,Crystal - Series (Bath Fittings & Mixers) Sink Mixer Foam Flow With Flange,Ivory,1298,
P.T.M.T. SYMET,135-K,Crystal - Series (Bath Fittings & Mixers) Wall Mixer Foam Flow With Flange,White,1298,
P.T.M.T. SYMET,135-K,Crystal - Series (Bath Fittings & Mixers) Wall Mixer Foam Flow With Flange,Ivory,1298,
P.T.M.T. SYMET,1375-K,Crystal - Series (Bath Fittings & Mixers) Wall Mixer L Bend Foam Flow With Flange,White,1694,
P.T.M.T. SYMET,1375-K,Crystal - Series (Bath Fittings & Mixers) Wall Mixer L Bend Foam Flow With Flange,Ivory,1694,
P.T.M.T. SYMET,141-K,Crystal - Series (Bath Fittings & Mixers) Stop Cock 15mm (M/T),White,244,
P.T.M.T. SYMET,141-K,Crystal - Series (Bath Fittings & Mixers) Stop Cock 15mm (M/T),Ivory,244,
P.T.M.T. SYMET,142-K,Crystal - Series (Bath Fittings & Mixers) Stop Cock 15mm (F/T),White,252,
P.T.M.T. SYMET,142-K,Crystal - Series (Bath Fittings & Mixers) Stop Cock 15mm (F/T),Ivory,252,
P.T.M.T. SYMET,144-K,Crystal - Series (Bath Fittings & Mixers) Angle Cock 15mm with Flange,White,236,
P.T.M.T. SYMET,144-K,Crystal - Series (Bath Fittings & Mixers) Angle Cock 15mm with Flange,Ivory,236,
P.T.M.T. SYMET,145-K,Crystal - Series (Bath Fittings & Mixers) 2 Way Angle Cock with Flange 15mm,White,518,
P.T.M.T. SYMET,145-K,Crystal - Series (Bath Fittings & Mixers) 2 Way Angle Cock with Flange 15mm,Ivory,518,
P.T.M.T. SYMET,146-K,Crystal - Series (Bath Fittings & Mixers) Concealed Stop Cock 15mm,White,392,
P.T.M.T. SYMET,146-K,Crystal - Series (Bath Fittings & Mixers) Concealed Stop Cock 15mm,Ivory,392,
P.T.M.T. SYMET,147-K,Crystal - Series (Bath Fittings & Mixers) Pillar Cock Swan Neck Foam Flow with Flange,White,672,
P.T.M.T. SYMET,147-K,Crystal - Series (Bath Fittings & Mixers) Pillar Cock Swan Neck Foam Flow with Flange,Ivory,672,
P.T.M.T. SYMET,147-KQ,Crystal - Series (Bath Fittings & Mixers) Pillar Cock Swan Neck Square Spout Foam Flow with Flange,White,682,
P.T.M.T. SYMET,147-KQ,Crystal - Series (Bath Fittings & Mixers) Pillar Cock Swan Neck Square Spout Foam Flow with Flange,Ivory,682,
P.T.M.T. SYMET,1491-K,Crystal - Series (Bath Fittings & Mixers) Washing Machine Tap with Flange,White,396,
P.T.M.T. SYMET,1491-K,Crystal - Series (Bath Fittings & Mixers) Washing Machine Tap with Flange,Ivory,396,
P.T.M.T. SYMET,150-K,Crystal - Series (Bath Fittings & Mixers) Center Hole Basin Mixer Foam Flow,White,1550,
P.T.M.T. SYMET,150-K,Crystal - Series (Bath Fittings & Mixers) Center Hole Basin Mixer Foam Flow,Ivory,1550,
P.T.M.T. SYMET,127-N,NOVO  Bib Cock Nozzle with Flange,,332,
P.T.M.T. SYMET,1322-N,NOVO  Sink Cock Swan Neck (W/M) Small Spout Foam Flow with Flange,,632,
P.T.M.T. SYMET,134-N,NOVO  Sink Mixer Foam Flow with Flange,,1572,
P.T.M.T. SYMET,135-N,NOVO  Wall Mixer Foam Flow with Flange,,1528,
P.T.M.T. SYMET,1375-N,NOVO  Wall Mixer L Bend Foam Flow with Flange,,1784,
P.T.M.T. SYMET,147-N,NOVO  Pillar Cock Swan Neck Square Spout Foam Flow with Flange,,712,
P.T.M.T. SYMET,127-U,ULTRA  Bib Cock Nozzle with Flange,,422,
P.T.M.T. SYMET,1322-U,ULTRA  Sink Cock Swan Neck (W/M) Small Spout Foam Flow with Flange,,738,
P.T.M.T. SYMET,147-U,ULTRA  Pillar Cock Swan Neck Foam Flow with Flange,,682,
P.T.M.T. SYMET,127-Q,QUADRA  Bib Cock Nozzle with Flange,,402,
P.T.M.T. SYMET,1322-Q,QUADRA  Sink Cock Swan Neck (W/M) Small Spout Foam Flow with Flange,,732,
P.T.M.T. SYMET,147-Q,QUADRA  Pillar Cock Swan Neck Square Spout Foam Flow with Flange,,806,
P.T.M.T. SYMET,146-QB,QUADRA  Concealed Stop Cock 15mm with Brass Body,,1318,
P.T.M.T. SYMET,148-QB,QUADRA  Concealed Stop Cock 20mm with Brass Body,,1346,
P.T.M.T. SYMET,1322-R,OVIAN  Sink Cock Swan Neck (W/M) Small Spout Foam Flow with Flange,,712,
P.T.M.T. SYMET,146-RB,OVIAN  Concealed Stop Cock 15mm with Brass Body,,1328,
P.T.M.T. SYMET,148-RB,OVIAN  Concealed Stop Cock 20mm with Brass Body,,1346,
P.T.M.T. SYMET,1322-L,LAGOONA  Sink Cock Swan Neck (W/M) Small Spout Foam Flow with Flange,,712,
P.T.M.T. SYMET,134-L,LAGOONA  Sink Mixer Foam Flow with Flange,,1628,
P.T.M.T. SYMET,135-L,LAGOONA  Wall Mixer Foam Flow with Flange,,1572,
P.T.M.T. SYMET,150-L,LAGOONA  Center Hole Basin Mixer Foam Flow,,1552,
P.T.M.T. SYMET,123-A,SAPPHIRE  Bib Cock Fancy 15mm with Flange,,264,
P.T.M.T. SYMET,123-AF,SAPPHIRE  Bib Cock Fancy 15mm (Foam Flow) with Flange,,274,
P.T.M.T. SYMET,123-AN,SAPPHIRE  Bib Cock Fancy 15mm with New Flange & Nipple,,316,
P.T.M.T. SYMET,124-AF,SAPPHIRE  Bib Cock Long Body 15mm (Foam Flow) with Flange,,316,
P.T.M.T. SYMET,134-A,SAPPHIRE  Sink Mixer Foam Flow with Flange,,1266,
P.T.M.T. SYMET,135-A,SAPPHIRE  Wall Mixer Foam Flow with Flange,,1266,
P.T.M.T. SYMET,1375-A,SAPPHIRE  Wall Mixer Foam Flow L Bend With Flange,,1628,
P.T.M.T. SYMET,141-A,SAPPHIRE  Stop Cock 15mm (M/T),,232,
P.T.M.T. SYMET,141-AN,SAPPHIRE  Stop Cock with Nozzle 15mm,,264,
P.T.M.T. SYMET,142-A,SAPPHIRE  Stop Cock 15mm (F/T),,242,
P.T.M.T. SYMET,143-A,SAPPHIRE  Stop Cock 20mm (F/T),,252,
P.T.M.T. SYMET,146-A,SAPPHIRE  Concealed Stop Cock 15mm,,382,
P.T.M.T. SYMET,148-A,SAPPHIRE  Concealed Stop Cock 20mm,,392,
P.T.M.T. SYMET,147-AQ,SAPPHIRE  Pillar Cock Swan Neck Square Spout Foam Flow with Flange,,658,
P.T.M.T. SYMET,150-A,SAPPHIRE  Center Hole Basin Mixer Foam Flow,,1498,
P.T.M.T. SYMET,121-AB,BLACK SAPPHIRE  Bib Cock Standard 15mm New Body with Flange,,242,
P.T.M.T. SYMET,123-AB,BLACK SAPPHIRE  Bib Cock Fancy 15mm with Flange,,274,
P.T.M.T. SYMET,123-ABF,BLACK SAPPHIRE  Bib Cock Fancy 15mm (Foam Flow) with Flange,,282,
P.T.M.T. SYMET,123-ABN,BLACK SAPPHIRE  Bib Cock Fancy 15mm with New Flange & Nipple,,332,
P.T.M.T. SYMET,124-AB,BLACK SAPPHIRE  Bib Cock Long Body 15mm with Flange,,314,
P.T.M.T. SYMET,124-ABF,BLACK SAPPHIRE  Bib Cock Long Body 15mm (Foam Flow) with Flange,,328,
P.T.M.T. SYMET,127-AB,BLACK SAPPHIRE  Garden Tap Bib Cock with Nozzle 15mm with Flange,,278,
P.T.M.T. SYMET,129-AB,BLACK SAPPHIRE  2 Way Bib Cock 15mm (Foam Flow) with Flange,,552,
P.T.M.T. SYMET,130-AB,BLACK SAPPHIRE  Pillar Cock 15mm Foam Flow with Flange,,352,
P.T.M.T. SYMET,131-AB,BLACK SAPPHIRE  Pillar Cock Fancy 15mm with (Foam Flow) with Flange,,386,
P.T.M.T. SYMET,132-AB,BLACK SAPPHIRE  Sink Cock (Swing Arm) W/M Foam Flow with Flange,,712,
P.T.M.T. SYMET,133-AB,BLACK SAPPHIRE  Sink Cock (Swing Arm) T/M Foam Flow with Flange,,722,
P.T.M.T. SYMET,134-AB,BLACK SAPPHIRE  Sink Mixer Foam Flow with Flange,,1296,
P.T.M.T. SYMET,135-AB,BLACK SAPPHIRE  Wall Mixer Foam Flow with Flange,,1296,
P.T.M.T. SYMET,1375-AB,BLACK SAPPHIRE  Wall Mixer Foam Flow L Bend With Flange,,1674,
P.T.M.T. SYMET,141-AB,BLACK SAPPHIRE  Stop Cock 15mm (M/T),,242,
P.T.M.T. SYMET,141-ABN,BLACK SAPPHIRE  Stop Cock with Nozzle 15mm,,278,
P.T.M.T. SYMET,142-AB,BLACK SAPPHIRE  Stop Cock 15mm (F/T),,252,
P.T.M.T. SYMET,143-AB,BLACK SAPPHIRE  Stop Cock 20mm (F/T),,264,
P.T.M.T. SYMET,144-AB,BLACK SAPPHIRE  Angle Cock with Flange,,236,
P.T.M.T. SYMET,145-AB,BLACK SAPPHIRE  2 Way Angle Cock 15mm with Flange,,518,
P.T.M.T. SYMET,146-AB,BLACK SAPPHIRE  Concealed Stop Cock 15mm,,392,
P.T.M.T. SYMET,148-AB,BLACK SAPPHIRE  Concealed Stop Cock 20mm,,402,
P.T.M.T. SYMET,147-AB,BLACK SAPPHIRE  Pillar Cock Swan Neck Foam Flow with Flange,,668,
P.T.M.T. SYMET,147-ABQ,BLACK SAPPHIRE  Pillar Cock Swan Neck Square Spout Foam Flow with Flange,,684,
P.T.M.T. SYMET,149-AB,BLACK SAPPHIRE  Washing Machine Tap with Flange,,396,
P.T.M.T. SYMET,150-AB,BLACK SAPPHIRE  Center Hole Basin Mixer Foam Flow,,1550,
P.T.M.T. SYMET,123-OF,Standard (Old Handle)  Bib Cock Fancy 15mm (Foam Flow) with Flange,,262,
P.T.M.T. SYMET,124-OF,Standard (Old Handle)  Bib Cock Long Body 15mm (Foam Flow) with Flange,,304,
P.T.M.T. SYMET,143-C,Cobra  Stop Cock 20mm (F/T),,264,
P.T.M.T. SYMET,127-D,Delta  Bib Cock Nozzle with Flange,,486,
P.T.M.T. SYMET,146-DB,Delta  Concealed Stop Cock 15mm with Brass Body,,1548,
P.T.M.T. SYMET,148-DB,Delta  Concealed Stop Cock 20mm with Brass Body,,1576,
P.T.M.T. SYMET,1322-I,Ibix  Sink Cock Swing Arm Short (W/M) Square Spout Foam Flow with Flange,,912,
P.T.M.T. SYMET,134-B,Black Pearl  Sink Mixer Foam Flow with Flange,,1262,
P.T.M.T. SYMET,135-B,Black Pearl  Wall Mixer Foam Flow with Flange,,1208,
P.T.M.T. SYMET,148-E,Grand  Concealed Stop Cock 20mm,,482,
P.T.M.T. SYMET,127-NR,Novo Royal  Bib Cock Nozzle with Flange,,352,
P.T.M.T. SYMET,1322-NR,Novo Royal  Sink Cock Swan Neck Small Spout Foam Flow With Flange,,670,
P.T.M.T. SYMET,134-NR,Novo Royal  Sink Mixer Foam Flow with Flange,,1666,
P.T.M.T. SYMET,135-NR,Novo Royal  Wall Mixer Foam Flow with Flange,,1620,
P.T.M.T. SYMET,1375-NR,Novo Royal  Wall Mixer L Bend Foam Flow With Flange,,1890,
P.T.M.T. SYMET,147-NR,Novo Royal  Sink Cock Swan Neck (T/M) Square Spout Foam Flow with Flange,,756,
P.T.M.T. SYMET,127-NG,Novo Gold  Bib Cock Nozzle with Flange,,352,
P.T.M.T. SYMET,1322-NG,Novo Gold  Sink Cock Swan Neck Small Spout Foam Flow With Flange,,670,
P.T.M.T. SYMET,134-NG,Novo Gold  Sink Mixer Foam Flow with Flange,,1666,
P.T.M.T. SYMET,135-NG,Novo Gold  Wall Mixer Foam Flow with Flange,,1620,
P.T.M.T. SYMET,1375-NG,Novo Gold  Wall Mixer L Bend Foam Flow With Flange,,1890,
P.T.M.T. SYMET,147-NG,Novo Gold  Sink Cock Swan Neck (T/M) Square Spout Foam Flow with Flange,,756,
P.T.M.T. SYMET,127-NW,Novo Wine  Bib Cock Nozzle with Flange,,352,
P.T.M.T. SYMET,1322-NW,Novo Wine  Sink Cock Swan Neck Small Spout Foam Flow With Flange,,670,
P.T.M.T. SYMET,134-NW,Novo Wine  Sink Mixer Foam Flow with Flange,,1666,
P.T.M.T. SYMET,135-NW,Novo Wine  Wall Mixer Foam Flow with Flange,,1620,
P.T.M.T. SYMET,1375-NW,Novo Wine  Wall Mixer L Bend Foam Flow With Flange,,1890,
P.T.M.T. SYMET,147-NW,Novo Wine  Sink Cock Swan Neck (T/M) Square Spout Foam Flow with Flange,,756,
P.T.M.T. SYMET,127-NP,Novo Peach  Bib Cock Nozzle with Flange,,352,
P.T.M.T. SYMET,1322-NP,Novo Peach  Sink Cock Swan Neck Small Spout Foam Flow With Flange,,670,
P.T.M.T. SYMET,134-NP,Novo Peach  Sink Mixer Foam Flow with Flange,,1666,
P.T.M.T. SYMET,135-NP,Novo Peach  Wall Mixer Foam Flow with Flange,,1620,
P.T.M.T. SYMET,1375-NP,Novo Peach  Wall Mixer L Bend Foam Flow With Flange,,1890,
P.T.M.T. SYMET,147-NP,Novo Peach  Sink Cock Swan Neck (T/M) Square Spout Foam Flow with Flange,,756,
P.T.M.T. SYMET,127-NB,Novo Dark Blue  Bib Cock Nozzle with Flange,,352,
P.T.M.T. SYMET,1322-NB,Novo Dark Blue  Sink Cock Swan Neck Small Spout Foam Flow With Flange,,670,
P.T.M.T. SYMET,134-NB,Novo Dark Blue  Sink Mixer Foam Flow with Flange,,1666,
P.T.M.T. SYMET,135-NB,Novo Dark Blue  Wall Mixer Foam Flow with Flange,,1620,
P.T.M.T. SYMET,1375-NB,Novo Dark Blue  Wall Mixer L Bend Foam Flow With Flange,,1890,
P.T.M.T. SYMET,147-NB,Novo Dark Blue  Sink Cock Swan Neck (T/M) Square Spout Foam Flow with Flange,,756,
P.T.M.T. SYMET,123-NNBB,Novo Black  Bib Cock Foam Flow with Flange,,316,
P.T.M.T. SYMET,124-NBB,Novo Black  Long Body Bib Cock Foam Flow with Flange,,384,
P.T.M.T. SYMET,127-NBB,Novo Black  Bib Cock Nozzle with Flange,,352,
P.T.M.T. SYMET,129-NBB,Novo Black  2 Way Bib Cock Foam Flow with Flange,,606,
P.T.M.T. SYMET,130-NBB,Novo Black  Pillar Cock Foam Flow with Flange,,458,
P.T.M.T. SYMET,132-NBB,Novo Black  Sink Cock (W/M) Foam Flow with Flange,,698,
P.T.M.T. SYMET,1322-NBB,Novo Black  Sink Cock Swan Neck Small Spout Foam Flow With Flange,,670,
P.T.M.T. SYMET,133-NBB,Novo Black  Sink Cock Swan Neck (T/M) Square Spout Foam Flow with Flange,,740,
P.T.M.T. SYMET,134-NBB,Novo Black  Sink Mixer Foam Flow with Flange,,1666,
P.T.M.T. SYMET,135-NBB,Novo Black  Wall Mixer Foam Flow with Flange,,1620,
P.T.M.T. SYMET,1375-NBB,Novo Black  Wall Mixer L Bend Foam Flow With Flange,,1890,
P.T.M.T. SYMET,144-NBB,Novo Black  Angle Cock with Flange,,288,
P.T.M.T. SYMET,145-NBB,Novo Black  2 Way Angle Cock Foam Flow with Flange,,538,
P.T.M.T. SYMET,147-NBB,Novo Black  Sink Cock Swan Neck (T/M) Square Spout Foam Flow with Flange,,756,
P.T.M.T. SYMET,127-UW,Ultra Wine  Bib Cock Nozzle with Flange,,448,
P.T.M.T. SYMET,1322-UW,Ultra Wine  Sink Cock Swan Neck Small Spout Foam Flow With Flange,,784,
P.T.M.T. SYMET,147-UW,Ultra Wine  Pillar Cock Swan Neck Foam Flow with Flange,,724,
P.T.M.T. SYMET,127-UG,Ultra Gold  Bib Cock Nozzle with Flange,,448,
P.T.M.T. SYMET,1322-UG,Ultra Gold  Sink Cock Swan Neck Small Spout Foam Flow With Flange,,784,
P.T.M.T. SYMET,147-UG,Ultra Gold  Pillar Cock Swan Neck Foam Flow with Flange,,724,
P.T.M.T. SYMET,127-UR,Ultra Royal  Bib Cock Nozzle with Flange,,448,
P.T.M.T. SYMET,1322-UR,Ultra Royal  Sink Cock Swan Neck Small Spout Foam Flow With Flange,,784,
P.T.M.T. SYMET,147-UR,Ultra Royal  Pillar Cock Swan Neck Foam Flow with Flange,,724,
P.T.M.T. SYMET,127-UP,Ultra Peach  Bib Cock Nozzle with Flange,,448,
P.T.M.T. SYMET,1322-UP,Ultra Peach  Sink Cock Swan Neck Small Spout Foam Flow With Flange,,784,
P.T.M.T. SYMET,147-UP,Ultra Peach  Pillar Cock Swan Neck Foam Flow with Flange,,724,
P.T.M.T. SYMET,123-UB,Ultra Black  Bib Cock Fancy 15mm (Foam Flow) with Flange,,420,
P.T.M.T. SYMET,124-UB,Ultra Black  Bib Cock Long Body 15mm (Foam Flow) with Flange,,516,
P.T.M.T. SYMET,127-UB,Ultra Black  Bib Cock Nozzle with Flange,,448,
P.T.M.T. SYMET,129-UB,Ultra Black  2 Way Bib Cock (Foam Flow) with Flange,,776,
P.T.M.T. SYMET,130-UB,Ultra Black  Pillar Cock (Foam Flow) with Flange,,528,
P.T.M.T. SYMET,132-UB,Ultra Black  Sink Cock (W/M) (Foam Flow) with Flange,,832,
P.T.M.T. SYMET,1322-UB,Ultra Black  Sink Cock Swan Neck Small Spout Foam Flow With Flange,,784,
P.T.M.T. SYMET,133-UB,Ultra Black  Sink Cock Swan Neck (T/M) (Foam Flow) with Flange,,832,
P.T.M.T. SYMET,134-UB,Ultra Black  Sink Mixer Foam Flow with Flange,,1730,
P.T.M.T. SYMET,135-UB,Ultra Black  Wall Mixer Foam Flow with Flange,,1666,
P.T.M.T. SYMET,1375-UB,Ultra Black  Wall Mixer (Foam Flow) with L Bend,,2098,
P.T.M.T. SYMET,144-UB,Ultra Black  Angle Cock with Flange,,374,
P.T.M.T. SYMET,145-UB,Ultra Black  2 Way Angle Cock with Flange,,724,
P.T.M.T. SYMET,147-UB,Ultra Black  Pillar Cock Swan Neck Foam Flow with Flange,,724,
P.T.M.T. SYMET,150-UB,Ultra Black  Center Hole Basin Mixer Foam Flow,,1884,
P.T.M.T. SYMET,124-QR,Quadra Royal  Bib Cock Long Body 15mm (Foam Flow) with Flange,,498,
P.T.M.T. SYMET,127-QR,Quadra Royal  Bib Cock Nozzle with Flange,,426,
P.T.M.T. SYMET,1322-QR,Quadra Royal  Sink Cock Swing Arm Short (W/M) Square Spout Foam Flow with Flange,,776,
P.T.M.T. SYMET,147-QR,Quadra Royal  Sink Cock Swan Neck (T/M) Square Spout Foam Flow with Flange,,856,
P.T.M.T. SYMET,124-QP,Quadra Peach  Bib Cock Long Body 15mm (Foam Flow) with Flange,,498,
P.T.M.T. SYMET,127-QP,Quadra Peach  Bib Cock Nozzle with Flange,,426,
P.T.M.T. SYMET,1322-QP,Quadra Peach  Sink Cock Swing Arm Short (W/M) Square Spout Foam Flow with Flange,,776,
P.T.M.T. SYMET,147-QP,Quadra Peach  Sink Cock Swan Neck (T/M) Square Spout Foam Flow with Flange,,856,
P.T.M.T. SYMET,124-QG,Quadra Gold  Bib Cock Long Body 15mm (Foam Flow) with Flange,,498,
P.T.M.T. SYMET,127-QG,Quadra Gold  Bib Cock Nozzle with Flange,,426,
P.T.M.T. SYMET,1322-QG,Quadra Gold  Sink Cock Swing Arm Short (W/M) Square Spout Foam Flow with Flange,,776,
P.T.M.T. SYMET,147-QG,Quadra Gold  Sink Cock Swan Neck (T/M) Square Spout Foam Flow with Flange,,856,
P.T.M.T. SYMET,124-QW,Quadra Wine  Bib Cock Long Body 15mm (Foam Flow) with Flange,,498,
P.T.M.T. SYMET,127-QW,Quadra Wine  Bib Cock Nozzle with Flange,,426,
P.T.M.T. SYMET,1322-QW,Quadra Wine  Sink Cock Swing Arm Short (W/M) Square Spout Foam Flow with Flange,,776,
P.T.M.T. SYMET,147-QW,Quadra Wine  Sink Cock Swan Neck (T/M) Square Spout Foam Flow with Flange,,856,
P.T.M.T. SYMET,123-QB,Quadra Black  Bib Cock Fancy 15mm Foam Flow with Flange,,398,
P.T.M.T. SYMET,124-QB,Quadra Black  Bib Cock Long Body 15mm (Foam Flow) with Flange,,498,
P.T.M.T. SYMET,127-QB,Quadra Black  Bib Cock Nozzle with Flange,,426,
P.T.M.T. SYMET,129-QB,Quadra Black  2 Way Bib Cock Foam Flow with Flange,,750,
P.T.M.T. SYMET,130-QB,Quadra Black  Pillar Cock Foam Flow with Flange,,514,
P.T.M.T. SYMET,132-QB,Quadra Black  Sink Cock (W/M) Foam Flow with Flange,,810,
P.T.M.T. SYMET,1322-QB,Quadra Black  Sink Cock Swing Arm Short (W/M) Square Spout Foam Flow with Flange,,776,
P.T.M.T. SYMET,133-QB,Quadra Black  Sink Cock Swan Neck (T/M) Foam Flow with Flange,,810,
P.T.M.T. SYMET,134-QB,Quadra Black  Sink Mixer Foam Flow with Flange,,1730,
P.T.M.T. SYMET,135-QB,Quadra Black  Wall Mixer Foam Flow with Flange,,1774,
P.T.M.T. SYMET,1375-QB,Quadra Black  Wall Mixer L Bend Foam Flow With Flange,,2044,
P.T.M.T. SYMET,144-QB,Quadra Black  Angle Cock with Flange,,368,
P.T.M.T. SYMET,145-QB,Quadra Black  2 Way Angle Cock with Flange,,712,
P.T.M.T. SYMET,147-QB,Quadra Black  Sink Cock Swan Neck (T/M) Square Spout Foam Flow with Flange,,856,
P.T.M.T. SYMET,150-QB,Quadra Black  Center Hole Basin Mixer Foam Flow,,1848,
P.T.M.T. SYMET,1322-RG,Ovian Gold  Sink Cock Swing Arm Short (W/M) Square Spout Foam Flow with Flange,,756,
P.T.M.T. SYMET,1322-RW,Ovian Wine  Sink Cock Swing Arm Short (W/M) Square Spout Foam Flow with Flange,,756,
P.T.M.T. SYMET,1322-RR,Ovian Royal  Sink Cock Swing Arm Short (W/M) Square Spout Foam Flow with Flange,,756,
P.T.M.T. SYMET,1322-RP,Ovian Peach  Sink Cock Swing Arm Short (W/M) Square Spout Foam Flow with Flange,,756,
P.T.M.T. SYMET,1322-LR,Lagoona Royal  Sink Cock Swing Arm Short (W/M) Square Spout Foam Flow with Flange,,756,
P.T.M.T. SYMET,134-LR,Lagoona Royal  Sink Mixer Foam Flow with Flange,,1726,
P.T.M.T. SYMET,135-LR,Lagoona Royal  Wall Mixer Foam Flow with Flange,,1666,
P.T.M.T. SYMET,150-LR,Lagoona Royal  Center Hole Basin Mixer Foam Flow,,1646,
P.T.M.T. SYMET,1322-LG,Lagoona Gold  Sink Cock Swing Arm Short (W/M) Square Spout Foam Flow with Flange,,756,
P.T.M.T. SYMET,134-LG,Lagoona Gold  Sink Mixer Foam Flow with Flange,,1726,
P.T.M.T. SYMET,135-LG,Lagoona Gold  Wall Mixer Foam Flow with Flange,,1666,
P.T.M.T. SYMET,150-LG,Lagoona Gold  Center Hole Basin Mixer Foam Flow,,1646,
P.T.M.T. SYMET,1322-LW,Lagoona Wine  Sink Cock Swing Arm Short (W/M) Square Spout Foam Flow with Flange,,756,
P.T.M.T. SYMET,134-LW,Lagoona Wine  Sink Mixer Foam Flow with Flange,,1726,
P.T.M.T. SYMET,135-LW,Lagoona Wine  Wall Mixer Foam Flow with Flange,,1666,
P.T.M.T. SYMET,150-LW,Lagoona Wine  Center Hole Basin Mixer Foam Flow,,1646,
P.T.M.T. SYMET,1322-LP,Lagoona Peach  Sink Cock Swing Arm Short (W/M) Square Spout Foam Flow with Flange,,756,
P.T.M.T. SYMET,134-LP,Lagoona Peach  Sink Mixer Foam Flow with Flange,,1726,
P.T.M.T. SYMET,135-LP,Lagoona Peach  Wall Mixer Foam Flow with Flange,,1666,
P.T.M.T. SYMET,150-LP,Lagoona Peach  Center Hole Basin Mixer Foam Flow,,1646,
P.T.M.T. SYMET,124-DW,Delta Wine  Bib Cock Long Body 15mm (Foam Flow) with Flange,,606,
P.T.M.T. SYMET,127-DW,Delta Wine  Bib Cock Nozzle with Flange,,516,
P.T.M.T. SYMET,124-DG,Delta Gold  Bib Cock Long Body 15mm (Foam Flow) with Flange,,606,
P.T.M.T. SYMET,127-DG,Delta Gold  Bib Cock Nozzle with Flange,,516,
P.T.M.T. SYMET,124-DR,Delta Royal  Bib Cock Long Body 15mm (Foam Flow) with Flange,,606,
P.T.M.T. SYMET,127-DR,Delta Royal  Bib Cock Nozzle with Flange,,516,
P.T.M.T. SYMET,124-DP,Delta Peach  Bib Cock Long Body 15mm (Foam Flow) with Flange,,606,
P.T.M.T. SYMET,127-DP,Delta Peach  Bib Cock Nozzle with Flange,,516,
P.T.M.T. SYMET,123-DB,Delta Black  Bib Cock Fancy 15mm Foam Flow With Flange,,494,
P.T.M.T. SYMET,124-DB,Delta Black  Bib Cock Long Body 15mm (Foam Flow) with Flange,,606,
P.T.M.T. SYMET,127-DB,Delta Black  Bib Cock Nozzle with Flange,,516,
P.T.M.T. SYMET,129-DB,Delta Black  2 Way Bib Cock Foam Flow with Flange,,930,
P.T.M.T. SYMET,130-DB,Delta Black  Pillar Cock Foam Flow with Flange,,666,
P.T.M.T. SYMET,132-DB,Delta Black  Sink Cock (W/M) Foam Flow with Flange,,998,
P.T.M.T. SYMET,1322-DB,Delta Black  Sink Cock Swing Arm Short (W/M) Square Spout Foam Flow with Flange,,952,
P.T.M.T. SYMET,133-DB,Delta Black  Sink Cock Swan Neck (T/M) Foam Flow With Flange,,998,
P.T.M.T. SYMET,134-DB,Delta Black  Sink Mixer Foam Flow with Flange,,1998,
P.T.M.T. SYMET,135-DB,Delta Black  Wall Mixer Foam Flow with Flange,,1998,
P.T.M.T. SYMET,1375-DB,Delta Black  Wall Mixer Foam Flow L Bend,,2454,
P.T.M.T. SYMET,144-DB,Delta Black  Angle Cock with Flange,,474,
P.T.M.T. SYMET,145-DB,Delta Black  2 Way Angle Cock with Flange,,864,
P.T.M.T. SYMET,147-DB,Delta Black  Pillar Cock Swan Neck (W/M) Square Spout Foam Flow with Flange,,842,
P.T.M.T. SYMET,150-DB,Delta Black  Center Hole Basin Mixer Foam Flow,,2398,
P.T.M.T. SYMET,1322-IR,Ibix Royal  Sink Cock Swing Arm Short (W/M) Square Spout Foam Flow with Flange,,968,
P.T.M.T. SYMET,1322-IG,Ibix Gold  Sink Cock Swing Arm Short (W/M) Square Spout Foam Flow with Flange,,968,
P.T.M.T. SYMET,1322-IW,Ibix Wine  Sink Cock Swing Arm Short (W/M) Square Spout Foam Flow with Flange,,968,
P.T.M.T. SYMET,1322-IP,Ibix Peach  Sink Cock Swing Arm Short (W/M) Square Spout Foam Flow with Flange,,968,
P.T.M.T. SYMET,CWP-01,Waste Pipes  Corrugated Waste Pipe Roll 32mm x 30 Mtr (Standard),,602,
P.T.M.T. SYMET,CWP-02,Waste Pipes  Corrugated Waste Pipe Roll 32mm x 30 Mtr (Heavy),,844,
P.T.M.T. SYMET,3727,"Collapsible Waste Pipe  P.V.C. Flexible 2 in 1 Double Waste Pipe 1-1/4"" for Kitchen Sink",,202,
P.T.M.T. SYMET,228-QT,Bib Cock Long Body T-Handle with Flange,,182,
P.T.M.T. SYMET,228-Q,Bib Cock Long Body T-Handle without Flange,,174,
P.T.M.T. SYMET,U23-L,"Ball Valve Long Lever Handle ( SCH 80 ) 25MM 1""",,224,
P.T.M.T. SYMET,123-LS,"Erosa Bib Cock Fancy 15mm with Flange .
White Colour",,264,
P.T.M.T. SYMET,123-LSF,"Erosa Bib Cock Fancy 15mm (Foam Flow) with Flange .
White Colour",,274,
P.T.M.T. SYMET,123-LSN,"Erosa Bib Cock Fancy 15mm with New Flange & Nipple .
White Colour",,314,
P.T.M.T. SYMET,124-LS,"Erosa Bib Cock Long Body 15mm (Erosa) with Flange .
White Colour",,304,
P.T.M.T. SYMET,124-LSF,"Erosa Bib Cock Long Body 15mm (Foam Flow) with Flange .
White Colour",,314,
P.T.M.T. SYMET,127-LS,"Erosa Bib Cock 15mm Nozzle With Flange .
White Colour",,264,
P.T.M.T. SYMET,129-LS,"Erosa 2 Way Bib Cock 15mm (Foam Flow) with Flange .
White Colour",,526,
P.T.M.T. SYMET,130-LS,"Erosa Pillar Cock 15mm (Erosa) with Flange .
White Colour",,332,
P.T.M.T. SYMET,131-LS,"Erosa Pillar Cock 15mm (Erosa) (Foam Flow) with Flange .
White Colour",,368,
P.T.M.T. SYMET,132-LS,"Erosa Sink Cock (Swing Arm) W/M Foam Flow with Flange .
White Colour",,706,
P.T.M.T. SYMET,132-LST,"Erosa Sink Cock Swan Neck Small Spout Foam Flow with Flange .
White Colour",,626,
P.T.M.T. SYMET,133-LS,"Erosa Sink Cock (Swing Arm) T/M Foam Flow with Flange .
White Colour",,712,
P.T.M.T. SYMET,134-LS,"Erosa Sink Mixer (Foam Flow) with Flange .
White Colour",,1262,
P.T.M.T. SYMET,1375-LS,"Erosa Wall Mixer L Bend Foam Flow With Flange .
White Colour",,1688,
P.T.M.T. SYMET,141-LS,"Erosa Stop Cock 15mm (M/T) Erosa .
White Colour",,234,
P.T.M.T. SYMET,142-LS,"Erosa Stop Cock 15mm (F/T) Erosa .
White Colour",,234,
P.T.M.T. SYMET,143-LS,"Erosa Stop Cock 20mm (F/T) Erosa .
White Colour",,244,
P.T.M.T. SYMET,144-LS,"Erosa Angle Cock 15mm (Erosa) with Flange .
White Colour",,222,
P.T.M.T. SYMET,145-LS,"Erosa 2 Way Angle Cock with Flange .
White Colour",,492,
P.T.M.T. SYMET,146-LS,"Erosa 15mm Concealed Stop Cock .
White Colour",,376,
P.T.M.T. SYMET,148-LS,"Erosa 20mm Concealed Stop Cock .
White Colour",,386,
P.T.M.T. SYMET,147-LS,"Erosa Pillar Cock Swan Neck Foam Flow with Flange .
White Colour",,646,
P.T.M.T. SYMET,147-LSQ,"Erosa Pillar Cock Swan Neck Square Spout Foam Flow with Flange .
White Colour",,688,
P.T.M.T. SYMET,149-LS,"Erosa Washing Machine Tap with Flange .
White Colour",,402,
P.T.M.T. SYMET,150-LS,"Erosa Center Hole Basin Mixer Foam Flow .
White Colour",,1502,
P.T.M.T. SYMET,123-LSB,"Erosa Bib Cock Fancy 15mm with Flange 
Blue Colour",,280,
P.T.M.T. SYMET,123-LSFB,"Erosa Bib Cock Fancy 15mm (Foam Flow) with Flange 
Blue Colour",,290,
P.T.M.T. SYMET,123-LSNB,"Erosa Bib Cock Fancy 15mm with New Flange & Nipple 
Blue Colour",,334,
P.T.M.T. SYMET,124-LSB,"Erosa Bib Cock Long Body 15mm (Erosa) with Flange 
Blue Colour",,322,
P.T.M.T. SYMET,124-LSFB,"Erosa Bib Cock Long Body 15mm (Foam Flow) with Flange 
Blue Colour",,334,
P.T.M.T. SYMET,127-LSB,"Erosa Bib Cock 15mm Nozzle With Flange 
Blue Colour",,280,
P.T.M.T. SYMET,129-LSB,"Erosa 2 Way Bib Cock 15mm (Foam Flow) with Flange 
Blue Colour",,558,
P.T.M.T. SYMET,130-LSB,"Erosa Pillar Cock 15mm (Erosa) with Flange 
Blue Colour",,352,
P.T.M.T. SYMET,131-LSB,"Erosa Pillar Cock 15mm (Erosa) (Foam Flow) with Flange 
Blue Colour",,390,
P.T.M.T. SYMET,132-LSB,"Erosa Sink Cock (Swing Arm) W/M Foam Flow with Flange 
Blue Colour",,748,
P.T.M.T. SYMET,132-LSTB,"Erosa Sink Cock Swan Neck Small Spout Foam Flow with Flange 
Blue Colour",,664,
P.T.M.T. SYMET,133-LSB,"Erosa Sink Cock (Swing Arm) T/M Foam Flow with Flange 
Blue Colour",,756,
P.T.M.T. SYMET,134-LSB,"Erosa Sink Mixer (Foam Flow) with Flange 
Blue Colour",,1338,
P.T.M.T. SYMET,1375-LSB,"Erosa Wall Mixer L Bend Foam Flow With Flange 
Blue Colour",,1790,
P.T.M.T. SYMET,141-LSB,"Erosa Stop Cock 15mm (M/T) Erosa 
Blue Colour",,248,
P.T.M.T. SYMET,142-LSB,"Erosa Stop Cock 15mm (F/T) Erosa 
Blue Colour",,248,
P.T.M.T. SYMET,143-LSB,"Erosa Stop Cock 20mm (F/T) Erosa 
Blue Colour",,260,
P.T.M.T. SYMET,144-LSB,"Erosa Angle Cock 15mm (Erosa) with Flange 
Blue Colour",,236,
P.T.M.T. SYMET,145-LSB,"Erosa 2 Way Angle Cock with Flange 
Blue Colour",,522,
P.T.M.T. SYMET,146-LSB,"Erosa 15mm Concealed Stop Cock 
Blue Colour",,398,
P.T.M.T. SYMET,148-LSB,"Erosa 20mm Concealed Stop Cock 
Blue Colour",,410,
P.T.M.T. SYMET,147-LSB,"Erosa Pillar Cock Swan Neck Foam Flow with Flange 
Blue Colour",,686,
P.T.M.T. SYMET,147-LSQB,"Erosa Pillar Cock Swan Neck Square Spout Foam Flow with Flange 
Blue Colour",,730,
P.T.M.T. SYMET,149-LSB,"Erosa Washing Machine Tap with Flange 
Blue Colour",,426,
P.T.M.T. SYMET,150-LSB,"Erosa Center Hole Basin Mixer Foam Flow 
Blue Colour",,1592,
P.T.M.T. SYMET,123-LSG,"Erosa Bib Cock Fancy 15mm with Flange 
Gold Colour",,280,
P.T.M.T. SYMET,123-LSFG,"Erosa Bib Cock Fancy 15mm (Foam Flow) with Flange 
Gold Colour",,290,
P.T.M.T. SYMET,123-LSNG,"Erosa Bib Cock Fancy 15mm with New Flange & Nipple 
Gold Colour",,334,
P.T.M.T. SYMET,124-LSG,"Erosa Bib Cock Long Body 15mm (Erosa) with Flange 
Gold Colour",,322,
P.T.M.T. SYMET,124-LSFG,"Erosa Bib Cock Long Body 15mm (Foam Flow) with Flange 
Gold Colour",,334,
P.T.M.T. SYMET,127-LSG,"Erosa Bib Cock 15mm Nozzle With Flange 
Gold Colour",,280,
P.T.M.T. SYMET,129-LSG,"Erosa 2 Way Bib Cock 15mm (Foam Flow) with Flange 
Gold Colour",,558,
P.T.M.T. SYMET,130-LSG,"Erosa Pillar Cock 15mm (Erosa) with Flange 
Gold Colour",,352,
P.T.M.T. SYMET,131-LSG,"Erosa Pillar Cock 15mm (Erosa) (Foam Flow) with Flange 
Gold Colour",,390,
P.T.M.T. SYMET,132-LSG,"Erosa Sink Cock (Swing Arm) W/M Foam Flow with Flange 
Gold Colour",,748,
P.T.M.T. SYMET,132-LSTG,"Erosa Sink Cock Swan Neck Small Spout Foam Flow with Flange 
Gold Colour",,664,
P.T.M.T. SYMET,133-LSG,"Erosa Sink Cock (Swing Arm) T/M Foam Flow with Flange 
Gold Colour",,756,
P.T.M.T. SYMET,134-LSG,"Erosa Sink Mixer (Foam Flow) with Flange 
Gold Colour",,1338,
P.T.M.T. SYMET,1375-LSG,"Erosa Wall Mixer L Bend Foam Flow With Flange 
Gold Colour",,1790,
P.T.M.T. SYMET,141-LSG,"Erosa Stop Cock 15mm (M/T) Erosa 
Gold Colour",,248,
P.T.M.T. SYMET,142-LSG,"Erosa Stop Cock 15mm (F/T) Erosa 
Gold Colour",,248,
P.T.M.T. SYMET,143-LSG,"Erosa Stop Cock 20mm (F/T) Erosa 
Gold Colour",,260,
P.T.M.T. SYMET,144-LSG,"Erosa Angle Cock 15mm (Erosa) with Flange 
Gold Colour",,236,
P.T.M.T. SYMET,145-LSG,"Erosa 2 Way Angle Cock with Flange 
Gold Colour",,522,
P.T.M.T. SYMET,146-LSG,"Erosa 15mm Concealed Stop Cock 
Gold Colour",,398,
P.T.M.T. SYMET,148-LSG,"Erosa 20mm Concealed Stop Cock 
Gold Colour",,410,
P.T.M.T. SYMET,147-LSG,"Erosa Pillar Cock Swan Neck Foam Flow with Flange 
Gold Colour",,686,
P.T.M.T. SYMET,147-LSQG,"Erosa Pillar Cock Swan Neck Square Spout Foam Flow with Flange 
Gold Colour",,730,
P.T.M.T. SYMET,149-LSG,"Erosa Washing Machine Tap with Flange 
Gold Colour",,426,
P.T.M.T. SYMET,150-LSG,"Erosa Center Hole Basin Mixer Foam Flow 
Gold Colour",,1592,
P.T.M.T. SYMET,121-FB,Erosa Bib Cock 15mm with Flange Blue Colour,,260,
P.T.M.T. SYMET,121-FG,Erosa Bib Cock 15mm with Flange Gold Colour,,260,
P.T.M.T. SYMET,1180,SHOWERS & ACCESSORIES Over head Shower Round(5 inch) without Arm,,388,
P.T.M.T. SYMET,1178,SHOWERS & ACCESSORIES Over head Shower Square (5inch) without Arm,,418,
P.T.M.T. SYMET,1374-N,Novo 2 in 1 Telephonic Wall Mixer with Crutch & Hand Shower with 1.5 Mtr Tube,,2092,
P.T.M.T. SYMET,1374-U,Ultra 2 in 1 Telephonic Wall Mixer with Crutch & Hand Shower with 1.5 Mtr Tube,,2286,
P.T.M.T. SYMET,131-Q,"Quadra Pillar Cock 12"" Tall Height with Flange",,756,
P.T.M.T. SYMET,1374-Q,Quadra 2 in 1 Telephonic Wall Mixer with Crutch & Hand Shower with 1.5 Mtr Tube,,2234,
P.T.M.T. SYMET,1374-R,Ovian 2 in 1 Telephonic Wall Mixer with Crutch & Hand Shower with 1.5 Mtr Tube,,2184,
P.T.M.T. SYMET,1374-L,Lagoona 2 in 1 Telephonic Wall Mixer with Crutch & Hand Shower with 1.5 Mtr Tube,,2224,
P.T.M.T. SYMET,121-AF,Sapphire Bib Cock 15mm (Foam Flow) with Flange,,246,
P.T.M.T. SYMET,1374-A,Sapphire 2 in 1 Telephonic Wall Mixer with Crutch & Hand Shower with 1.5 Mtr Tube,,1934,
P.T.M.T. SYMET,121-ABF,Black Sapphire Bib Cock 15mm (Foam Flow) with Flange,,254,
P.T.M.T. SYMET,1374-AB,Black Sapphire 2 in 1 Telephonic Wall Mixer with Crutch & Hand Shower with 1.5 Mtr Tube,,1982,
P.T.M.T. SYMET,121-OF,Standard (Old Handle) Bib Cock 15mm (Foam Flow) with Flange,,232,
P.T.M.T. SYMET,1374-O,Standard (Old Handle) 2 in 1 Telephonic Wall Mixer with Crutch & Hand Shower with 1.5 Mtr Tube,,1928,
P.T.M.T. SYMET,121-OSF,Standard (New Handle) Bib Cock 15mm (Foam Flow) with Flange,,232,
P.T.M.T. SYMET,1374-S,Standard (New Handle) 2 in 1 Telephonic Wall Mixer with Crutch & Hand Shower with 1.5 Mtr Tube,,1928,
P.T.M.T. SYMET,121-KF,Crystal Bib Cock 15mm (Foam Flow) with Flange,,256,
P.T.M.T. SYMET,1374-K,Crystal 2 in 1 Telephonic Wall Mixer with Crutch & Hand Shower with 1.5 Mtr Tube,,1998,
P.T.M.T. SYMET,121-CF,Cobra Bib Cock 15mm (Foam Flow) with Flange,,256,
P.T.M.T. SYMET,1374-C,Cobra 2 in 1 Telephonic Wall Mixer with Crutch & Hand Shower with 1.5 Mtr Tube,,1998,
P.T.M.T. SYMET,121-PF,Diamond Bib Cock 15mm (Foam Flow) with Flange,,232,
P.T.M.T. SYMET,1374-SP,Diamond 2 in 1 Telephonic Wall Mixer with Crutch & Hand Shower with 1.5 Mtr Tube,,1928,
P.T.M.T. SYMET,121-HF,Helix Bib Cock 15mm (Foam Flow) with Flange,,256,
P.T.M.T. SYMET,1374-H,Helix 2 in 1 Telephonic Wall Mixer with Crutch & Hand Shower with 1.5 Mtr Tube,,1998,
P.T.M.T. SYMET,121-LSF,Erosa Bib Cock 15mm (Foam Flow) with Flange,,256,
P.T.M.T. SYMET,1374-LS,Erosa 2 in 1 Telephonic Wall Mixer with Crutch & Hand Shower with 1.5 Mtr Tube,,1994,
P.T.M.T. SYMET,P-121,Luxor Metallic ABS Bib Cock 15mm with Flange,,122,
P.T.M.T. SYMET,P-124,Luxor Metallic ABS Long Body 15mm with Flange,,142,
P.T.M.T. SYMET,P-144,Luxor Metallic ABS Angle Cock 15mm with Flange,,122,
P.T.M.T. SYMET,PS-121,Glory Metallic ABS Bib Cock 15mm with Flange,,132,
P.T.M.T. SYMET,PS-124,Glory Metallic ABS Long Body 15mm with Flange,,158,
P.T.M.T. SYMET,PS-144,Glory Metallic ABS Angle Cock 15mm with Flange,,132,
P.T.M.T. SYMET,136-L,Push Cock Lift Cock 15mm,,96,
P.T.M.T. SYMET,131-D,"Delta Pillar Cock 12"" Tall Height with Flange",,734,
P.T.M.T. SYMET,1374-D,Delta 2 in 1 Telephonic Wall Mixer with Crutch & Hand Shower with 1.5 Mtr Tube,,2622,
P.T.M.T. SYMET,1374-I,Ibix 2 in 1 Telephonic Wall Mixer with Crutch & Hand Shower with 1.5 Mtr Tube,,2598,
P.T.M.T. SYMET,121-VF,Vitro Bib Cock 15mm (Foam Flow) with Flange,,254,
P.T.M.T. SYMET,121-SF,Flora Bib Cock 15mm (Foam Flow) with Flange,,238,
P.T.M.T. SYMET,1374-SF,Flora 2 in 1 Telephonic Wall Mixer with Crutch & Hand Shower with 1.5 Mtr Tube,,1888,
P.T.M.T. SYMET,121-ASF,Astra Bib Cock 15mm (Foam Flow) with Flange,,238,
P.T.M.T. SYMET,1374-ASF,Astra 2 in 1 Telephonic Wall Mixer with Crutch & Hand Shower with 1.5 Mtr Tube,,1888,
P.T.M.T. SYMET,121-APF,Apex Bib Cock 15mm (Foam Flow) with Flange,,238,
P.T.M.T. SYMET,1374-APF,Apex 2 in 1 Telephonic Wall Mixer with Crutch & Hand Shower with 1.5 Mtr Tube,,1888,
P.T.M.T. SYMET,121-EBF,Ebon Bib Cock 15mm (Foam Flow) with Flange,,238,
P.T.M.T. SYMET,1374-EBF,Ebon 2 in 1 Telephonic Wall Mixer with Crutch & Hand Shower with 1.5 Mtr Tube,,1888,
P.T.M.T. SYMET,121-BF,Black Pearl Bib Cock 15mm (Foam Flow) with Flange,,238,
P.T.M.T. SYMET,1374-B,Black Pearl 2 in 1 Telephonic Wall Mixer with Crutch & Hand Shower with 1.5 Mtr Tube,,1888,
P.T.M.T. SYMET,121-EF,Grand Bib Cock 15mm (Foam Flow) with Flange,,298,
P.T.M.T. SYMET,1374-E,Grand 2 in 1 Telephonic Wall Mixer with Crutch & Hand Shower with 1.5 Mtr Tube,,2234,
P.T.M.T. SYMET,1374,Roman 2 in 1 Telephonic Wall Mixer with Crutch & Hand Shower with 1.5 Mtr Tube,,2240,
P.T.M.T. SYMET,1179,"Showers Sets O.H. Shower Square (5"") with Arm & Flange (1178+1841)",,590,
P.T.M.T. SYMET,1181,"Showers Sets O.H. Shower Round (5"") with Arm & Flange (1180+184)",,534,
P.T.M.T. SYMET,550-F,Bathroom Mirror & Cabinet Bathroom Mirror Frame (400x500mm),,1920,
P.T.M.T. SYMET,1374-NR,Novo Royal 2 in 1 Telephonic Wall Mixer with Crutch & Hand Shower with 1.5 Mtr Tube,,2218,
P.T.M.T. SYMET,1374-NG,Novo Gold 2 in 1 Telephonic Wall Mixer with Crutch & Hand Shower with 1.5 Mtr Tube,,2218,
P.T.M.T. SYMET,1374-NW,Novo Wine 2 in 1 Telephonic Wall Mixer with Crutch & Hand Shower with 1.5 Mtr Tube,,2218,
P.T.M.T. SYMET,1374-NP,Novo Peach 2 in 1 Telephonic Wall Mixer with Crutch & Hand Shower with 1.5 Mtr Tube,,2218,
P.T.M.T. SYMET,1374-NB,Novo Dark Blue 2 in 1 Telephonic Wall Mixer with Crutch & Hand Shower with 1.5 Mtr Tube,,2218,
P.T.M.T. SYMET,1374-NBB,Novo Black 2 in 1 Telephonic Wall Mixer with Crutch & Hand Shower with 1.5 Mtr Tube,,2218,
P.T.M.T. SYMET,1374-UW,Ultra Wine 2 in 1 Telephonic Wall Mixer with Crutch & Hand Shower with 1.5 Mtr Tube,,2424,
P.T.M.T. SYMET,1374-UG,Ultra Gold 2 in 1 Telephonic Wall Mixer with Crutch & Hand Shower with 1.5 Mtr Tube,,2424,
P.T.M.T. SYMET,1374-UR,Ultra Royal 2 in 1 Telephonic Wall Mixer with Crutch & Hand Shower with 1.5 Mtr Tube,,2424,
P.T.M.T. SYMET,1374-UP,Ultra Peach 2 in 1 Telephonic Wall Mixer with Crutch & Hand Shower with 1.5 Mtr Tube,,2424,
P.T.M.T. SYMET,1374-UB,Ultra Black 2 in 1 Telephonic Wall Mixer with Crutch & Hand Shower with 1.5 Mtr Tube,,2424,
P.T.M.T. SYMET,131-QR,"Quadra Royal Pillar Cock 12"" Tall Height with Flange",,798,
P.T.M.T. SYMET,1374-QR,Quadra Royal 2 in 1 Telephonic Wall Mixer with Crutch & Hand Shower with 1.5 Mtr Tube,,2368,
P.T.M.T. SYMET,131-QP,"Quadra Peach Pillar Cock 12"" Tall Height with Flange",,798,
P.T.M.T. SYMET,1374-QP,Quadra Peach 2 in 1 Telephonic Wall Mixer with Crutch & Hand Shower with 1.5 Mtr Tube,,2368,
P.T.M.T. SYMET,131-QG,"Quadra Gold Pillar Cock 12"" Tall Height with Flange",,798,
P.T.M.T. SYMET,1374-QG,Quadra Gold 2 in 1 Telephonic Wall Mixer with Crutch & Hand Shower with 1.5 Mtr Tube,,2368,
P.T.M.T. SYMET,131-QW,"Quadra Wine Pillar Cock 12"" Tall Height with Flange",,798,
P.T.M.T. SYMET,1374-QW,Quadra Wine 2 in 1 Telephonic Wall Mixer with Crutch & Hand Shower with 1.5 Mtr Tube,,2368,
P.T.M.T. SYMET,131-QB,"Quadra Black Pillar Cock 12"" Tall Height with Flange",,798,
P.T.M.T. SYMET,1374-QB,Quadra Black 2 in 1 Telephonic Wall Mixer with Crutch & Hand Shower with 1.5 Mtr Tube,,2368,
P.T.M.T. SYMET,131-QAB,"Quadra Dark Blue Pillar Cock 12"" Tall Height with Flange",,798,
P.T.M.T. SYMET,1374-QAB,Quadra Dark Blue 2 in 1 Telephonic Wall Mixer with Crutch & Hand Shower with 1.5 Mtr Tube,,2368,
P.T.M.T. SYMET,1374-RG,Ovian Gold 2 in 1 Telephonic Wall Mixer with Crutch & Hand Shower with 1.5 Mtr Tube,,2316,
P.T.M.T. SYMET,1374-RW,Ovian Wine 2 in 1 Telephonic Wall Mixer with Crutch & Hand Shower with 1.5 Mtr Tube,,2316,
P.T.M.T. SYMET,1374-RR,Ovian Royal 2 in 1 Telephonic Wall Mixer with Crutch & Hand Shower with 1.5 Mtr Tube,,2316,
P.T.M.T. SYMET,1374-RP,Ovian Peach 2 in 1 Telephonic Wall Mixer with Crutch & Hand Shower with 1.5 Mtr Tube,,2316,
P.T.M.T. SYMET,1374-LR,Lagoona Royal 2 in 1 Telephonic Wall Mixer with Crutch & Hand Shower with 1.5 Mtr Tube,,2358,
P.T.M.T. SYMET,1374-LG,Lagoona Gold 2 in 1 Telephonic Wall Mixer with Crutch & Hand Shower with 1.5 Mtr Tube,,2358,
P.T.M.T. SYMET,1374-LW,Lagoona Wine 2 in 1 Telephonic Wall Mixer with Crutch & Hand Shower with 1.5 Mtr Tube,,2358,
P.T.M.T. SYMET,1374-LP,Lagoona Peach 2 in 1 Telephonic Wall Mixer with Crutch & Hand Shower with 1.5 Mtr Tube,,2358,
P.T.M.T. SYMET,121-FHW,Helix Wine Bib Cock 15mm (Foam Flow) with Flange,,272,
P.T.M.T. SYMET,1374-HW,Helix Wine 2 in 1 Telephonic Wall Mixer with Crutch & Hand Shower with 1.5 Mtr Tube,,2118,
P.T.M.T. SYMET,121-FHG,Helix Gold Bib Cock 15mm (Foam Flow) with Flange,,272,
P.T.M.T. SYMET,1374-HG,Helix Gold 2 in 1 Telephonic Wall Mixer with Crutch & Hand Shower with 1.5 Mtr Tube,,2118,
P.T.M.T. SYMET,121-FHR,Helix Royal Bib Cock 15mm (Foam Flow) with Flange,,272,
P.T.M.T. SYMET,1374-HR,Helix Royal 2 in 1 Telephonic Wall Mixer with Crutch & Hand Shower with 1.5 Mtr Tube,,2118,
P.T.M.T. SYMET,121-FHP,Helix Peach Bib Cock 15mm (Foam Flow) with Flange,,272,
P.T.M.T. SYMET,1374-HP,Helix Peach 2 in 1 Telephonic Wall Mixer with Crutch & Hand Shower with 1.5 Mtr Tube,,2118,
P.T.M.T. SYMET,121-LSFG,Erosa Gold Bib Cock 15mm (Foam Flow) with Flange,,272,
P.T.M.T. SYMET,1374-LSG,Erosa Gold 2 in 1 Telephonic Wall Mixer with Crutch & Hand Shower with 1.5 Mtr Tube,,2114,
P.T.M.T. SYMET,121-LSFB,Erosa Blue Bib Cock 15mm (Foam Flow) with Flange,,272,
P.T.M.T. SYMET,1374-LSB,Erosa Blue 2 in 1 Telephonic Wall Mixer with Crutch & Hand Shower with 1.5 Mtr Tube,,2114,
P.T.M.T. SYMET,131-DW,"Delta Wine Pillar Cock 12"" Tall Height with Flange",,778,
P.T.M.T. SYMET,1374-DW,Delta Wine 2 in 1 Telephonic Wall Mixer with Crutch & Hand Shower with 1.5 Mtr Tube,,2778,
P.T.M.T. SYMET,131-DG,"Delta Gold Pillar Cock 12"" Tall Height with Flange",,778,
P.T.M.T. SYMET,1374-DG,Delta Gold 2 in 1 Telephonic Wall Mixer with Crutch & Hand Shower with 1.5 Mtr Tube,,2778,
P.T.M.T. SYMET,131-DR,"Delta Royal Pillar Cock 12"" Tall Height with Flange",,778,
P.T.M.T. SYMET,1374-DR,Delta Royal 2 in 1 Telephonic Wall Mixer with Crutch & Hand Shower with 1.5 Mtr Tube,,2778,
P.T.M.T. SYMET,131-DP,"Delta Peach Pillar Cock 12"" Tall Height with Flange",,778,
P.T.M.T. SYMET,1374-DP,Delta Peach 2 in 1 Telephonic Wall Mixer with Crutch & Hand Shower with 1.5 Mtr Tube,,2778,
P.T.M.T. SYMET,131-DB,"Delta Black Pillar Cock 12"" Tall Height with Flange",,778,
P.T.M.T. SYMET,1374-DB,Delta Black 2 in 1 Telephonic Wall Mixer with Crutch & Hand Shower with 1.5 Mtr Tube,,2778,
P.T.M.T. SYMET,1374-IR,Ibix Royal 2 in 1 Telephonic Wall Mixer with Crutch & Hand Shower with 1.5 Mtr Tube,,2754,
P.T.M.T. SYMET,1374-IG,Ibix Gold 2 in 1 Telephonic Wall Mixer with Crutch & Hand Shower with 1.5 Mtr Tube,,2754,
P.T.M.T. SYMET,1374-IW,Ibix Wine 2 in 1 Telephonic Wall Mixer with Crutch & Hand Shower with 1.5 Mtr Tube,,2754,
P.T.M.T. SYMET,1374-IP,Ibix Peach 2 in 1 Telephonic Wall Mixer with Crutch & Hand Shower with 1.5 Mtr Tube,,2754,
P.T.M.T. SYMET,121-VFG,Vitro Gold Bib Cock 15mm (Foam Flow) with Flange,,280,
P.T.M.T. SYMET,121-VFW,Vitro Wine Bib Cock 15mm (Foam Flow) with Flange,,280,
P.T.M.T. SYMET,121-VFR,Vitro Royal Bib Cock 15mm (Foam Flow) with Flange,,280,
P.T.M.T. SYMET,121-VFP,Vitro Peach Bib Cock 15mm (Foam Flow) with Flange,,280,
P.T.M.T. SYMET,121-SFR,Flora Royal Bib Cock 15mm (Foam Flow) with Flange,,252,
P.T.M.T. SYMET,1374-SFR,Flora Royal 2 in 1 Telephonic Wall Mixer with Crutch & Hand Shower with 1.5 Mtr Tube,,1998,
P.T.M.T. SYMET,121-SFW,Flora Wine Bib Cock 15mm (Foam Flow) with Flange,,252,
P.T.M.T. SYMET,1374-SFW,Flora Wine 2 in 1 Telephonic Wall Mixer with Crutch & Hand Shower with 1.5 Mtr Tube,,1998,
P.T.M.T. SYMET,121-SFG,Flora Gold Bib Cock 15mm (Foam Flow) with Flange,,252,
P.T.M.T. SYMET,1374-SFG,Flora Gold 2 in 1 Telephonic Wall Mixer with Crutch & Hand Shower with 1.5 Mtr Tube,,1998,
P.T.M.T. SYMET,121-SFP,Flora Peach Bib Cock 15mm (Foam Flow) with Flange,,252,
P.T.M.T. SYMET,1374-SFP,Flora Peach 2 in 1 Telephonic Wall Mixer with Crutch & Hand Shower with 1.5 Mtr Tube,,1998,
P.T.M.T. SYMET,1821-CR,Shower Sets Royal O.H. Shower Square 150x150mm (6x6 inch) + Shower Arm 300mm Square (1821+1842),,756,
P.T.M.T. SYMET,1821-CW,Shower Sets Wine O.H. Shower Square 150x150mm (6x6 inch) + Shower Arm 300mm Square (1821+1842),,756,
P.T.M.T. SYMET,1821-CP,Shower Sets Peach O.H. Shower Square 150x150mm (6x6 inch) + Shower Arm 300mm Square (1821+1842),,756,
P.T.M.T. SYMET,1821-CG,Shower Sets Gold O.H. Shower Square 150x150mm (6x6 inch) + Shower Arm 300mm Square (1821+1842),,756,
P.T.M.T. SYMET,228-QS,Special Cock Bib Cock Long Body T-Handle with Flange,,202,
P.T.M.T. SYMET,228-QW,Special Cock Bib Cock Long Body T-Handle without Flange,,194,
P.T.M.T. SYMET,153-S,Ball Cock 25mm with 20mm Aluminium Rod and 15mm Ball (HDPE with Brass Nut),,668,
P.T.M.T. SYMET,121-FBB,NEW EROSA ? BLACK SERIES Bib Cock 15mm with Flange,,260,
P.T.M.T. SYMET,121-LSFBB,NEW EROSA ? BLACK SERIES Bib Cock 15mm (Foam Flow) with Flange,,272,
P.T.M.T. SYMET,123-LSBB,NEW EROSA ? BLACK SERIES Bib Cock Fancy 15mm with Flange,,280,
P.T.M.T. SYMET,123-LSFBB,NEW EROSA ? BLACK SERIES Bib Cock Fancy 15mm (Foam Flow) with Flange,,290,
P.T.M.T. SYMET,123-LSNBB,NEW EROSA ? BLACK SERIES Bib Cock Fancy 15mm with New Flange & Nipple,,334,
P.T.M.T. SYMET,124-LSBB,NEW EROSA ? BLACK SERIES Bib Cock Long Body 15mm with Flange,,322,
P.T.M.T. SYMET,124-LSFBB,NEW EROSA ? BLACK SERIES Bib Cock Long Body 15mm (Foam Flow) with Flange,,334,
P.T.M.T. SYMET,127-LSBB,NEW EROSA ? BLACK SERIES Bib Cock 15mm Nozzle With Flange,,280,
P.T.M.T. SYMET,129-LSBB,NEW EROSA ? BLACK SERIES 2 Way Bib Cock 15mm (Foam Flow) with Flange,,558,
P.T.M.T. SYMET,130-LSBB,NEW EROSA ? BLACK SERIES Pillar Cock 15mm with Flange,,352,
P.T.M.T. SYMET,131-LSBB,NEW EROSA ? BLACK SERIES Pillar Cock 15mm (Foam Flow) with Flange,,390,
P.T.M.T. SYMET,132-LSBB,NEW EROSA ? BLACK SERIES Sink Cock (Swing Arm) W/M (Foam Flow) with Flange,,748,
P.T.M.T. SYMET,132-LSTBB,NEW EROSA ? BLACK SERIES Sink Cock Swan Neck Small Spout (Foam Flow) with Flange,,664,
P.T.M.T. SYMET,133-LSBB,NEW EROSA ? BLACK SERIES Sink Cock (Swing Arm) T/M (Foam Flow) with Flange,,756,
P.T.M.T. SYMET,134-LSBB,NEW EROSA ? BLACK SERIES Sink Mixer (Foam Flow) with Flange,,1338,
P.T.M.T. SYMET,1374-LSBB,NEW EROSA ? BLACK SERIES 2 in 1 Telephonic Wall Mixer with Crutch & Hand Shower with 1.5 Mtr Tube,,2114,
P.T.M.T. SYMET,1375-LSBB,NEW EROSA ? BLACK SERIES Wall Mixer L Bend (Foam Flow) With Flange,,1790,
P.T.M.T. SYMET,141-LSBB,NEW EROSA ? BLACK SERIES Stop Cock 15mm (M/T),,248,
P.T.M.T. SYMET,142-LSBB,NEW EROSA ? BLACK SERIES Stop Cock 15mm (F/T),,248,
P.T.M.T. SYMET,143-LSBB,NEW EROSA ? BLACK SERIES Stop Cock 20mm (F/T),,260,
P.T.M.T. SYMET,144-LSBB,NEW EROSA ? BLACK SERIES Angle Cock 15mm with Flange,,236,
P.T.M.T. SYMET,145-LSBB,NEW EROSA ? BLACK SERIES 2 Way Angle Cock with Flange,,522,
P.T.M.T. SYMET,146-LSBB,NEW EROSA ? BLACK SERIES 15mm Concealed Stop Cock,,398,
P.T.M.T. SYMET,148-LSBB,NEW EROSA ? BLACK SERIES 20mm Concealed Stop Cock,,410,
P.T.M.T. SYMET,147-LSBB,NEW EROSA ? BLACK SERIES Pillar Cock Swan Neck (Foam Flow) with Flange,,686,
P.T.M.T. SYMET,147-LSQBB,NEW EROSA ? BLACK SERIES Pillar Cock Swan Neck Square Spout (Foam Flow) with Flange,,730,
P.T.M.T. SYMET,149-LSBB,NEW EROSA ? BLACK SERIES Washing Machine Tap with Flange,,426,
P.T.M.T. SYMET,150-LSBB,NEW EROSA ? BLACK SERIES Center Hole Basin Mixer (Foam Flow),,1592,
S.STEEL SINK,H852-DD,HAND MADE DOUBLE BOWL 17.5X51X10  445X535X254,,15720,
S.STEEL SINK,H852-D,HAND MADE DOUBLE BOWL  45X20X10  1143X510X254,,13350,
S.STEEL SINK,H843-DD,HAND MADE DOUBLE BOWL  17.5X21X10  445X535X254,,13350,
S.STEEL SINK,H843-D,HAND MADE DOUBLE BOWL  37X18X10  940X460X254,,11270,
S.STEEL SINK,H841-DD,HAND MADE SINGLE BOWL WITH DRAIN BOARD 17.5X21X10  445X535X254,,10960,
S.STEEL SINK,H841-D,HAND MADE SINGLE BOWL WITH DRAIN BOARD 37X18X10  940X460X254,,10030,
S.STEEL SINK,H821-DD,HAND MADE SINGLE BOWL  21.5X15.5X10  538X375X254,,7350,
S.STEEL SINK,H821-D,HAND MADE SINGLE BOWL 24X18X10  610X460X254,,6170,
S.STEEL SINK,H826-DD,HAND MADE SINGLE BOWL 18.5X15.5X9  472X387X229,,6430,
S.STEEL SINK,H826-D,HAND MADE SINGLE BOWL 21X18X9  530X460X229,,5440,
S.STEEL SINK,H817-DD,HAND MADE SINGLE BOWL 14X16X9  350X405X229,,6170,
S.STEEL SINK,H817-D,HAND MADE SINGLE BOWL 16X18X9  405X460X229,,5290,
S.STEEL SINK,825-DM,SOLO REGULAR SINGLE BOWL SQUARE RANGE 204 SUPER STEEL 0.85MM,,3670,
S.STEEL SINK,825-D,SOLO REGULAR SINGLE BOWL SQUARE RANGE 204 SUPER STEEL 0.85MM,,3670,
S.STEEL SINK,824SDM,SOLO REGULAR SINGLE BOWL SQUARE RANGE 204 SUPER STEEL 0.85MM,,3540,
S.STEEL SINK,824SD,SOLO REGULAR SINGLE BOWL SQUARE RANGE 204 SUPER STEEL 0.85MM,,3540,
S.STEEL SINK,824XDM,SOLO REGULAR SINGLE BOWL SQUARE RANGE 204 SUPER STEEL 0.85MM,,3340,
S.STEEL SINK,824XD,SOLO REGULAR SINGLE BOWL SQUARE RANGE 204 SUPER STEEL 0.85MM,,3340,
S.STEEL SINK,824-DM,SOLO REGULAR SINGLE BOWL SQUARE RANGE 204 SUPER STEEL 0.85MM,,3150,
S.STEEL SINK,824-D,SOLO REGULAR SINGLE BOWL SQUARE RANGE 204 SUPER STEEL 0.85MM,,3150,
S.STEEL SINK,823-DM,SOLO REGULAR SINGLE BOWL SQUARE RANGE 204 SUPER STEEL 0.85MM,,2970,
S.STEEL SINK,823-D,SOLO REGULAR SINGLE BOWL SQUARE RANGE 204 SUPER STEEL 0.85MM,,2970,
S.STEEL SINK,822-DM,SOLO REGULAR SINGLE BOWL SQUARE RANGE 204 SUPER STEEL 0.85MM,,2970,
S.STEEL SINK,822-D,SOLO REGULAR SINGLE BOWL SQUARE RANGE 204 SUPER STEEL 0.85MM,,2970,
S.STEEL SINK,820-DM,SOLO REGULAR SINGLE BOWL SQUARE RANGE 204 SUPER STEEL 0.85MM,,2810,
S.STEEL SINK,820-D,SOLO REGULAR SINGLE BOWL SQUARE RANGE 204 SUPER STEEL 0.85MM,,2810,
S.STEEL SINK,818-DM,SOLO REGULAR SINGLE BOWL SQUARE RANGE 204 SUPER STEEL 0.85MM,,2650,
S.STEEL SINK,818-D,SOLO REGULAR SINGLE BOWL SQUARE RANGE 204 SUPER STEEL 0.85MM,,2650,
S.STEEL SINK,816-DM,SOLO REGULAR SINGLE BOWL SQUARE RANGE 204 SUPER STEEL 0.85MM,,2490,
S.STEEL SINK,816-D,SOLO REGULAR SINGLE BOWL SQUARE RANGE 204 SUPER STEEL 0.85MM,,2490,
S.STEEL SINK,923DM,SOLO REGULAR SINGLE BOWL 0.85MM 17X15X8  430X380X203,,3950,
S.STEEL SINK,911-DM,"SOLO REGULAR SINGLE BOWL 405MM -(16"")",,3240,
S.STEEL SINK,911-D,SOLO REGULAR SINGLE BOWL 0.85MM 18X18X8  460X460X203,,3240,
S.STEEL SINK,1224DM,SOLO REGULAR SINGLE BOWL 1.00MM 22X16X8  560X405X203,,5420,
S.STEEL SINK,1223DM,SOLO REGULAR SINGLE BOWL 1.00MM 17X15X8  430X380X203,,5070,
S.STEEL SINK,1224D,SOLO REGULAR SINGLE BOWL 1.00MM 24X18X8  610X460X203,,5420,
S.STEEL SINK,1223D,SOLO REGULAR SINGLE BOWL 1.00MM 21X17X8  53X430X203,,5070,
S.STEEL SINK,950XDM,DUET REGULAR DOUBLE BOWL SOLITAIRE RANGE 304 SUPER STEEL 0.85MM (20*16*9) (510*405*229),,10990,
S.STEEL SINK,950DM,DUET REGULAR DOUBLE BOWL SOLITAIRE RANGE 304 SUPER STEEL 0.85MM (20*16*8) (510*405*203),,10280,
S.STEEL SINK,942DM,DUET REGULAR DOUBLE BOWL SOLITAIRE RANGE 304 SUPER STEEL 0.85MM (14*16*8) (354*405*203),,8640,
S.STEEL SINK,932DM,DUET REGULAR DOUBLE BOWL SOLITAIRE RANGE 304 SUPER STEEL 0.85MM (16*14*8) (405*354*203),,9190,
S.STEEL SINK,1250SDM,DUET REGULAR DOUBLE BOWL SOLITAIRE RANGE 304 SUPER STEEL 1.0MM (45*20*10) (1143*510*254),,13840,
S.STEEL SINK,1250XDM,DUET REGULAR DOUBLE BOWL SOLITAIRE RANGE 304 SUPER STEEL 1.0MM (45*20*9) (1143*510*229),,13640,
S.STEEL SINK,1250DM,DUET REGULAR DOUBLE BOWL SOLITAIRE RANGE 304 SUPER STEEL 1.0MM (45*20*8) (1143*510*206),,13370,
S.STEEL SINK,1242DM,DUET REGULAR DOUBLE BOWL SOLITAIRE RANGE 304 SUPER STEEL 1.0MM (37*18*8) (940*460*203),,10690,
S.STEEL SINK,1232DM,DUET REGULAR DOUBLE BOWL SOLITAIRE RANGE 304 SUPER STEEL 1.0MM (32*20*8) (810*510*203),,10790,
S.STEEL SINK,952DM,SOLO SINGLE BOWL WITH DRAIN BOARD BRONZE RANGE 304 SUPER STEEL 0.85MM (20*16*8) (510*405*203),,8410,
S.STEEL SINK,944DM,SOLO SINGLE BOWL WITH DRAIN BOARD BRONZE RANGE 304 SUPER STEEL 0.85MM (20*16*8) (510*405*203),,8730,
S.STEEL SINK,940DM,SOLO SINGLE BOWL WITH DRAIN BOARD BRONZE RANGE 304 SUPER STEEL 0.85MM (16*14*8) (405*354*203),,7150,
S.STEEL SINK,939DM,SOLO SINGLE BOWL WITH DRAIN BOARD BRONZE RANGE 304 SUPER STEEL 0.85MM (16*14*8) (405*354*203),,7070,
S.STEEL SINK,930DM,SOLO SINGLE BOWL WITH DRAIN BOARD BRONZE RANGE 304 SUPER STEEL 0.85MM (16*14*8) (405*354*203),,6890,
S.STEEL SINK,1252DM,SOLO SINGLE BOWL WITH DRAIN BOARD SOLITAIRE RANGE 304 SUPER STEEL 1.0MM (45*20*8) (1143*510*203),,10260,
S.STEEL SINK,1244DM,SOLO SINGLE BOWL WITH DRAIN BOARD SOLITAIRE RANGE 304 SUPER STEEL 1.0MM (41*20*8) (1040*510*203),,9930,
S.STEEL SINK,1240DM,SOLO SINGLE BOWL WITH DRAIN BOARD SOLITAIRE RANGE 304 SUPER STEEL 1.0MM (37*18*8) (940*460*203),,9110,
S.STEEL SINK,1239DM,SOLO SINGLE BOWL WITH DRAIN BOARD SOLITAIRE RANGE 304 SUPER STEEL 1.0MM (36*18*8) (914*460*203),,8990,
S.STEEL SINK,1230DM,SOLO SINGLE BOWL WITH DRAIN BOARD SOLITAIRE RANGE 304 SUPER STEEL 1.0MM (32*20*8) (810*510*203),,7990,
S.STEEL SINK,926-DM,SOLO REGULAR SINGLE BOWL BRONZE RANGE 304 SUPER STEEL 0.85MM (22*22*8) (560*560*203),,5090,
S.STEEL SINK,925-DM,SOLO REGULAR SINGLE BOWL BRONZE RANGE 304 SUPER STEEL 0.85MM (22*18*8) (560*405*203),,4630,
S.STEEL SINK,924SDM,SOLO REGULAR SINGLE BOWL BRONZE RANGE 304 SUPER STEEL 0.85MM (22*16*10) (560*405*254),,4630,
S.STEEL SINK,924XDM,SOLO REGULAR SINGLE BOWL BRONZE RANGE 304 SUPER STEEL 0.85MM (22*16*9) (560*405*229),,4450,
S.STEEL SINK,924-DM,SOLO REGULAR SINGLE BOWL BRONZE RANGE 304 SUPER STEEL 0.85MM (22*16*8) (560*405*203),,4260,
S.STEEL SINK,922-DM,SOLO REGULAR SINGLE BOWL BRONZE RANGE 304 SUPER STEEL 0.85MM (20*16*8) (510*405*203),,4060,
S.STEEL SINK,920-DM,SOLO REGULAR SINGLE BOWL BRONZE RANGE 304 SUPER STEEL 0.85MM (17*15*8) (430*380*203),,3950,
S.STEEL SINK,918-DM,SOLO REGULAR SINGLE BOWL BRONZE RANGE 304 SUPER STEEL 0.85MM (17*15*8) (430*380*203),,3950,
S.STEEL SINK,916-DM,SOLO REGULAR SINGLE BOWL BRONZE RANGE 304 SUPER STEEL 0.85MM (16*14*8) (406*354*203),,3850,
S.STEEL SINK,1226DM,SOLO REGULAR SINGLE BOWL SOLITAIRE RANGE 304 SUPER STEEL 1.0MM ISI (24*24*8) (610*610*203),,6380,
S.STEEL SINK,1225DM,SOLO REGULAR SINGLE BOWL SOLITAIRE RANGE 304 SUPER STEEL 1.0MM ISI (24*20*8) (610*510*203),,5840,
S.STEEL SINK,1224SDM,SOLO REGULAR SINGLE BOWL SOLITAIRE RANGE 304 SUPER STEEL 1.0MM ISI (24*18*10) (610*460*254),,5450,
S.STEEL SINK,1224XDM,SOLO REGULAR SINGLE BOWL SOLITAIRE RANGE 304 SUPER STEEL 1.0MM ISI (24*18*9) (610*460*229),,5630,
S.STEEL SINK,1222DM,SOLO REGULAR SINGLE BOWL SOLITAIRE RANGE 304 SUPER STEEL 1.0MM ISI (22*18*8) (560*460*203),,5030,
S.STEEL SINK,1220DM,SOLO REGULAR SINGLE BOWL SOLITAIRE RANGE 304 SUPER STEEL 1.0MM ISI (21*18*8) (535*460*203),,5070,
S.STEEL SINK,1218DM,SOLO REGULAR SINGLE BOWL SOLITAIRE RANGE 304 SUPER STEEL 1.0MM ISI (20*17*8) (510*430*203),,5030,
S.STEEL SINK,1216DM,SOLO REGULAR SINGLE BOWL SOLITAIRE RANGE 304 SUPER STEEL 1.0MM ISI (18*16*8) (460*405*203),,4780,
S.STEEL SINK,950SD,DUET REGULAR DOUBLE BOWL SOLITAIRE RANGE 304 SUPER STEEL 0.85MM (20*10*10) (510*254*254),,11310,
S.STEEL SINK,950-XD,DUET REGULAR DOUBLE BOWL SOLITAIRE RANGE 304 SUPER STEEL 0.85MM (20*16*9) (510*405*229),,10990,
S.STEEL SINK,950-D,DUET REGULAR DOUBLE BOWL SOLITAIRE RANGE 304 SUPER STEEL 0.85MM (20*16*8) (510*405*203),,10280,
S.STEEL SINK,942-D,DUET REGULAR DOUBLE BOWL SOLITAIRE RANGE 304 SUPER STEEL 0.85MM (14*16*8) (354*405*203),,8640,
S.STEEL SINK,932-D,DUET REGULAR DOUBLE BOWL SOLITAIRE RANGE 304 SUPER STEEL 0.85MM (16*14*8) (405*354*203),,9190,
S.STEEL SINK,1250SD,DUET REGULAR DOUBLE BOWL SOLITAIRE RANGE 304 SUPER STEEL 1.0MM (45*20*10) (1143*510*254),,13840,
S.STEEL SINK,1250XD,DUET REGULAR DOUBLE BOWL SOLITAIRE RANGE 304 SUPER STEEL 1.0MM (45*20*9) (1143*510*229),,13640,
S.STEEL SINK,1250D,DUET REGULAR DOUBLE BOWL SOLITAIRE RANGE 304 SUPER STEEL 1.0MM (45*20*8) (1143*510*206),,13370,
S.STEEL SINK,1242D,DUET REGULAR DOUBLE BOWL SOLITAIRE RANGE 304 SUPER STEEL 1.0MM (37*18*8) (940*460*203),,10690,
S.STEEL SINK,1232D,DUET REGULAR DOUBLE BOWL SOLITAIRE RANGE 304 SUPER STEEL 1.0MM (32*20*8) (810*510*203),,10790,
S.STEEL SINK,952-D,SOLO SINGLE BOWL WITH DRAIN BOARD BRONZE RANZE 304 SUPER STEEL 0.85MM (20*16*8) (510*405*203),,8410,
S.STEEL SINK,944-D,SOLO SINGLE BOWL WITH DRAIN BOARD BRONZE RANZE 304 SUPER STEEL 0.85MM (20*16*8) (510*405*203),,8730,
S.STEEL SINK,940-D,SOLO SINGLE BOWL WITH DRAIN BOARD BRONZE RANZE 304 SUPER STEEL 0.85MM (16*14*8) (405*354*203),,7150,
S.STEEL SINK,939-D,SOLO SINGLE BOWL WITH DRAIN BOARD BRONZE RANZE 304 SUPER STEEL 0.85MM (16*14*8) (405*354*203),,7070,
S.STEEL SINK,930-D,SOLO SINGLE BOWL WITH DRAIN BOARD BRONZE RANZE 304 SUPER STEEL 0.85MM (16*14*8) (405*354*203),,6890,
S.STEEL SINK,1252D,SOLO SINGLE BOWL WITH DRAIN BOARD SOLITAIRE RANGE 304 SUPER STEEL 1.00MM (45*20*9) (1143*510*229),,10260,
S.STEEL SINK,1244D,SOLO SINGLE BOWL WITH DRAIN BOARD SOLITAIRE RANGE 304 SUPER STEEL 1.00MM (41*20*8) (1040*510*203),,9930,
S.STEEL SINK,1240D,SOLO SINGLE BOWL WITH DRAIN BOARD SOLITAIRE RANGE 304 SUPER STEEL 1.00MM (37*18*8) (940*460*203),,9110,
S.STEEL SINK,1239D,SOLO SINGLE BOWL WITH DRAIN BOARD SOLITAIRE RANGE 304 SUPER STEEL 1.00MM (36*18*8) (914*460*203),,8990,
S.STEEL SINK,1230D,SOLO SINGLE BOWL WITH DRAIN BOARD SOLITAIRE RANGE 304 SUPER STEEL 1.00MM (32*20*8) (810*510*203),,7990,
S.STEEL SINK,926-D,SOLO REGULAR SINGLE BOWL BRONZE RANGE 304 SUPER STEEL 0.85MM (22*22*8) (560*560*203),,5090,
S.STEEL SINK,925-D,SOLO REGULAR SINGLE BOWL BRONZE RANGE 304 SUPER STEEL 0.85MM (22*18*8) (560*405*203),,4630,
S.STEEL SINK,924SD,SOLO REGULAR SINGLE BOWL BRONZE RANGE 304 SUPER STEEL 0.85MM (22*16*10) (560*405*254),,4630,
S.STEEL SINK,924XD,SOLO REGULAR SINGLE BOWL BRONZE RANGE 304 SUPER STEEL 0.85MM (22*16*9) (560*405*229),,4450,
S.STEEL SINK,924-D,SOLO REGULAR SINGLE BOWL BRONZE RANGE 304 SUPER STEEL 0.85MM (22*16*8) (560*405*203),,4260,
S.STEEL SINK,922-D,SOLO REGULAR SINGLE BOWL BRONZE RANGE 304 SUPER STEEL 0.85MM (20*16*8) (510*405*203),,4060,
S.STEEL SINK,920-D,SOLO REGULAR SINGLE BOWL BRONZE RANGE 304 SUPER STEEL 0.85MM (17*15*8) (430*380*203),,3950,
S.STEEL SINK,918-D,SOLO REGULAR SINGLE BOWL BRONZE RANGE 304 SUPER STEEL 0.85MM (17*15*8) (430*380*203),,3950,
S.STEEL SINK,916-D,SOLO REGULAR SINGLE BOWL BRONZE RANGE 304 SUPER STEEL 0.85MM (16*14*8) (405*354*203),,3850,
S.STEEL SINK,916,SOLO REGULAR SINGLE BOWL BRONZE RANGE 304 SUPER STEEL 0.85MM (16*14*7) )405*354*178),,3750,
S.STEEL SINK,1226D,SOLO REGULAR SINGLE BOWL SOLITAIRE RANGE 304 SUPER STEEL 1.0MM ISI (24*24*8) (610*610*203),,6380,
S.STEEL SINK,1225D,SOLO REGULAR SINGLE BOWL SOLITAIRE RANGE 304 SUPER STEEL 1.0MM ISI (24*20*8) (610*510*203),,5840,
S.STEEL SINK,1224SD,SOLO REGULAR SINGLE BOWL SOLITAIRE RANGE 304 SUPER STEEL 1.0MM ISI (24*18*10) (610*460*254),,5450,
S.STEEL SINK,1224XD,SOLO REGULAR SINGLE BOWL SOLITAIRE RANGE 304 SUPER STEEL 1.0MM ISI (24*18*9) (610*460*229),,5630,
S.STEEL SINK,1222D,SOLO REGULAR SINGLE BOWL SOLITAIRE RANGE 304 SUPER STEEL 1.0MM ISI (22*18*8) (560*460*203),,5030,
S.STEEL SINK,1220D,SOLO REGULAR SINGLE BOWL SOLITAIRE RANGE 304 SUPER STEEL 1.0MM ISI (21*18*8) (535*460*203),,5070,
S.STEEL SINK,1218D,SOLO REGULAR SINGLE BOWL SOLITAIRE RANGE 304 SUPER STEEL 1.0MM ISI (20*17*8) (510*430*203),,5030,
S.STEEL SINK,1216D,SOLO REGULAR SINGLE BOWL SOLITAIRE RANGE 304 SUPER STEEL 1.0MM ISI (18*16*8) (460*405*203),,4780,
S.STEEL SINK,1216,SOLO REGULAR SINGLE BOWL SOLITAIRE RANGE 304 SUPER STEEL 1.0MM ISI (18*16*7) (460*405*178),,4550,
S.STEEL SINK,SA-04,SINK ACCESSORIES,,570,
S.STEEL SINK,923-D,SOLO REGULAR SINGLE BOWL BRONZE RANGE 304 SUPER STEEL 0.85MM (17*15*8) (430*380*203),,3950,
S.STEEL SINK,SA-03,SINK ACCESSORIES,,530,
S.STEEL SINK,850XDM,DUET REGULAR ( DOUBLE BOWL ) OVAL RANGE GLOSS 204 SUPER STEEL 0.85MM (20*16*8) (510*405*229),,9160,
S.STEEL SINK,850DM,DUET REGULAR ( DOUBLE BOWL ) OVAL RANGE GLOSS 204 SUPER STEEL 0.85MM (20*16*8) (510*405*203),,8820,
S.STEEL SINK,842DM,DUET REGULAR ( DOUBLE BOWL ) OVAL RANGE GLOSS 204 SUPER STEEL 0.85MM (14*16*8) (354*405*203),,7380,
S.STEEL SINK,850XD,DUET REGULAR ( DOUBLE BOWL ) OVAL RANGE GLOSS 204 SUPER STEEL 0.85MM (20*16*8) (510*405*229),,9160,
S.STEEL SINK,850D,DUET REGULAR ( DOUBLE BOWL ) OVAL RANGE GLOSS 204 SUPER STEEL 0.85MM (20*16*8) (510*405*203),,8820,
S.STEEL SINK,842D,DUET REGULAR ( DOUBLE BOWL ) OVAL RANGE GLOSS 204 SUPER STEEL 0.85MM (14*16*8) (354*405*203),,7380,
S.STEEL SINK,P-348,"STAINLESS STEEL KITCHEN PLATE RACK 31""*36""*10"" / 786*914*254MM",,8950,
S.STEEL SINK,P-346,"STAINLESS STEEL KITCHEN PLATE RACK 31""*30""*10"" / 786*760*254MM",,8120,
S.STEEL SINK,P-340,"STAINLESS STEEL KITCHEN PLATE RACK 31""*24""*10"" / 786*610*254MM",,7510,
S.STEEL SINK,P-336,"STAINLESS STEEL KITCHEN PLATE RACK 24""*36""*10"" / 610*914*254MM",,8120,
S.STEEL SINK,P-330,"STAINLESS STEEL KITCHEN PLATE RACK 24""*30""*10"" / 610*760*254MM",,7170,
S.STEEL SINK,P-310,"STAINLESS STEEL KITCHEN PLATE RACK 24""*24""*10"" / 610*610*254MM",,6140,
S.STEEL SINK,P-350,STAINLESS STEEL KITCHEN PLATE RACK,,10140,
S.STEEL SINK,P-410,STAINLESS STEEL KITCHEN PLATE RACK,,5090,
S.STEEL SINK,P-430,STAINLESS STEEL KITCHEN PLATE RACK,,6070,
S.STEEL SINK,P-436,STAINLESS STEEL KITCHEN PLATE RACK,,7150,
S.STEEL SINK,P-440,STAINLESS STEEL KITCHEN PLATE RACK,,6120,
S.STEEL SINK,P-446,STAINLESS STEEL KITCHEN PLATE RACK,,7580,
S.STEEL SINK,P-448,STAINLESS STEEL KITCHEN PLATE RACK,,8090,
S.STEEL SINK,P-450,STAINLESS STEEL KITCHEN PLATE RACK,,8990,
S.STEEL SINK,Q716 MB,METALLIC SERIES Single Bowl 16 x 18 Black,,4380,
S.STEEL SINK,Q716 MW,METALLIC SERIES Single Bowl 16 x 18 White,,4380,
S.STEEL SINK,Q716 MG,METALLIC SERIES Single Bowl 16 x 18 Grey,,4380,
S.STEEL SINK,Q720 MB,METALLIC SERIES Single Bowl 21 x 18 Black,,4680,
S.STEEL SINK,Q720 MW,METALLIC SERIES Single Bowl 21 x 18 White,,4680,
S.STEEL SINK,Q720 MG,METALLIC SERIES Single Bowl 21 x 18 Grey,,4680,
S.STEEL SINK,Q724 MB,METALLIC SERIES Single Bowl 24 x 18 Black,,4980,
S.STEEL SINK,Q724 MW,METALLIC SERIES Single Bowl 24 x 18 White,,4980,
S.STEEL SINK,Q724 MG,METALLIC SERIES Single Bowl 24 x 18 Grey,,4980,
S.STEEL SINK,Q728 MW,METALLIC SERIES  Double Bowl 31 x 18 White,,11980,
S.STEEL SINK,Q728 MB,METALLIC SERIES  Double Bowl 31 x 18 Black,,11980,
S.STEEL SINK,Q728 MG,METALLIC SERIES  Double Bowl 31 x 18 Grey,,11980,
S.STEEL SINK,Q732 MW,METALLIC SERIES  Double Bowl 34 x 20 White,,10980,
S.STEEL SINK,Q732 MB,METALLIC SERIES  Double Bowl 34 x 20 Black,,10980,
S.STEEL SINK,Q732 MG,METALLIC SERIES  Double Bowl 34 x 20 Grey,,10980,
S.STEEL SINK,Q736 MW,METALLIC SERIES  Single Bowl with Drain Board 36 x 18 White,,9480,
S.STEEL SINK,Q736 MB,METALLIC SERIES  Single Bowl with Drain Board 36 x 18 Black,,9480,
S.STEEL SINK,Q736 MG,METALLIC SERIES  Single Bowl with Drain Board 36 x 18 Grey,,9480,
S.STEEL SINK,Q740 MW,METALLIC SERIES Double Bowl 37 x 18 White,,11980,
S.STEEL SINK,Q740 MB,METALLIC SERIES Double Bowl 37 x 18 Black,,11980,
S.STEEL SINK,Q740 MG,METALLIC SERIES Double Bowl 37 x 18 Grey,,11980,
S.STEEL SINK,Q744 MW,METALLIC SERIES Double Bowl 40 x 18 White,,11980,
S.STEEL SINK,Q744 MB,METALLIC SERIES Double Bowl 40 x 18 Black,,11980,
S.STEEL SINK,Q744 MG,METALLIC SERIES Double Bowl 40 x 18 Grey,,11980,
S.STEEL SINK,Q748 MW,METALLIC SERIES Double Bowl with Drain Board 45 x20 White,,15980,
S.STEEL SINK,Q748 MB,METALLIC SERIES Double Bowl with Drain Board 45 x20 Black,,15980,
S.STEEL SINK,Q748 MG,METALLIC SERIES Double Bowl with Drain Board 45 x20 Grey,,15980,
S.STEEL SINK,Q752 MW,METALLIC SERIES Double Bowl 45 x 20 White,,13980,
S.STEEL SINK,Q752 MB,METALLIC SERIES Double Bowl 45 x 20 Black,,13980,
S.STEEL SINK,Q752 MG,METALLIC SERIES Double Bowl 45 x 20 Grey,,13980,
S.STEEL SINK,Q716 GB,GRANITE SERIES Single Bowl 16 x 18 Bianco,,4380,
S.STEEL SINK,Q716 GP,GRANITE SERIES Single Bowl 16 x 18 Pluto,,4380,
S.STEEL SINK,Q720 GB,GRANITE SERIES Single Bowl 21 x 18 Bianco,,4680,
S.STEEL SINK,Q720 GP,GRANITE SERIES Single Bowl 21 x 18 Pluto,,4680,
S.STEEL SINK,Q724 GB,GRANITE SERIES Single Bowl 24 x 18 Bianco,,4980,
S.STEEL SINK,Q724 GP,GRANITE SERIES Single Bowl 24 x 18 Pluto,,4980,
S.STEEL SINK,Q728 GB,GRANITE SERIES Double Bowl 31 x 18 Bianco,,11980,
S.STEEL SINK,Q728 GP,GRANITE SERIES Double Bowl 31 x 18 Pluto,,11980,
S.STEEL SINK,Q732 GB,GRANITE SERIES Double Bowl 34 x 20 Bianco,,11220,
S.STEEL SINK,Q732 GP,GRANITE SERIES Double Bowl 34 x 20 Pluto,,11220,
S.STEEL SINK,Q736 GB,GRANITE SERIES Single Bowl with Drain Board 36 x 18 Bianco,,9480,
S.STEEL SINK,Q736 GP,GRANITE SERIES Single Bowl with Drain Board 36 x 18 Pluto,,9480,
S.STEEL SINK,Q740 GB,GRANITE SERIES Double Bowl 37 x 18 Bianco,,11190,
S.STEEL SINK,Q740 GP,GRANITE SERIES Double Bowl 37 x 18 Pluto,,11190,
S.STEEL SINK,Q744 GB,GRANITE SERIES Double Bowl 40 x 18 Bianco,,11190,
S.STEEL SINK,Q744 GP,GRANITE SERIES Double Bowl 40 x 18 Pluto,,11190,
S.STEEL SINK,Q748 GB,GRANITE SERIES Double Bowl with Drain Board 45 x 20 Bianco,,15890,
S.STEEL SINK,Q748 GP,GRANITE SERIES Double Bowl with Drain Board 45 x 20 Pluto,,15890,
S.STEEL SINK,Q752 GB,GRANITE SERIES Double Bowl 45 x 20 Bianco,,13980,
S.STEEL SINK,Q752 GP,GRANITE SERIES Double Bowl 45 x 20 Pluto,,13980,
SANITARYWARE,4017,EWC S Trap (With Seat Cover) 5240X365X390 mm,White,4370,
SANITARYWARE,4675,WASH BASIN 24X9 (IRIS),,1580,
SANITARYWARE,4670,MAGIC  375 x 260 x 105 mm Wash Basin Whit,,1390,https://iamprayag.prayagindia.net/api/uploads/product_image/ProductImage69aabd49f301f.png
SANITARYWARE,4012,"ECO Orissa Pan 23"" 580 x 440 MM",White,1960,
SANITARYWARE,4012,"ECO Orissa Pan 23"" 580 x 440 MM",Ivory,2350,
SANITARYWARE,4012,"ECO Orissa Pan 23"" 580 x 440 MM",Blue,2450,
SANITARYWARE,4012,"ECO Orissa Pan 23"" 580 x 440 MM",Green,2450,
SANITARYWARE,4012,"ECO Orissa Pan 23"" 580 x 440 MM",Pink,2450,
SANITARYWARE,RB-46,"Rag Bolt Assy 3/8""(Wash Basin)",,380,
SANITARYWARE,402,Slim Flush Tank (Available in multi shades & colors) NANO-3D Slim Cistern Dual Flush With 3D Color (3/6 Ltr.),,2990,
SANITARYWARE,401,Slim Flush Tank (Available in multi shades & colors) NANO-DUO Slim Cistern Dual Flush With Smart Color (3/6 Ltr.),,2450,
SANITARYWARE,RB-45,"Restrooms Rag Bolt Assy 5/8""(Wall Hung Commodes) Rag Bolt (5/8"")",,790,
SANITARYWARE,4671,Restrooms Pan & P Trap,,420,
SANITARYWARE,4020,"(CORAL EWC) Coral Germ Free Square EWC with Soft Close Seat Cover (L 340, W 515, H 395mm)",White,3980,
SANITARYWARE,4020,"(CORAL EWC) Coral Germ Free Square EWC with Soft Close Seat Cover (L 340, W 515, H 395mm)",Ivory ,4570,
SANITARYWARE,4304,"(MARCO One Piece Closet) One Piece EWC With Soft Close Seat Cover & Flushing Kit. (L 645, W 350, H 700mm )",White,10780,
SANITARYWARE,4304,"(MARCO One Piece Closet) One Piece EWC With Soft Close Seat Cover & Flushing Kit. (L 645, W 350, H 700mm )",Ivory ,13640,
SANITARYWARE,4304,"(MARCO One Piece Closet) One Piece EWC With Soft Close Seat Cover & Flushing Kit. (L 645, W 350, H 700mm )",White with Jet,11440,
SANITARYWARE,4303,"(MATRIX One Piece Closet) One Piece EWC With Soft Close Seat Cover & Flushing Kit. (L 655, W 350, H 745mm )",White,10780,
SANITARYWARE,4303,"(MATRIX One Piece Closet) One Piece EWC With Soft Close Seat Cover & Flushing Kit. (L 655, W 350, H 745mm )",Ivory ,13640,
SANITARYWARE,4303,"(MATRIX One Piece Closet) One Piece EWC With Soft Close Seat Cover & Flushing Kit. (L 655, W 350, H 745mm )",White with Jet,11440,
SANITARYWARE,4302,"(ASTRO One Piece Closet) One Piece EWC With Soft Close Seat Cover & Flushing Kit. (L 650, W 355, H 700mm )",White,10780,
SANITARYWARE,4302,"(ASTRO One Piece Closet) One Piece EWC With Soft Close Seat Cover & Flushing Kit. (L 650, W 355, H 700mm )",Ivory ,13640,
SANITARYWARE,4302,"(ASTRO One Piece Closet) One Piece EWC With Soft Close Seat Cover & Flushing Kit. (L 650, W 355, H 700mm )",White with Jet,11440,
SANITARYWARE,4795,Under Counter Basin MILT 470 x 350 x 200 mm One Piece Wash Basin,WHITE,2980,
SANITARYWARE,4795,Under Counter Basin MILT 470 x 350 x 200 mm One Piece Wash Basin,IVORY,3540,
SANITARYWARE,4793,Under Counter Basin NIALL 460 x 310 x 220 mm One Piece Wash Basin,WHITE,2980,
SANITARYWARE,4793,Under Counter Basin NIALL 460 x 310 x 220 mm One Piece Wash Basin,IVORY,3540,
SANITARYWARE,4790,Under Counter Basin COY 560 x 410 x 180 mm One Piece Wash Basin,WHITE,2980,
SANITARYWARE,4790,Under Counter Basin COY 560 x 410 x 180 mm One Piece Wash Basin,IVORY,3540,
SANITARYWARE,4646,Washrooms ISI Range -E MIST 550 x 400 mm One Piece Wash Basin,WHITE,1540,
SANITARYWARE,4646,Washrooms ISI Range -E MIST 550 x 400 mm One Piece Wash Basin,IVORY,1950,
SANITARYWARE,4645,Washrooms ISI Range -E IRIS 550 x 400 mm One Piece Wash Basin,WHITE,1960,
SANITARYWARE,4645,Washrooms ISI Range -E IRIS 550 x 400 mm One Piece Wash Basin,IVORY,2480,
SANITARYWARE,4999,Washrooms Urinal Pot 330 x 250 x 445 mm FLATE BACK,WHITE,1780,
SANITARYWARE,4999,Washrooms Urinal Pot 330 x 250 x 445 mm FLATE BACK,IVORY,2230,
SANITARYWARE,4998,Washrooms Urinal Pot 345 x 320 x 560 mm HALF STALL,WHITE,4640,
SANITARYWARE,4998,Washrooms Urinal Pot 345 x 320 x 560 mm HALF STALL,IVORY,6870,
SANITARYWARE,4607,Washrooms One Piece Wash Basin with Pedestal LOTUS 465 x 450 x 840 mm One Piece Wash Basin with Full Pedestal,WHITE,4950,
SANITARYWARE,4607,Washrooms One Piece Wash Basin with Pedestal LOTUS 465 x 450 x 840 mm One Piece Wash Basin with Full Pedestal,IVORY,5940,
SANITARYWARE,4606,Washrooms One Piece Wash Basin with Pedestal VIRGO 580 x 470 mm One Piece Wash Basin with Half Pedestal,WHITE,5580,
SANITARYWARE,4606,Washrooms One Piece Wash Basin with Pedestal VIRGO 580 x 470 mm One Piece Wash Basin with Half Pedestal,IVORY,6140,
SANITARYWARE,4605,Washrooms One Piece Wash Basin with Pedestal VITRO 445 x 340 mm One Piece Wash Basin with Half Pedestal,WHITE,4260,
SANITARYWARE,4605,Washrooms One Piece Wash Basin with Pedestal VITRO 445 x 340 mm One Piece Wash Basin with Half Pedestal,IVORY,4980,
SANITARYWARE,4604,Washrooms One Piece Wash Basin with Pedestal MARCO 450 x 355 mm One Piece Wash Basin with Half Pedestal,WHITE,3960,
SANITARYWARE,4604,Washrooms One Piece Wash Basin with Pedestal MARCO 450 x 355 mm One Piece Wash Basin with Half Pedestal,IVORY,4570,
SANITARYWARE,4603,Washrooms One Piece Wash Basin with Pedestal BELA 565 x 430 x 845 mm One Piece Wash Basin with Pedestal,WHITE,4980,
SANITARYWARE,4603,Washrooms One Piece Wash Basin with Pedestal BELA 565 x 430 x 845 mm One Piece Wash Basin with Pedestal,IVORY,5750,
SANITARYWARE,4602,Washrooms One Piece Wash Basin with Pedestal ROLLIN 560 x 415 x 820 mm One Piece Wash Basin with Pedestal,WHITE,4680,
SANITARYWARE,4602,Washrooms One Piece Wash Basin with Pedestal ROLLIN 560 x 415 x 820 mm One Piece Wash Basin with Pedestal,IVORY,5270,
SANITARYWARE,4601,Washrooms One Piece Wash Basin with Pedestal RUBY 540 x 475 x 820 mm One Piece Wash Basin with Pedestal,WHITE,5240,
SANITARYWARE,4601,Washrooms One Piece Wash Basin with Pedestal RUBY 540 x 475 x 820 mm One Piece Wash Basin with Pedestal,IVORY,5980,
SANITARYWARE,4719,Washrooms Art Basin Most Popular Collection LATINA 520 x 310 x 170 mm One Piece Wash Basin,WHITE,4680,
SANITARYWARE,4719,Washrooms Art Basin Most Popular Collection LATINA 520 x 310 x 170 mm One Piece Wash Basin,IVORY,5610,
SANITARYWARE,4718,Washrooms Art Basin Most Popular Collection GARCIA 520 x 310 x 170 mm One Piece Wash Basin,WHITE,3430,
SANITARYWARE,4717,Washrooms Art Basin Most Popular Collection LEE 480 x 370 x 130 mm One Piece Wash Basin,WHITE,3620,
SANITARYWARE,4715,Washrooms Art Basin Most Popular Collection WANG 4510 x 410 x 150 mm One Piece Wash Basin,WHITE,3790,
SANITARYWARE,4710,Washrooms Art Basin Most Popular Collection OSCAR 400 x 400 x 145 mm One Piece Wash Basin,WHITE,2770,
SANITARYWARE,4709,Washrooms Art Basin Most Popular Collection SOPHIA 5450 x 300 x 110 mm One Piece Wash Basin,WHITE,2160,
SANITARYWARE,4708,Washrooms Art Basin Most Popular Collection OLIVIA 450 x 350 x 115 mm One Piece Wash Basin,WHITE,2580,
SANITARYWARE,4707,Washrooms Art Basin Most Popular Collection CASPIAN 530 x 350 x 130 mm One Piece Wash Basin,WHITE,3880,
SANITARYWARE,4706,Washrooms Art Basin Most Popular Collection LAGOON 430 x 350 mm One Piece Wash Basin,WHITE,2940,
SANITARYWARE,4706,Washrooms Art Basin Most Popular Collection LAGOON 430 x 350 mm One Piece Wash Basin,IVORY,3590,
SANITARYWARE,4705,Washrooms Art Basin Most Popular Collection MIST 500 x 400 x 130 mm One Piece Wash Basin,WHITE,4740,
SANITARYWARE,4704,Washrooms Art Basin Most Popular Collection DEW 350 x 265 mm One Piece Wash Basin,WHITE,2790,
SANITARYWARE,4704,Washrooms Art Basin Most Popular Collection DEW 350 x 265 mm One Piece Wash Basin,IVORY,3390,
SANITARYWARE,4703,Washrooms Art Basin Most Popular Collection BLOOM 600 x 360 x 95 mm One Piece Wash Basin,WHITE,4830,
SANITARYWARE,4702,Washrooms Art Basin Most Popular Collection BREEZE 410 x 410 x 160 mm One Piece Wash Basin,WHITE,3660,
SANITARYWARE,4701,Washrooms Art Basin Most Popular Collection PRISTINE 410 x 315 x 105 mm One Piece Wash Basin,WHITE,2830,
SANITARYWARE,4032,Restrooms EWC Indian (without Seat Cover) ASTRA 475 x 350 x 390 mm  Astra Anglo Indian  P  Trap,WHITE,4680,
SANITARYWARE,4032,Restrooms EWC Indian (without Seat Cover) ASTRA 475 x 350 x 390 mm  Astra Anglo Indian  P  Trap,IVORY,6290,
SANITARYWARE,4031,Restrooms EWC Indian (without Seat Cover) ASTRA 475 x 350 x 390 mm  Astra Anglo Indian  S  Trap,WHITE,4680,
SANITARYWARE,4031,Restrooms EWC Indian (without Seat Cover) ASTRA 475 x 350 x 390 mm  Astra Anglo Indian  S  Trap,IVORY,6290,
SANITARYWARE,4022,Restrooms EWC Indian (without Seat Cover) GLECY 475 x 350 x 390 mm Glaze EWC S Concealed,WHITE,2980,
SANITARYWARE,4022,Restrooms EWC Indian (without Seat Cover) GLECY 475 x 350 x 390 mm Glaze EWC S Concealed,IVORY,3990,
SANITARYWARE,4030,Restrooms EWC Indian (without Seat Cover) DOMICA EWC S Trap (with seat cover) 545 x 335 x 405 mm,WHITE,10480,
SANITARYWARE,4030,Restrooms EWC Indian (without Seat Cover) DOMICA EWC S Trap (with seat cover) 545 x 335 x 405 mm,IVORY,11990,
SANITARYWARE,4019,Restrooms EWC Indian (without Seat Cover) GARNET 540 x 375 x 415 mm Garnet EWC P Trap,WHITE,2180,
SANITARYWARE,4019,Restrooms EWC Indian (without Seat Cover) GARNET 540 x 375 x 415 mm Garnet EWC P Trap,IVORY,2730,
SANITARYWARE,4019,Restrooms EWC Indian (without Seat Cover) GARNET 540 x 375 x 415 mm Garnet EWC P Trap,Pink,3230,
SANITARYWARE,4019,Restrooms EWC Indian (without Seat Cover) GARNET 540 x 375 x 415 mm Garnet EWC P Trap,Green,3230,
SANITARYWARE,4019,Restrooms EWC Indian (without Seat Cover) GARNET 540 x 375 x 415 mm Garnet EWC P Trap,Blue,3230,
SANITARYWARE,4018,Restrooms EWC Indian (without Seat Cover) GARNET 540 x 375 x 415 mm Garnet EWC S Trap,WHITE,2180,
SANITARYWARE,4018,Restrooms EWC Indian (without Seat Cover) GARNET 540 x 375 x 415 mm Garnet EWC S Trap,IVORY,2730,
SANITARYWARE,4018,Restrooms EWC Indian (without Seat Cover) GARNET 540 x 375 x 415 mm Garnet EWC S Trap,Pink,3230,
SANITARYWARE,4018,Restrooms EWC Indian (without Seat Cover) GARNET 540 x 375 x 415 mm Garnet EWC S Trap,Green,3230,
SANITARYWARE,4018,Restrooms EWC Indian (without Seat Cover) GARNET 540 x 375 x 415 mm Garnet EWC S Trap,Blue,3230,
SANITARYWARE,4016,Restrooms ISI Range -E OPAL EWC S Trap 540 x 365 x 390 mm,WHITE,2640,
SANITARYWARE,4016,Restrooms ISI Range -E OPAL EWC S Trap 540 x 365 x 390 mm,IVORY,3290,
SANITARYWARE,4055,Restrooms ISI Range -E ORRISA PAN 580 x 440 mm 23 Approx,WHITE,2540,
SANITARYWARE,4055,Restrooms ISI Range -E ORRISA PAN 580 x 440 mm 23 Approx,IVORY,3360,
SANITARYWARE,4565,Restrooms Wall Hung - Closet with Seat Cover WAVES 665 x 340 x 365 mm Soft Close Seat Cover Wall Distance 180   10 mm,WHITE,7280,
SANITARYWARE,4565,Restrooms Wall Hung - Closet with Seat Cover WAVES 665 x 340 x 365 mm Soft Close Seat Cover Wall Distance 180   10 mm,IVORY,8890,
SANITARYWARE,4575,Restrooms Wall Hung - Closet with Seat Cover LEXUS 500 x 340 x 340 mm Soft Close Seat Cover  Wall Distance 180   10 mm,WHITE,10480,
SANITARYWARE,4575,Restrooms Wall Hung - Closet with Seat Cover LEXUS 500 x 340 x 340 mm Soft Close Seat Cover  Wall Distance 180   10 mm,IVORY,11530,
SANITARYWARE,4545,Restrooms Wall Hung - Closet with Seat Cover CRESTA 510 x 340 x 355 mm Soft Close Seat Cover Wall Distance 180   10 mm,WHITE,11960,
SANITARYWARE,4545,Restrooms Wall Hung - Closet with Seat Cover CRESTA 510 x 340 x 355 mm Soft Close Seat Cover Wall Distance 180   10 mm,IVORY,13160,
SANITARYWARE,4555,Restrooms Wall Hung - Closet with Seat Cover LIVA 510 x 340 x 360 mm Soft Close Seat Cover Wall Distance 180   10 mm,WHITE,11880,
SANITARYWARE,4555,Restrooms Wall Hung - Closet with Seat Cover LIVA 510 x 340 x 360 mm Soft Close Seat Cover Wall Distance 180   10 mm,IVORY,13070,
SANITARYWARE,4550,Restrooms Wall Hung - Closet with Seat Cover STELLA 490 x 360 x 370 mm Soft Close Seat Cover Wall Distance 180   10 mm,WHITE,6470,
SANITARYWARE,4550,Restrooms Wall Hung - Closet with Seat Cover STELLA 490 x 360 x 370 mm Soft Close Seat Cover Wall Distance 180   10 mm,IVORY,7120,
SANITARYWARE,4505,Restrooms Wall Hung - Closet with Seat Cover EVE 530 x 350 x 350 mm Soft Close Seat Cover Wall Distance 180   10 mm,WHITE,8580,
SANITARYWARE,4505,Restrooms Wall Hung - Closet with Seat Cover EVE 530 x 350 x 350 mm Soft Close Seat Cover Wall Distance 180   10 mm,IVORY,9990,
SANITARYWARE,4664,Restrooms One Piece Wash Basin without Pedestal FLORINA 500 x 400 mm One Piece Wash Basin-Square Pedestal Ha,WHITE,2140,
SANITARYWARE,4664,Restrooms One Piece Wash Basin without Pedestal FLORINA 500 x 400 mm One Piece Wash Basin-Square Pedestal Ha,IVORY,2550,
SANITARYWARE,4657,Restrooms One Piece Wash Basin without Pedestal FLORINA 500 x 400 mm One Piece Wash Basin-Square,WHITE,2180,
SANITARYWARE,4657,Restrooms One Piece Wash Basin without Pedestal FLORINA 500 x 400 mm One Piece Wash Basin-Square,IVORY,2760,
SANITARYWARE,4656,Restrooms One Piece Wash Basin without Pedestal ROCIO 460 x 350 mm One Piece Wash Basin-Square,WHITE,2160,
SANITARYWARE,4656,Restrooms One Piece Wash Basin without Pedestal ROCIO 460 x 350 mm One Piece Wash Basin-Square,IVORY,2730,
SANITARYWARE,4655,Restrooms One Piece Wash Basin without Pedestal LINEA Corner Wash Basin-Round,WHITE,1560,
SANITARYWARE,4655,Restrooms One Piece Wash Basin without Pedestal LINEA Corner Wash Basin-Round,IVORY,1970,
SANITARYWARE,4655,Restrooms One Piece Wash Basin without Pedestal LINEA Corner Wash Basin-Round,Pink,2270,
SANITARYWARE,4655,Restrooms One Piece Wash Basin without Pedestal LINEA Corner Wash Basin-Round,Green,2270,
SANITARYWARE,4655,Restrooms One Piece Wash Basin without Pedestal LINEA Corner Wash Basin-Round,Blue,2270,
SANITARYWARE,4654,Restrooms One Piece Wash Basin without Pedestal WAVES Corner Wash Basin-Squre,WHITE,2490,
SANITARYWARE,4654,Restrooms One Piece Wash Basin without Pedestal WAVES Corner Wash Basin-Squre,IVORY,3190,
SANITARYWARE,4653,Restrooms One Piece Wash Basin without Pedestal MACASA 450 x 325 mm One Piece Wash Basin,WHITE,1390,
SANITARYWARE,4653,Restrooms One Piece Wash Basin without Pedestal MACASA 450 x 325 mm One Piece Wash Basin,IVORY,2050,
SANITARYWARE,4653,Restrooms One Piece Wash Basin without Pedestal MACASA 450 x 325 mm One Piece Wash Basin,Pink,2320,
SANITARYWARE,4653,Restrooms One Piece Wash Basin without Pedestal MACASA 450 x 325 mm One Piece Wash Basin,Green,2320,
SANITARYWARE,4653,Restrooms One Piece Wash Basin without Pedestal MACASA 450 x 325 mm One Piece Wash Basin,Blue,2320,
SANITARYWARE,4652,Restrooms One Piece Wash Basin without Pedestal EVIAN 375 x 300 mm One Piece Wash Basin,WHITE,960,
SANITARYWARE,4652,Restrooms One Piece Wash Basin without Pedestal EVIAN 375 x 300 mm One Piece Wash Basin,IVORY,1280,
SANITARYWARE,4652,Restrooms One Piece Wash Basin without Pedestal EVIAN 375 x 300 mm One Piece Wash Basin,Pink,1470,
SANITARYWARE,4652,Restrooms One Piece Wash Basin without Pedestal EVIAN 375 x 300 mm One Piece Wash Basin,Green,1470,
SANITARYWARE,4652,Restrooms One Piece Wash Basin without Pedestal EVIAN 375 x 300 mm One Piece Wash Basin,Blue,1470,
SANITARYWARE,4651,Restrooms One Piece Wash Basin without Pedestal GRACIA 450 x 300 mm One Piece Wash Basin,WHITE,1380,
SANITARYWARE,4651,Restrooms One Piece Wash Basin without Pedestal GRACIA 450 x 300 mm One Piece Wash Basin,IVORY,1770,
SANITARYWARE,4651,Restrooms One Piece Wash Basin without Pedestal GRACIA 450 x 300 mm One Piece Wash Basin,Pink,2040,
SANITARYWARE,4651,Restrooms One Piece Wash Basin without Pedestal GRACIA 450 x 300 mm One Piece Wash Basin,Green,2040,
SANITARYWARE,4651,Restrooms One Piece Wash Basin without Pedestal GRACIA 450 x 300 mm One Piece Wash Basin,Blue,2040,
SANITARYWARE,4647,Restrooms One Piece Wash Basin without Pedestal EVE 660 x 480 x 855 mm One Piece Wash Basin,WHITE,3360,
SANITARYWARE,4647,Restrooms One Piece Wash Basin without Pedestal EVE 660 x 480 x 855 mm One Piece Wash Basin,IVORY,4080,
SANITARYWARE,4663,Restrooms One Piece Wash Basin without Pedestal (HAZEL & EVE) One Piece Wash Basin Pedestal-square,WHITE,2290,
SANITARYWARE,4663,Restrooms One Piece Wash Basin without Pedestal (HAZEL & EVE) One Piece Wash Basin Pedestal-square,IVORY,2620,
SANITARYWARE,4644,Restrooms One Piece Wash Basin without Pedestal HAZEL One Piece Wash Basin,WHITE,2970,
SANITARYWARE,4644,Restrooms One Piece Wash Basin without Pedestal HAZEL One Piece Wash Basin,IVORY,3790,
SANITARYWARE,4643,Restrooms One Piece Wash Basin without Pedestal SALSA One Piece Wash Basin,WHITE,1780,
SANITARYWARE,4643,Restrooms One Piece Wash Basin without Pedestal SALSA One Piece Wash Basin,IVORY,2280,
SANITARYWARE,4643,Restrooms One Piece Wash Basin without Pedestal SALSA One Piece Wash Basin,Pink,2620,
SANITARYWARE,4643,Restrooms One Piece Wash Basin without Pedestal SALSA One Piece Wash Basin,Green,2620,
SANITARYWARE,4643,Restrooms One Piece Wash Basin without Pedestal SALSA One Piece Wash Basin,Blue,2620,
SANITARYWARE,4642,Restrooms One Piece Wash Basin without Pedestal MIDAS 550 x 400 mm One Piece Wash Basin,WHITE,1790,
SANITARYWARE,4642,Restrooms One Piece Wash Basin without Pedestal MIDAS 550 x 400 mm One Piece Wash Basin,IVORY,2170,
SANITARYWARE,4642,Restrooms One Piece Wash Basin without Pedestal MIDAS 550 x 400 mm One Piece Wash Basin,Pink,2630,
SANITARYWARE,4642,Restrooms One Piece Wash Basin without Pedestal MIDAS 550 x 400 mm One Piece Wash Basin,Green,2630,
SANITARYWARE,4642,Restrooms One Piece Wash Basin without Pedestal MIDAS 550 x 400 mm One Piece Wash Basin,Blue,2630,
SANITARYWARE,4661,Restrooms One Piece Wash Basin without Pedestal SPA 500 x 400 mm One Piece Wash Basin,WHITE,1780,
SANITARYWARE,4661,Restrooms One Piece Wash Basin without Pedestal SPA 500 x 400 mm One Piece Wash Basin,IVORY,2290,
SANITARYWARE,4641,Restrooms One Piece Wash Basin without Pedestal SPA 500 x 400 mm One Piece Wash Basin  Pedestal - Round,WHITE,2190,
SANITARYWARE,4641,Restrooms One Piece Wash Basin without Pedestal SPA 500 x 400 mm One Piece Wash Basin  Pedestal - Round,IVORY,2980,
SANITARYWARE,4010,Restrooms Pan & P Trap 510 x 430 x 260 mm,WHITE,2160,
SANITARYWARE,4010,Restrooms Pan & P Trap 510 x 430 x 260 mm,IVORY,2580,
SANITARYWARE,4056,Restrooms Pan & P Trap 530 x 440 mm 21 Approx,WHITE,2160,
SANITARYWARE,4056,Restrooms Pan & P Trap 530 x 440 mm 21 Approx,IVORY,2660,
SANITARYWARE,4054,Restrooms Pan & P Trap 580 x 440 mm 23 Approx,WHITE,2280,
SANITARYWARE,4054,Restrooms Pan & P Trap 580 x 440 mm 23 Approx,IVORY,2740,
SANITARYWARE,4054,Restrooms Pan & P Trap 580 x 440 mm 23 Approx,Pink,3138,
SANITARYWARE,4054,Restrooms Pan & P Trap 580 x 440 mm 23 Approx,Green,3138,
SANITARYWARE,4054,Restrooms Pan & P Trap 580 x 440 mm 23 Approx,Blue,3138,
SANITARYWARE,4053,Restrooms Pan & P Trap 500 x 440 mm 20 Approx,WHITE,1860,
SANITARYWARE,4053,Restrooms Pan & P Trap 500 x 440 mm 20 Approx,IVORY,2310,
SANITARYWARE,4053,Restrooms Pan & P Trap 500 x 440 mm 20 Approx,Pink,2660,
SANITARYWARE,4053,Restrooms Pan & P Trap 500 x 440 mm 20 Approx,Green,2660,
SANITARYWARE,4053,Restrooms Pan & P Trap 500 x 440 mm 20 Approx,Blue,2660,
SANITARYWARE,4057,"Restrooms Pan & P Trap 475 x 365 x 105 mm 20""",WHITE,2140,
SANITARYWARE,4057,"Restrooms Pan & P Trap 475 x 365 x 105 mm 20""",IVORY,2690,
SANITARYWARE,4051,"Restrooms Pan & P Trap 500 x 420 mm 20""Approx",WHITE,1980,
SANITARYWARE,4051,"Restrooms Pan & P Trap 500 x 420 mm 20""Approx",IVORY,2420,
SANITARYWARE,4051,"Restrooms Pan & P Trap 500 x 420 mm 20""Approx",Pink,2780,
SANITARYWARE,4051,"Restrooms Pan & P Trap 500 x 420 mm 20""Approx",Green,2780,
SANITARYWARE,4051,"Restrooms Pan & P Trap 500 x 420 mm 20""Approx",Blue,2780,
SANITARYWARE,4230,"Restrooms One Piece Closet with Integrated Cistern, Seat Cover and Twin Flush Fittings CLOSET S TRAP 680 x 370 x 750 mm Soft Close Seat Cover Twin Flush Fitting Wall Distance 225   10 mm",WHITE,12320,
SANITARYWARE,4230,"Restrooms One Piece Closet with Integrated Cistern, Seat Cover and Twin Flush Fittings CLOSET S TRAP 680 x 370 x 750 mm Soft Close Seat Cover Twin Flush Fitting Wall Distance 225   10 mm",IVORY,13550,
SANITARYWARE,4440,"Restrooms One Piece Closet with Integrated Cistern, Seat Cover and Twin Flush Fittings CLOSET S TRAP 690 x 370 x 645 MM Soft Close Seat Cover Twin Flush Fitting Wall Distance 180   10 mm",WHITE,12340,
SANITARYWARE,4440,"Restrooms One Piece Closet with Integrated Cistern, Seat Cover and Twin Flush Fittings CLOSET S TRAP 690 x 370 x 645 MM Soft Close Seat Cover Twin Flush Fitting Wall Distance 180   10 mm",IVORY,13570,
SANITARYWARE,4240,"Restrooms One Piece Closet with Integrated Cistern, Seat Cover and Twin Flush Fittings CLOSET S TRAP 690 x 370 x 645 MM Soft Close Seat Cover Twin Flush Fitting Wall Distance 200   10 mm",WHITE,12340,
SANITARYWARE,4240,"Restrooms One Piece Closet with Integrated Cistern, Seat Cover and Twin Flush Fittings CLOSET S TRAP 690 x 370 x 645 MM Soft Close Seat Cover Twin Flush Fitting Wall Distance 200   10 mm",IVORY,13570,
SANITARYWARE,4460,"Restrooms One Piece Closet with Integrated Cistern, Seat Cover and Twin Flush Fittings CLOSET S TRAP 710 x 370 x 810 mm Soft Close Seat Cover Twin Flush Fitting Wall Distance 180   10 mm",WHITE,12540,
SANITARYWARE,4460,"Restrooms One Piece Closet with Integrated Cistern, Seat Cover and Twin Flush Fittings CLOSET S TRAP 710 x 370 x 810 mm Soft Close Seat Cover Twin Flush Fitting Wall Distance 180   10 mm",IVORY,14410,
SANITARYWARE,4260,"Restrooms One Piece Closet with Integrated Cistern, Seat Cover and Twin Flush Fittings CLOSET S TRAP 710 x 370 x 810 mm Soft Close Seat Cover Twin Flush Fitting Wall Distance 225   10 mm",WHITE,12540,
SANITARYWARE,4260,"Restrooms One Piece Closet with Integrated Cistern, Seat Cover and Twin Flush Fittings CLOSET S TRAP 710 x 370 x 810 mm Soft Close Seat Cover Twin Flush Fitting Wall Distance 225   10 mm",IVORY,14410,
SANITARYWARE,4254,"Restrooms One Piece Closet with Integrated Cistern, Seat Cover and Twin Flush Fittings CLOSET S TRAP 645 x 365 x 730 mm Soft Close Seat Cover Siphonic Flush Wall Distance 180   10 mm",WHITE,14960,
SANITARYWARE,4254,"Restrooms One Piece Closet with Integrated Cistern, Seat Cover and Twin Flush Fittings CLOSET S TRAP 645 x 365 x 730 mm Soft Close Seat Cover Siphonic Flush Wall Distance 180   10 mm",IVORY,16460,
SANITARYWARE,4253,"Restrooms One Piece Closet with Integrated Cistern, Seat Cover and Twin Flush Fittings CLOSET S TRAP 645 x 365 x 730 mm Soft Close Seat Cover Siphonic Flush Wall Distance 300   10 mm",WHITE,14960,
SANITARYWARE,4253,"Restrooms One Piece Closet with Integrated Cistern, Seat Cover and Twin Flush Fittings CLOSET S TRAP 645 x 365 x 730 mm Soft Close Seat Cover Siphonic Flush Wall Distance 300   10 mm",IVORY,16460,
SANITARYWARE,4252,"Restrooms One Piece Closet with Integrated Cistern, Seat Cover and Twin Flush Fittings CLOSET S TRAP 645 x 365 x 730 mm Soft Close Seat Cover Siphonic Flush Wall Distance 225   10 mm",WHITE,14960,
SANITARYWARE,4252,"Restrooms One Piece Closet with Integrated Cistern, Seat Cover and Twin Flush Fittings CLOSET S TRAP 645 x 365 x 730 mm Soft Close Seat Cover Siphonic Flush Wall Distance 225   10 mm",IVORY,16460,
SANITARYWARE,4390,"Restrooms One Piece Closet with Integrated Cistern, Seat Cover and Twin Flush Fittings CLOSET S TRAP 700 x 370 x 745 mm Soft Close Seat Cover Siphonic Flush Wall Distance 225   10 mm",WHITE,12320,
SANITARYWARE,4390,"Restrooms One Piece Closet with Integrated Cistern, Seat Cover and Twin Flush Fittings CLOSET S TRAP 700 x 370 x 745 mm Soft Close Seat Cover Siphonic Flush Wall Distance 225   10 mm",White with Jet,12980,
SANITARYWARE,4380,"Restrooms One Piece Closet with Integrated Cistern, Seat Cover and Twin Flush Fittings CLOSET S TRAP 650 x 350 x 730 mm Soft Close Seat Cover Siphonic Flush Wall Distance 225   10 mm",WHITE,12760,
SANITARYWARE,4380,"Restrooms One Piece Closet with Integrated Cistern, Seat Cover and Twin Flush Fittings CLOSET S TRAP 650 x 350 x 730 mm Soft Close Seat Cover Siphonic Flush Wall Distance 225   10 mm",IVORY,14670,
SANITARYWARE,4365,"Restrooms One Piece Closet with Integrated Cistern, Seat Cover and Twin Flush Fittings CLOSET S TRAP 690 x 375 x 785 mm Soft Close Seat Cover Siphonic Flush Wall Distance 225   10 mm",WHITE,13960,
SANITARYWARE,4365,"Restrooms One Piece Closet with Integrated Cistern, Seat Cover and Twin Flush Fittings CLOSET S TRAP 690 x 375 x 785 mm Soft Close Seat Cover Siphonic Flush Wall Distance 225   10 mm",IVORY,15360,
SANITARYWARE,4364,"Restrooms One Piece Closet with Integrated Cistern, Seat Cover and Twin Flush Fittings CLOSET S TRAP 690 x 375 x 785 mm Soft Close Seat Cover Siphonic Flush Wall Distance 100   10 mm",WHITE,13960,
SANITARYWARE,4364,"Restrooms One Piece Closet with Integrated Cistern, Seat Cover and Twin Flush Fittings CLOSET S TRAP 690 x 375 x 785 mm Soft Close Seat Cover Siphonic Flush Wall Distance 100   10 mm",IVORY,15360,
SANITARYWARE,4353,"Restrooms One Piece Closet with Integrated Cistern, Seat Cover and Twin Flush Fittings CLOSET S TRAP 747 x 370 x 650 mm Soft Close Seat Cover Siphonic Flush Wall Distance 225   10 mm",WHITE,17380,
SANITARYWARE,4353,"Restrooms One Piece Closet with Integrated Cistern, Seat Cover and Twin Flush Fittings CLOSET S TRAP 747 x 370 x 650 mm Soft Close Seat Cover Siphonic Flush Wall Distance 225   10 mm",IVORY,19120,
SANITARYWARE,4375,"Restrooms One Piece Closet with Integrated Cistern, Seat Cover and Twin Flush Fittings CLOSET S TRAP 655 x 360 x 735mm Soft Close Seat Cover Siphonic Flush Wall Distance 225   10 mm",WHITE,13960,
SANITARYWARE,4375,"Restrooms One Piece Closet with Integrated Cistern, Seat Cover and Twin Flush Fittings CLOSET S TRAP 655 x 360 x 735mm Soft Close Seat Cover Siphonic Flush Wall Distance 225   10 mm",IVORY,15360,
SANITARYWARE,4374,CLOSET S TRAP SOFT CLOSE SEAT COVER SIPHONIC FLUSH WALL DISTANCE 100+ 10MM 655X360X735MM,IVORY,17180,
SANITARYWARE,4535,WALL HUNG - CLOSET SOFT CLOSE SEAT COVER WALL DISTANCE 180+10mm 570X360X380mm,WHITE,5780,
SANITARYWARE,4535,WALL HUNG - CLOSET SOFT CLOSE SEAT COVER WALL DISTANCE 180+10mm 570X360X380mm,IVORY,6650,
SANITARYWARE,4711,one piece wash basin 440X470X130mm,WHITE,3080,
SANITARYWARE,4257,CLOSET 'S' TRAP Soft Close Seat Cover Siphonic Flush  Wall Distance 225 10mm,White,19580,
SANITARYWARE,4257,CLOSET 'S' TRAP Soft Close Seat Cover Siphonic Flush  Wall Distance 225 10mm,Ivory,21840,
SANITARYWARE,4724,LIVONE 550x400 mm One Piece Wash Basin,,4840,
SANITARYWARE,4011,"ECO Orissa Pan 20"" 500  x 440 MM",White,1490,
SANITARYWARE,4011,"ECO Orissa Pan 20"" 500  x 440 MM",Ivory,1790,
SANITARYWARE,4011,"ECO Orissa Pan 20"" 500  x 440 MM",Blue,1860,
SANITARYWARE,4011,"ECO Orissa Pan 20"" 500  x 440 MM",Green,1860,
SANITARYWARE,4011,"ECO Orissa Pan 20"" 500  x 440 MM",Pink,1860,
SANITARYWARE,4052,"City Pan 23""	580 X 440 MM",White,2380,
SANITARYWARE,4052,"City Pan 23""	580 X 440 MM",Ivory,2850,
SANITARYWARE,4660,Sierra Wash Basin 460 X 350 X 140 MM,White,1680,
SANITARYWARE,4660,Sierra Wash Basin 460 X 350 X 140 MM,Ivory,1990,
SANITARYWARE,4659,EVA One Piece Wash Basin 400 x 350 mm,White,1580,
SANITARYWARE,4659,EVA One Piece Wash Basin 400 x 350 mm,Ivory,1820,
SANITARYWARE,4658,KONA Corner Wash Basin 400 x 400 mm,White,1840,
SANITARYWARE,4658,KONA Corner Wash Basin 400 x 400 mm,Ivory,2490,
SANITARYWARE,513-EWC,SCARLET,,540,
SANITARYWARE,4997,295 x 355 x 550 mm URINAL,White,6270,
SANITARYWARE,4997,295 x 355 x 550 mm URINAL,Ivory,7220,
SANITARYWARE,4996,330 x 330 x 430 mm HALF STALL,White,3140,
SANITARYWARE,4996,330 x 330 x 430 mm HALF STALL,Ivory,3590,
SANITARYWARE,4895,LEO 415 x 410 x 860 mm One Piece Floor Standing Basin,White,14630,
SANITARYWARE,4610,Wall Hung Basin BLISS 565 x 480 x 410 mm One piece Wash Basin,,7180,
SANITARYWARE,4608,Wall Hung Basin BLISS 540 x 450 x 370 mm One piece Wash Basin,,6980,
SANITARYWARE,4609,Wall Hung Basin BLISS 490 x 430 x 385 mm One piece Wash Basin,,7080,
SANITARYWARE,4648,QUEENS 600 x 480 x 470 mm One Piece Wash Basin,,3680,
SANITARYWARE,4665,QUEENS 600 x 480 x 470 mm Square pedestal for Queens wash basin,,2460,
SANITARYWARE,4612,ROSA 550 x 400 mm One Piece Wash Basin with Pedestal,White,4560,
SANITARYWARE,4612,ROSA 550 x 400 mm One Piece Wash Basin with Pedestal,Ivory,5250,
SANITARYWARE,4613,DAISY 550 x 400 mm One Piece Wash basin with Pedestal,White,4560,
SANITARYWARE,4613,DAISY 550 x 400 mm One Piece Wash basin with Pedestal,Ivory,5240,
SANITARYWARE,4611,LOTO 500 x 400 mm One Piece Wash Basin with Pedestal,White,3980,
SANITARYWARE,4611,LOTO 500 x 400 mm One Piece Wash Basin with Pedestal,Ivory,4570,
SANITARYWARE,4721,POLO 475 x 365 x 125 mm One Piece Wash Basin,,3760,
SANITARYWARE,4722,LEXO  635 x 405 x 125 mm One Piece Wash Basin,,5380,
SANITARYWARE,4570,LINEA Wall hung- Closet 533 x 355 x 355 mm Soft close Seat Cover Wall Distnace 180 10mm,White,9980,
SANITARYWARE,4570,LINEA Wall hung- Closet 533 x 355 x 355 mm Soft close Seat Cover Wall Distnace 180 10mm,Ivory,10980,
SANITARYWARE,4351,CRYSTAL CLOSER 'S' 600 x 380 x 760 mm Soft Close Seat Cover Twin Flush Fitting Wall Distance 200 10 mm,White,14960,
SANITARYWARE,4351,CRYSTAL CLOSER 'S' 600 x 380 x 760 mm Soft Close Seat Cover Twin Flush Fitting Wall Distance 200 10 mm,Ivory,17190,
SANITARYWARE,4352,CRYSTAL CLOSER 'S' 600 x 380 x 760 mm Soft Close Seat Cover Twin Flush Fitting Wall Distance 300 10 mm,White,14960,
SANITARYWARE,4352,CRYSTAL CLOSER 'S' 600 x 380 x 760 mm Soft Close Seat Cover Twin Flush Fitting Wall Distance 300 10 mm,Ivory,17190,
SANITARYWARE,4376,PRIME CLOSET 'S' 650 x 370 x 730 mm Soft Close Seat Cover Twin Flush Fitting Wall Distance 225 10 mm,White,12760,
SANITARYWARE,4376,PRIME CLOSET 'S' 650 x 370 x 730 mm Soft Close Seat Cover Twin Flush Fitting Wall Distance 225 10 mm,Ivory,14670,
SANITARYWARE,4377,PRIME CLOSET 'P' TRAP  650 x 370 x 730 mm Soft Close Seat Cover Twin Flush Fitting Wall Distance 180 10 mm,White,12760,
SANITARYWARE,4377,PRIME CLOSET 'P' TRAP  650 x 370 x 730 mm Soft Close Seat Cover Twin Flush Fitting Wall Distance 180 10 mm,Ivory,14670,
SANITARYWARE,4361,MAJESTIC  CLOSET 'S' 650 x 350 x 710 mm Soft Close Seat Cover Twin Flush Fitting Wall Distance 225 10 mm,White,13960,
SANITARYWARE,4361,MAJESTIC  CLOSET 'S' 650 x 350 x 710 mm Soft Close Seat Cover Twin Flush Fitting Wall Distance 225 10 mm,Ivory,15360,
SANITARYWARE,4361,MAJESTIC  CLOSET 'S' 650 x 350 x 710 mm Soft Close Seat Cover Twin Flush Fitting Wall Distance 225 10 mm,White with Jet,14590,
SANITARYWARE,4362,MAJESTIC CLOSET 'P' TRAP 650 x 350 x 710 mm Soft Close Seat Cover Twin Flush Fitting Wall Distance 180 10 mm,White,13960,
SANITARYWARE,4362,MAJESTIC CLOSET 'P' TRAP 650 x 350 x 710 mm Soft Close Seat Cover Twin Flush Fitting Wall Distance 180 10 mm,Ivory,15360,
SANITARYWARE,4362,MAJESTIC CLOSET 'P' TRAP 650 x 350 x 710 mm Soft Close Seat Cover Twin Flush Fitting Wall Distance 180 10 mm,White with Jet,14590,
SANITARYWARE,4580,Wall Hung-Closet Ruby,Ivory,6010,
SANITARYWARE,4580,Wall Hung-Closet Ruby,White,5220,
SANITARYWARE,4585,Wall Hung-Closet Fusion,White,9680,
SANITARYWARE,4585,Wall Hung-Closet Fusion,Ivory,10650,
SANITARYWARE,4666,Art Basin Most Popular Collection - ECO,White,1240,
SANITARYWARE,4666,Art Basin Most Popular Collection - ECO,Ivory,1430,
SANITARYWARE,4001,Drenche Toilet (Fully Loaded)  White Glossy S Trap 300 MM  Floor Mounted,,94400,https://iamprayag.prayagindia.net/api/uploads/product_image/ProductImage67a732d067b45.png
SANITARYWARE,4002,"Lavish Floor Mounted  One Piece Toilet S Trap 300MM Glossy White Syphonic Flushing System,UF Soft Close Seat Cover",,48800,https://iamprayag.prayagindia.net/api/uploads/product_image/ProductImage67a7332427ae3.png
SANITARYWARE,4003,"Lavish  Floor Mounted One Piece Toilet S Trap 300MM  Matt Black Syphonic  Flushing System, UF Soft Close Seat Cover",,48800,https://iamprayag.prayagindia.net/api/uploads/product_image/ProductImage67a7337ead251.png
SANITARYWARE,4004,"Lavish  Floor Mounted One Piece Toilet S Trap 300MM Matt Grey - Syphonic  Flushing System, UF Soft Close Seat Cover",,48800,https://iamprayag.prayagindia.net/api/uploads/product_image/ProductImage67a733b22c2b1.png
SANITARYWARE,4005,"Prime Plus  Floor Mounted One Piece Toilet - S Trap 300MM Glossy White Syphonic  Flushing System, UF Soft Close Seat Cover",,35800,https://iamprayag.prayagindia.net/api/uploads/product_image/ProductImage67a733f206bda.png
SANITARYWARE,4006,"Prime Plus  Floor Mounted One Piece Toilet - S Trap 300MM Matt Black  Syphonic Flushing System, UF Soft Close Seat Cover",,47400,https://iamprayag.prayagindia.net/api/uploads/product_image/ProductImage67a73429db65e.png
SANITARYWARE,4007,"Prime Plus  Floor Mounted One Piece Toilet - S Trap 300MM Matt Grey  Syphonic Flushing System, UF Soft Close Seat Cover",,47400,https://iamprayag.prayagindia.net/api/uploads/product_image/ProductImage67a734678509c.png
SANITARYWARE,4810,Meridian  Tankless Wall Hung,,32800,https://iamprayag.prayagindia.net/api/uploads/product_image/ProductImage67ab3b47b38de.png
SANITARYWARE,4820,EDGE Tankless Wall Hung,,32800,https://iamprayag.prayagindia.net/api/uploads/product_image/ProductImage67ab3b6c4fe56.png
SANITARYWARE,4831,Aviva Rimless Wall Hung With  UF Seat Cover,,25800,https://iamprayag.prayagindia.net/api/uploads/product_image/ProductImage67ab3b98e2ac6.png
SANITARYWARE,4832,Aviva Rimless Wall Hung With  UF Seat Cover,,25800,https://iamprayag.prayagindia.net/api/uploads/product_image/ProductImage67ab3c0b72914.png
SANITARYWARE,4833,Aviva Rimless Wall Hung With  UF Seat Cover,,25800,https://iamprayag.prayagindia.net/api/uploads/product_image/ProductImage67ab3c3d722c0.png
SANITARYWARE,4834,Aviva Rimless Wall Hung With  UF Seat Cover,,25800,https://iamprayag.prayagindia.net/api/uploads/product_image/ProductImage67ab3c7a73777.png
SANITARYWARE,4841,Cardiff Rimless Wall Hung With UF Seat Cover,,25800,https://iamprayag.prayagindia.net/api/uploads/product_image/ProductImage67ab3c98c0ef0.png
SANITARYWARE,4842,Cardiff Rimless Wall Hung With UF Seat Cover,,25800,https://iamprayag.prayagindia.net/api/uploads/product_image/ProductImage67ab3cb8bc737.png
SANITARYWARE,4843,Cardiff Rimless Wall Hung With UF Seat Cover,,25800,https://iamprayag.prayagindia.net/api/uploads/product_image/ProductImage67ab3ce78261c.png
SANITARYWARE,4844,Cardiff Rimless Wall Hung With UF Seat Cover,,25800,https://iamprayag.prayagindia.net/api/uploads/product_image/ProductImage67ab3d0b216c0.png
SANITARYWARE,4801,Geo Table Top,,9970,https://iamprayag.prayagindia.net/api/uploads/product_image/ProductImage67ab3edfd270e.png
SANITARYWARE,4802,Geo Table Top,,9970,https://iamprayag.prayagindia.net/api/uploads/product_image/ProductImage67ab3f00b4b58.png
SANITARYWARE,4803,Geo Table Top,,9970,https://iamprayag.prayagindia.net/api/uploads/product_image/ProductImage67ab3f2727249.png
SANITARYWARE,4804,Geo Table Top,,9970,https://iamprayag.prayagindia.net/api/uploads/product_image/ProductImage67ab3f494a09e.png
SANITARYWARE,4805,Nexa Table Top,,9970,https://iamprayag.prayagindia.net/api/uploads/product_image/ProductImage67ab3f72e2604.png
SANITARYWARE,4806,Nexa Table Top,,9970,https://iamprayag.prayagindia.net/api/uploads/product_image/ProductImage67ab3f93a493c.png
SANITARYWARE,4807,Nexa Table Top,,9970,https://iamprayag.prayagindia.net/api/uploads/product_image/ProductImage67ab3faf13ae3.png
SANITARYWARE,4808,Nexa Table Top,,9970,https://iamprayag.prayagindia.net/api/uploads/product_image/ProductImage67ab3fce39822.png
SANITARYWARE,4614,PRIME 585 X 410 X 700 mm One Piece Wash Basin with Pedestal,White,4460,
SANITARYWARE,4614,PRIME 585 X 410 X 700 mm One Piece Wash Basin with Pedestal,Ivory,5130,
SANITARYWARE,4649,LUMINA 460 X 375 X 830 mm One Piece Wash Basin with Pedestal,White,4270,
SANITARYWARE,4649,LUMINA 460 X 375 X 830 mm One Piece Wash Basin with Pedestal,Ivory,5120,
SANITARYWARE,4021,SIGNET 540 x 350 x 400 mm EWC 'S' Trap Floor Mounted,White,8770,
SANITARYWARE,4021,SIGNET 540 x 350 x 400 mm EWC 'S' Trap Floor Mounted,Ivory,10530,
SANITARYWARE,4023,SIGMA 510 x 365 x 395 mm EWC 'S' Trap Floor Mounted,White,8180,
SANITARYWARE,4023,SIGMA 510 x 365 x 395 mm EWC 'S' Trap Floor Mounted,Ivory,9790,
SANITARYWARE,4521,Restrooms Wall Hung - Closet Seat Cover Apex,White,9980,
SANITARYWARE,4521,Restrooms Wall Hung - Closet Seat Cover Apex,Ivory,11940,
SANITARYWARE,4522,Restrooms Wall Hung - Closet Seat Cover Crios,White,9960,
SANITARYWARE,4522,Restrooms Wall Hung - Closet Seat Cover Crios,Ivory,12320,
SANITARYWARE,4523,Restrooms Wall Hung - Closet Seat Cover Oasis,White,9960,
SANITARYWARE,4523,Restrooms Wall Hung - Closet Seat Cover Oasis,Ivory,11940,
SANITARYWARE,4726,Art Basin Most Popular Collection Omini,,3140,
SANITARYWARE,4727,Art Basin Most Popular Collection Cello,,3430,
SANITARYWARE,4728,Art Basin Most Popular Collection Pearl,,5680,
SANITARYWARE,4729,Art Basin Most Popular Collection Rob,,3250,
SANITARYWARE,LAB-1,LABORATORY SINK,,5280,
SANITARYWARE,LAB-2,LABORATORY SINK,,5080,
SANITARYWARE,LAB-3,LABORATORY SINK,,3880,
SANITARYWARE,4430,Picasso One Piece closet  P Trap 180 MM,White,12320,
SANITARYWARE,4430,Picasso One Piece closet  P Trap 180 MM,Ivory,13550,
SANITARYWARE,4402,Astro One Piece Closet P Trap 180 MM,White,10780,
SANITARYWARE,4402,Astro One Piece Closet P Trap 180 MM,Ivory,13640,
SANITARYWARE,4402,Astro One Piece Closet P Trap 180 MM,White with Jet,11440,
SANITARYWARE,4403,Matrix One Piece Closet P Trap 180  MM,White,10780,
SANITARYWARE,4403,Matrix One Piece Closet P Trap 180  MM,Ivory,13640,
SANITARYWARE,4404,Marco One Piece closet P Trap 180  MM,White,10780,
SANITARYWARE,4404,Marco One Piece closet P Trap 180  MM,Ivory,13640,
SANITARYWARE,4404,Marco One Piece closet P Trap 180  MM,White with Jet,11440,
SANITARYWARE,4270,Athos One Piece closet S Trap 225 MM,White,14440,
SANITARYWARE,4270,Athos One Piece closet S Trap 225 MM,Ivory,17330,
SANITARYWARE,4270,Athos One Piece closet S Trap 225 MM,White with Jet,14990,
SANITARYWARE,4271,Athos One Piece closet S Trap 300 MM,White,14440,
SANITARYWARE,4271,Athos One Piece closet S Trap 300 MM,Ivory,17330,
SANITARYWARE,4271,Athos One Piece closet S Trap 300 MM,White with Jet,14990,
SANITARYWARE,4470,Athos One Piece closet P Trap 180  MM,White,14440,
SANITARYWARE,4470,Athos One Piece closet P Trap 180  MM,Ivory,17330,
SANITARYWARE,4470,Athos One Piece closet P Trap 180  MM,White with Jet,14990,
SANITARYWARE,4281,Neon One Piece Closet S Trap 225 MM,White,13670,
SANITARYWARE,4281,Neon One Piece Closet S Trap 225 MM,Ivory,16390,
SANITARYWARE,4281,Neon One Piece Closet S Trap 225 MM,White with Jet,15140,
SANITARYWARE,4480,Neon One Piece Closet P Trap 180 MM,White,13670,
SANITARYWARE,4480,Neon One Piece Closet P Trap 180 MM,Ivory,16390,
SANITARYWARE,4480,Neon One Piece Closet P Trap 180 MM,White with Jet,15140,
SANITARYWARE,4291,Blaze One Piece Closet S trap 225 MM,White,14440,
SANITARYWARE,4291,Blaze One Piece Closet S trap 225 MM,Ivory,17310,
SANITARYWARE,4490,Blaze One Piece Closet P trap 180 MM,White,14440,
SANITARYWARE,4490,Blaze One Piece Closet P trap 180 MM,Ivory,17310,
SANITARYWARE,4047,Full Frame for Concealed Cistern,,4840,
SANITARYWARE,4046,Half Frame for Concealed Cistern,,3080,
SANITARYWARE,403,Titan Side Handle Cistern 8 Ltr,,1350,
SANITARYWARE,404,Venus Side Handle Cistern 8 Ltr,,1630,
SANITARYWARE,405,Crystal Side Handle Cistern 8 Ltr,,1160,
SANITARYWARE,406,Dolphin Side Handle Cistern 8 Ltr,,1120,
SANITARYWARE,407,Crystal Top Push Cistern 8 Ltr,,1250,
SANITARYWARE,408,Coral Dual Flush Cistern 4/8 Ltr,,1820,
SANITARYWARE,4672,SLEEK 430 X 310 X 145 mm Wash Basin White,,1590,https://iamprayag.prayagindia.net/api/uploads/product_image/ProductImage69aabe000dbb1.png
SANITARYWARE,4737, ROLLEX 380 x 375 x 160 mm Corner Wash Basin White,,1290,https://iamprayag.prayagindia.net/api/uploads/product_image/ProductImage69aabecdb04a4.png
SANITARYWARE,4667,FLORA 410 x 305 x 150 mm Wash Basin,,1280,https://iamprayag.prayagindia.net/api/uploads/product_image/ProductImage69aabf5439871.png
SANITARYWARE,4024,HELIX Water Closet 525 x 350 x 390 mm EWC 'S' Trap,,7480,https://iamprayag.prayagindia.net/api/uploads/product_image/ProductImage69b7f62d851ca.png
SANITARYWARE,4025,HELIX Water Closet 525 x 350 x 390 mm EWC 'P’ Trap,,7480,https://iamprayag.prayagindia.net/api/uploads/product_image/ProductImage69b7f66587a7c.png
SANITARYWARE,4008,"SAGE ""P"" Trap Smart Wall Mounted 580 x 380 x 380 mm",White,124400,
SANITARYWARE,4363,"NOVA Closet ""S"" Trap Wall Distance 225 ? 10mm 660 x 370 x 750 mm",White,15960,
SANITARYWARE,4463,"NOVA Closet ""S"" Trap Wall Distance 300 ? 10mm 660 x 370 x 750 mm",White,15960,
SANITARYWARE,4357,"DUNE Closet ""S"" Trap Wall Distance 300 ? 10mm 650 x 360 x 725 mm",White,19580,
SANITARYWARE,4357,"DUNE Closet ""S"" Trap Wall Distance 300 ? 10mm 650 x 360 x 725 mm",Ivory,21840,
SANITARYWARE,4258,"MILANO Closet ""S"" Trap Wall Distance 225 ? 10mm 645 x 360 x 745 mm",White,15480,
SANITARYWARE,4381,"NEON Closet ""S"" Trap Wall Distance 300 ? 10mm 675 x 365 x 740 mm",White,13670,
SANITARYWARE,4381,"NEON Closet ""S"" Trap Wall Distance 300 ? 10mm 675 x 365 x 740 mm",Ivory,16390,
SANITARYWARE,4381,"NEON Closet ""S"" Trap Wall Distance 300 ? 10mm 675 x 365 x 740 mm",White with Jet,15140,
SANITARYWARE,4306,"ULTRA Closet ""S"" Trap Wall Distance 230 ? 10mm 695 x 360 x 740 mm",White,11660,
SANITARYWARE,4292,"BLAZE Closet ""S"" Trap Wall Distance 300 ? 10mm 650 x 360 x 725 mm",White,14440,
SANITARYWARE,4292,"BLAZE Closet ""S"" Trap Wall Distance 300 ? 10mm 650 x 360 x 725 mm",Ivory,17310,
SANITARYWARE,4259,"MILANO Closet ""S"" Trap Wall Distance 225 ? 10mm 645 x 360 x 745 mm",White,14440,
SANITARYWARE,4305,"ZETA Closet ""S"" Trap Wall Distance 230 ? 10mm 676 x 370 x 766 mm",White,11990,
SANITARYWARE,4305,"ZETA Closet ""S"" Trap Wall Distance 230 ? 10mm 676 x 370 x 766 mm",White with Jet,12650,
SANITARYWARE,4405,"ZETA Closet ""P"" Trap Wall Distance 180 ? 10mm 676 x 370 x 766 mm",White,11990,
SANITARYWARE,4405,"ZETA Closet ""P"" Trap Wall Distance 180 ? 10mm 676 x 370 x 766 mm",White with Jet,12650,
SANITARYWARE,4282,"DELTA Closet ""S"" Trap Wall Distance 225 ? 10mm 665 x 360 x 750 mm",White,13480,
SANITARYWARE,4282,"DELTA Closet ""S"" Trap Wall Distance 225 ? 10mm 665 x 360 x 750 mm",White with Jet,14130,
SANITARYWARE,4482,"DELTA Closet ""P"" Trap Wall Distance 180 ? 10mm 665 x 360 x 750 mm",White,13480,
SANITARYWARE,4482,"DELTA Closet ""P"" Trap Wall Distance 180 ? 10mm 665 x 360 x 750 mm",White with Jet,14130,
SANITARYWARE,4526,"CALIBER Closet ""S"" Trap Wall Distance 225 ? 10mm 530 x 360 x 375 mm",White,10840,
SANITARYWARE,4835,AVIVA Wall Hung - Closet Wall Distance 180 ? 10mm 520 x 360 x 350 mm,White,18820,
SANITARYWARE,4527,CROMA Wall Hung - Closet Wall Distance 180 ? 10mm 490 x 355 x 340 mm,White,8700,
SANITARYWARE,4845,CARDIFF Wall Hung - Closet Wall Distance 180 ? 10mm 490 x 360 x 345 mm,White,18860,
SANITARYWARE,4736,RESA Table Top Basin 700 x 335 x 135 mm,White,6880,
SANITARYWARE,4730,LUXOR Table Top Basin 600 x 380 x 135 mm,White,6420,
SANITARYWARE,4732,NOVO Table Top Basin 365 x 255 x 105 mm,White,2980,
SANITARYWARE,4734,ELENA Table Top Basin 280 x 280 x 120 mm,White,2580,
SANITARYWARE,4731,HELIX Table Top Basin 450 x 300 x 125 mm,White,4160,
SANITARYWARE,4733,ERA Table Top Basin 320 x 320 x 110 mm,White,2680,
SANITARYWARE,4735,LIBRA Table Top Basin 450 x 325 x 125 mm,White,4680,
SANITARYWARE,4561,SALSA Wash Basin Pedestal 535 x 420 mm,White,1780,
SANITARYWARE,4561,SALSA Wash Basin Pedestal 535 x 420 mm,Ivory,2290,
SANITARYWARE,4615,CORNET Wash Basin Pedestal 440 x 365 x 850 mm,White,4160,
SANITARYWARE,4616,POLLAR Wash Basin Pedestal 570 x 425 x 845 mm,White,4660,
SANITARYWARE,4673,ORBIT Wash Basin 445 x 310 x 135 mm,White,1840,
SANITARYWARE,4674,REAL Wash Basin 400 x 320 x 145 mm,White,1640,
SANITARYWARE,4668,CLASSIC Wash Basin 525 x 440 mm,White,1980,
SANITARYWARE,4669,VEGAS Wash Basin 545 x 445 mm,White,2280,
SANITARYWARE,4791,OVAL Counter Wash Basin 455 x 335 x 160 mm,White,2380,
SANITARYWARE,4792,SQUARE Counter Wash Basin 540 x 450 x 195 mm,White,3140,
SANITARYWARE,4020-P,CORAL EWC 'P' Trap 500 x 340 x 410 mm,White,3880,
SANITARYWARE,4020-P,CORAL EWC 'P' Trap 500 x 340 x 410 mm,Ivory,4460,
SANITARYWARE,4991,MODENA BIDET (SQUARE) Bidet 520 x 350 x 300 mm,White,11980,
SANITARYWARE,4992,NOVEL BIDET (ROUND) Bidet 525 x 370 x 310 mm,White,11480,
SANITARYWARE,4013,"RIMLESS ORISSA PAN 22"" Pan Toilet 570 x 440 x 250 mm",White,1980,
SWR DRAINTECH,PW 99S,SWR PIPE SELF FIT TYPE A 90MM,,466,
SWR DRAINTECH,PW 98S,SWR PIPE SELF FIT TYPE A 90MM,,472,
SWR DRAINTECH,PW 97S,SWR PIPE SELF FIT TYPE A 90MM,,318,
SWR DRAINTECH,PW 96S,SWR PIPE SELF FIT TYPE A 90MM,,243,
SWR DRAINTECH,PW 95S,SWR PIPE SELF FIT TYPE A 90MM,,167,
SWR DRAINTECH,PW 94S,SWR PIPE SELF FIT TYPE A 90MM,,1382,
SWR DRAINTECH,PW 93S,SWR PIPE SELF FIT TYPE A 90MM,,1376,
SWR DRAINTECH,PW 92S,SWR PIPE SELF FIT TYPE A 90MM,,694,
SWR DRAINTECH,PW 91S,SWR PIPE SELF FIT TYPE A 90MM,,688,
SWR DRAINTECH,PW 90S,SWR PIPE SELF FIT TYPE B 90MM,,524,
SWR DRAINTECH,PW 89S,SWR PIPE SELF FIT TYPE B 90MM,,774,
SWR DRAINTECH,PW 88S,SWR PIPE SELF FIT TYPE B 90MM,,774,
SWR DRAINTECH,PW 87S,SWR PIPE SELF FIT TYPE B 90MM,,524,
SWR DRAINTECH,PW 86S,SWR PIPE SELF FIT TYPE B 90MM,,399,
SWR DRAINTECH,PW 85S,SWR PIPE SELF FIT TYPE B 90MM,,274,
SWR DRAINTECH,PW 84S,SWR PIPE SELF FIT TYPE B 90MM,,2208,
SWR DRAINTECH,PW 83S,SWR PIPE SELF FIT TYPE B 90MM,,2196,
SWR DRAINTECH,PW 82S,SWR PIPE SELF FIT TYPE B 90MM,,1108,
SWR DRAINTECH,PW 81S,SWR PIPE SELF FIT TYPE B 90MM,,1098,
SWR DRAINTECH,PW 80S,SWR PIPE SELF FIT TYPE A 75MM,,246,
SWR DRAINTECH,PW 79S,SWR PIPE SELF FIT TYPE A 75MM,,368,
SWR DRAINTECH,PW 78S,SWR PIPE SELF FIT TYPE A 75MM,,372,
SWR DRAINTECH,PW 77S,SWR PIPE SELF FIT TYPE A 75MM,,251,
SWR DRAINTECH,PW 76S,SWR PIPE SELF FIT TYPE A 75MM,,191,
SWR DRAINTECH,PW 75S,SWR PIPE SELF FIT TYPE A 75MM,,131,
SWR DRAINTECH,PW 74S,SWR PIPE SELF FIT TYPE A 75MM,,1138,
SWR DRAINTECH,PW 73S,SWR PIPE SELF FIT TYPE A 75MM,,1132,
SWR DRAINTECH,PW 72S,SWR PIPE SELF FIT TYPE A 75MM,,572,
SWR DRAINTECH,PW 71S,SWR PIPE SELF FIT TYPE A 75MM,,566,
SWR DRAINTECH,PW 70S,SWR PIPE SELF FIT TYPE A 160MM,,968,
SWR DRAINTECH,PW 69S,SWR PIPE SELF FIT TYPE A 160MM,,1388,
SWR DRAINTECH,PW 68S,SWR PIPE SELF FIT TYPE A 160MM,,1398,
SWR DRAINTECH,PW 67S,SWR PIPE SELF FIT TYPE A 160MM,,978,
SWR DRAINTECH,PW 66S,SWR PIPE SELF FIT TYPE A 160MM,,732,
SWR DRAINTECH,PW 65S,SWR PIPE SELF FIT TYPE A 160MM,,512,
SWR DRAINTECH,PW 64S,SWR PIPE SELF FIT TYPE A 160MM,,4086,
SWR DRAINTECH,PW 63S,SWR PIPE SELF FIT TYPE A 160MM,,4076,
SWR DRAINTECH,PW 62S,SWR PIPE SELF FIT TYPE A 160MM,,2048,
SWR DRAINTECH,PW 61S,SWR PIPE SELF FIT TYPE A 160MM,,2038,
SWR DRAINTECH,PW 60S,SWR PIPE SELF FIT TYPE B 160MM,,1160,
SWR DRAINTECH,PW 59S,SWR PIPE SELF FIT TYPE B 160MM,,1748,
SWR DRAINTECH,PW 58S,SWR PIPE SELF FIT TYPE B 160MM,,1764,
SWR DRAINTECH,PW 57S,SWR PIPE SELF FIT TYPE B 160MM,,1176,
SWR DRAINTECH,PW 56S,SWR PIPE SELF FIT TYPE B 160MM,,882,
SWR DRAINTECH,PW 55S,SWR PIPE SELF FIT TYPE B 160MM,,588,
SWR DRAINTECH,PW 54S,SWR PIPE SELF FIT TYPE B 160MM,,4986,
SWR DRAINTECH,PW 53S,SWR PIPE SELF FIT TYPE B 160MM,,4976,
SWR DRAINTECH,PW 52S,SWR PIPE SELF FIT TYPE B 160MM,,2498,
SWR DRAINTECH,PW 51S,SWR PIPE SELF FIT TYPE B 160MM,,2488,
SWR DRAINTECH,PW 40S,SWR PIPE SELF FIT TYPE B 75MM,,424,
SWR DRAINTECH,PW 39S,SWR PIPE SELF FIT TYPE B 75MM,,630,
SWR DRAINTECH,PW 38S,SWR PIPE SELF FIT TYPE B 75MM,,636,
SWR DRAINTECH,PW 37S,SWR PIPE SELF FIT TYPE B 75MM,,429,
SWR DRAINTECH,PW 36S,SWR PIPE SELF FIT TYPE B 75MM,,325,
SWR DRAINTECH,PW 35S,SWR PIPE SELF FIT TYPE B 75MM,,222,
SWR DRAINTECH,PW 34S,SWR PIPE SELF FIT TYPE B 75MM,,1848,
SWR DRAINTECH,PW 33S,SWR PIPE SELF FIT TYPE B 75MM,,1842,
SWR DRAINTECH,PW 32S,SWR PIPE SELF FIT TYPE B 75MM,,927,
SWR DRAINTECH,PW 31S,SWR PIPE SELF FIT TYPE B 75MM,,921,
SWR DRAINTECH,PW 30S,SWR PIPE SELF FIT TYPE B 110MM,,640,
SWR DRAINTECH,PW 29S,SWR PIPE SELF FIT TYPE B 110MM,,930,
SWR DRAINTECH,PW 28S,SWR PIPE SELF FIT TYPE B 110MM,,938,
SWR DRAINTECH,PW 27S,SWR PIPE SELF FIT TYPE B 110MM,,648,
SWR DRAINTECH,PW 26S,SWR PIPE SELF FIT TYPE B 110MM,,488,
SWR DRAINTECH,PW 25S,SWR PIPE SELF FIT TYPE B 110MM,,336,
SWR DRAINTECH,PW 24S,SWR PIPE SELF FIT TYPE B 110MM,,2762,
SWR DRAINTECH,PW 23S,SWR PIPE SELF FIT TYPE B 110MM,,2756,
SWR DRAINTECH,PW 22S,SWR PIPE SELF FIT TYPE B 110MM,,1384,
SWR DRAINTECH,PW 21S,SWR PIPE SELF FIT TYPE B 110MM,,1378,
SWR DRAINTECH,PW 20S,SWR PIPE SELF FIT TYPE A 110MM,,452,
SWR DRAINTECH,PW 19S,SWR PIPE SELF FIT TYPE A 110MM,,670,
SWR DRAINTECH,PW 18S,SWR PIPE SELF FIT TYPE A 110MM,,676,
SWR DRAINTECH,PW 17S,SWR PIPE SELF FIT TYPE A 110MM,,458,
SWR DRAINTECH,PW 16S,SWR PIPE SELF FIT TYPE A 110MM,,349,
SWR DRAINTECH,PW 15S,SWR PIPE SELF FIT TYPE A 110MM,,241,
SWR DRAINTECH,PW 14S,SWR PIPE SELF FIT TYPE A 110MM,,1938,
SWR DRAINTECH,PW 13S,SWR PIPE SELF FIT TYPE A 110MM,,1932,
SWR DRAINTECH,PW 12S,SWR PIPE SELF FIT TYPE A 110MM,,972,
SWR DRAINTECH,PW 100S,SWR PIPE SELF FIT TYPE A 90MM,,312,
SWR DRAINTECH,5642S,SINGLE Y  WITH DOOR 160MM,,778,
SWR DRAINTECH,5142S,SINGLE Y  WITH DOOR 110MM,,318,
SWR DRAINTECH,5942S,SINGLE Y  WITH DOOR 90MM,,218,
SWR DRAINTECH,5742S,SINGLE Y  WITH DOOR 75MM,,162,
SWR DRAINTECH,5641S,SINGLE Y 160MM,,738,
SWR DRAINTECH,5141S,SINGLE Y 110MM,,284,
SWR DRAINTECH,5941S,SINGLE Y  90MM,,197,
SWR DRAINTECH,5741S,SINGLE Y 75MM,,152,
SWR DRAINTECH,5634S,TEE WITH DOOR 160MM,,585,
SWR DRAINTECH,5134S,TEE WITH DOOR 110MM,,248,
SWR DRAINTECH,5934S,TEE WITH DOOR  90MM,,178,
SWR DRAINTECH,5734S,TEE WITH DOOR 75MM,,138,
SWR DRAINTECH,5633S,TEE  160MM,,564,
SWR DRAINTECH,5133S,TEE  110MM,,222,
SWR DRAINTECH,5933S,TEE  90MM,,160,
SWR DRAINTECH,5733S,TEE  75MM,,123,
SWR DRAINTECH,5622S,REPAIR COUPLER 160MM,,198,
SWR DRAINTECH,5122S,REPAIR COUPLER 110MM,,94,
SWR DRAINTECH,5922S,REPAIR COUPLER 90MM,,72,
SWR DRAINTECH,5722S,REPAIR COUPLER  75MM,,52,
SWR DRAINTECH,5621S,COUPLER  160MM,,210.2,
SWR DRAINTECH,5121S,COUPLER 110MM,,88,
SWR DRAINTECH,5921S,COUPLER  90MM,,67,
SWR DRAINTECH,5721S,COUPLER  75MM,,48,
SWR DRAINTECH,5612S,BEND 87.5 WITH DOOR 160MM,,437.9,
SWR DRAINTECH,5112S,BEND 87.5 WITH DOOR 110MM,,180.3,
SWR DRAINTECH,5912S,BEND 87.5 WITH DOOR  90MM,,117.7,
SWR DRAINTECH,5712S,BEND 87.5 WITH DOOR  75MM,,89,
SWR DRAINTECH,5611S,BEND 87.5  160MM,,396,
SWR DRAINTECH,5111S,BEND 87.5 110MM,,158,
SWR DRAINTECH,5911S,BEND 87.5  90MM,,108,
SWR DRAINTECH,5711S,BEND 87.5  75MM,,80,
SWR DRAINTECH,5610S,BEND 45  160MM,,324,
SWR DRAINTECH,5110S,BEND 45  110MM,,126,
SWR DRAINTECH,5910S,BEND 45  90MM,,92,
SWR DRAINTECH,5710S,BEND 45  75MM,,68,
SWR DRAINTECH,PW 60,SWR PIPE TYPE B 4 FEET S/S 160MM,,1264,
SWR DRAINTECH,PW 59,SWR PIPE TYPE B 6 FEET S/S 160MM,,1860,
SWR DRAINTECH,PW 58,SWR PIPE TYPE B 6 FEET D/S 160MM,,1884,
SWR DRAINTECH,PW 57,SWR PIPE TYPE B 4 FEET D/S 160MM,,1298,
SWR DRAINTECH,PW 56,SWR PIPE TYPE B 3 FEET D/S 160MM,,998,
SWR DRAINTECH,PW 55,SWR PIPE TYPE B 2 FEET D/S 160MM,,692,
SWR DRAINTECH,PW 54,SWR PIPE TYPE B 6 METER D/S 160MM,,5020,
SWR DRAINTECH,PW 53,SWR PIPE TYPE B 6 METER S/S 160MM,,4996,
SWR DRAINTECH,PW 52,SWR PIPE TYPE B 3 METER D/S 160MM,,2524,
SWR DRAINTECH,PW 51,SWR PIPE TYPE B 3 METER S/S 160MM,,2498,
SWR DRAINTECH,PW 30,SWR PIPE TYPE B 4 FEET S/S 110MM,,708,
SWR DRAINTECH,PW 29,SWR PIPE TYPE B 6 FEET S/S 110MM,,1038,
SWR DRAINTECH,PW 28,SWR PIPE TYPE B 6 FEET D/S 110MM,,1058,
SWR DRAINTECH,PW 27,SWR PIPE TYPE B 4 FEET D/S 110MM,,724,
SWR DRAINTECH,PW 26,SWR PIPE TYPE B 3 FEET D/S 110MM,,536,
SWR DRAINTECH,PW 25,SWR PIPE TYPE B 2 FEET D/S 110MM,,378,
SWR DRAINTECH,PW 24,SWR PIPE TYPE B 6 METER D/S 110MM,,2812,
SWR DRAINTECH,PW 23,SWR PIPE TYPE B 6 METER S/S 110MM,,2798,
SWR DRAINTECH,PW 22,SWR PIPE TYPE B 3 METER D/S 110MM,,1414,
SWR DRAINTECH,PW 21,SWR PIPE TYPE B 3 METER S/S 110MM,,1398,
SWR DRAINTECH,PW 90,SWR PIPE TYPE B 4 FEET S/S 90MM,,568,
SWR DRAINTECH,PW 89,SWR PIPE TYPE B 6 FEET S/S 90MM,,840,
SWR DRAINTECH,PW 88,SWR PIPE TYPE B 6 FEET D/S 90MM,,858,
SWR DRAINTECH,PW 87,SWR PIPE TYPE B 4 FEET D/S 90MM,,584,
SWR DRAINTECH,PW 86,SWR PIPE TYPE B 3 FEET D/S 90MM,,444,
SWR DRAINTECH,PW 85,SWR PIPE TYPE B 2 FEET D/S 90MM,,298,
SWR DRAINTECH,PW 84,SWR PIPE TYPE B 6 METER D/S 90MM,,2256,
SWR DRAINTECH,PW 83,SWR PIPE TYPE B 6 METER S/S 90MM,,2244,
SWR DRAINTECH,PW 82,SWR PIPE TYPE B 3 METER D/S 90MM,,1134,
SWR DRAINTECH,PW 81,SWR PIPE TYPE B 3 METER S/S 90MM,,1122,
SWR DRAINTECH,PW 40,SWR PIPE TYPE B 4 FEET S/S 75MM,,468,
SWR DRAINTECH,PW 39,SWR PIPE TYPE B 6 FEET S/S 75MM,,692,
SWR DRAINTECH,PW 38,SWR PIPE TYPE B 6 FEET D/S 75MM,,712,
SWR DRAINTECH,PW 37,SWR PIPE TYPE B 4 FEET D/S 75MM,,482,
SWR DRAINTECH,PW 36,SWR PIPE TYPE B 3 FEET D/S 75MM,,368,
SWR DRAINTECH,PW 35,SWR PIPE TYPE B 2 FEET D/S 75MM,,248,
SWR DRAINTECH,PW 34,SWR PIPE TYPE B 6 METER D/S 75MM,,1846,
SWR DRAINTECH,PW 33,SWR PIPE TYPE B 6 METER S/S 75MM,,1836,
SWR DRAINTECH,PW 32,SWR PIPE TYPE B 3 METER D/S 75MM,,928,
SWR DRAINTECH,PW 31,SWR PIPE TYPE B 3 METER S/S 75MM,,918,
SWR DRAINTECH,PW 70,SWR PIPE TYPE A 4 FEET S/S 160MM,,954,
SWR DRAINTECH,PW 69,SWR PIPE TYPE A 6 FEET S/S 160MM,,1446,
SWR DRAINTECH,PW 68,SWR PIPE TYPE A 6 FEET D/S 160MM,,1472,
SWR DRAINTECH,PW 67,SWR PIPE TYPE A 4 FEET D/S 160MM,,978,
SWR DRAINTECH,PW 66,SWR PIPE TYPE A 3 FEET D/S 160MM,,742,
SWR DRAINTECH,PW 65,SWR PIPE TYPE A 2 FEET D/S 160MM,,498,
SWR DRAINTECH,PW 64,SWR PIPE TYPE A 6 METER D/S 160MM,,4160,
SWR DRAINTECH,PW 63,SWR PIPE TYPE A 6 METER S/S 160MM,,4140,
SWR DRAINTECH,PW 62,SWR PIPE TYPE A 3 METER D/S 160MM,,2090,
SWR DRAINTECH,PW 61,SWR PIPE TYPE A 3 METER S/S 160MM,,2070,
SWR DRAINTECH,PW 20,SWR PIPE TYPE A 4 FEET S/S 110MM,,478,
SWR DRAINTECH,PW 19,SWR PIPE TYPE A 6 FEET S/S 110MM,,720,
SWR DRAINTECH,PW 18,SWR PIPE TYPE A 6 FEET D/S 110MM,,734,
SWR DRAINTECH,PW 17,SWR PIPE TYPE A 4 FEET D/S 110MM,,494,
SWR DRAINTECH,PW 16,SWR PIPE TYPE A 3 FEET D/S 110MM,,378,
SWR DRAINTECH,PW 15,SWR PIPE TYPE A 2 FEET D/S 110MM,,258,
SWR DRAINTECH,PW 14,SWR PIPE TYPE A 6 METER D/S 110MM,,1960,
SWR DRAINTECH,PW 13,SWR PIPE TYPE A 6 METER S/S 110MM,,1940,
SWR DRAINTECH,PW 12,SWR PIPE TYPE A 3 METER D/S 110MM,,987,
SWR DRAINTECH,PW 11,SWR PIPE TYPE A 3 METER S/S 110MM,,970,
SWR DRAINTECH,PW 100,SWR PIPE TYPE A 4 FEET S/S 90MM,,354,
SWR DRAINTECH,PW 99,SWR PIPE TYPE A 6 FEET S/S 90MM,,540,
SWR DRAINTECH,PW 98,SWR PIPE TYPE A 6 FEET D/S 90MM,,554,
SWR DRAINTECH,PW 97,SWR PIPE TYPE A 4 FEET D/S 90MM,,368,
SWR DRAINTECH,PW 96,SWR PIPE TYPE A 3 FEET D/S 90MM,,268,
SWR DRAINTECH,PW 95,SWR PIPE TYPE A 2 FEET D/S 90MM,,188,
SWR DRAINTECH,PW 94,SWR PIPE TYPE A 6 METER D/S 90MM,,1408,
SWR DRAINTECH,PW 93,SWR PIPE TYPE A 6 METER S/S 90MM,,1396,
SWR DRAINTECH,PW 92,SWR PIPE TYPE A 3 METER D/S 90MM,,710,
SWR DRAINTECH,PW 91,SWR PIPE TYPE A 3 METER S/S 90MM,,698,
SWR DRAINTECH,PW 80,SWR PIPE TYPE A 4 FEET S/S 75MM,,286,
SWR DRAINTECH,PW 79,SWR PIPE TYPE A 6 FEET S/S 75MM,,434,
SWR DRAINTECH,PW 78,SWR PIPE TYPE A 6 FEET D/S 75MM,,444,
SWR DRAINTECH,PW 77,SWR PIPE TYPE A 4 FEET D/S 75MM,,296,
SWR DRAINTECH,PW 76,SWR PIPE TYPE A 3 FEET D/S 75MM,,222,
SWR DRAINTECH,PW 75,SWR PIPE TYPE A 2 FEET D/S 75MM,,148,
SWR DRAINTECH,PW 74,SWR PIPE TYPE A 6 METER D/S 75MM,,1209,
SWR DRAINTECH,PW 73,SWR PIPE TYPE A 6 METER S/S 75MM,,1196,
SWR DRAINTECH,PW 72,SWR PIPE TYPE A 3 METER D/S 75MM,,598,
SWR DRAINTECH,PW 71,SWR PIPE TYPE A 3 METER S/S 75MM,,578,
SWR DRAINTECH,RL-4,RUBBER LUBRICANT 500GM,,168,
SWR DRAINTECH,RL-3,RUBBER LUBRICANT 250GM,,92,
SWR DRAINTECH,RL-2,RUBBER LUBRICANT 100GM,,44,
SWR DRAINTECH,5765,"ROUND JALI 110MM 4""",,22.4,
SWR DRAINTECH,5173,"S TRAP 110 x 110MM 4"" x 4""",,488,
SWR DRAINTECH,5773,"S TRAP 110 x 125MM 4"" x 41/2""",,532,
SWR DRAINTECH,5171,"P TRAP 110 x 110MM 4"" x 4""",,351.4,
SWR DRAINTECH,5771,"P TRAP 110 x 125MM 4"" x 41/2""",,398.4,
SWR DRAINTECH,5105,"YELLOW SEAL O RING 160MM 6""",,40.9,
SWR DRAINTECH,5104,"YELLOW SEAL O RING 110MM 4""",,23.4,
SWR DRAINTECH,5103,"YELLOW SEAL O RING 90MM 3""",,15.1,
SWR DRAINTECH,5102,"YELLOW SEAL O RING 75MM 21/2""",,10.5,
SWR DRAINTECH,5791,"FLOOR TRAP 110 x 75MM 4"" x 21/2""",,129.2,
SWR DRAINTECH,5664,"DOOR CAP 160MM 6""",,74.2,
SWR DRAINTECH,5164,"DOOR CAP 110MM 4""",,42.6,
SWR DRAINTECH,5964,"DOOR CAP 90MM 3""",,31.2,
SWR DRAINTECH,5764,"DOOR CAP 75MM 2 1/2""",,21.2,
SWR DRAINTECH,5163,"NAHANI TRAP & JALI 110MM 4""",,203.3,
SWR DRAINTECH,5963,"NAHANI TRAP & JALI 90MM 3 """,,231.8,
SWR DRAINTECH,5763,"NAHANI TRAP & JALI 75MM 21/2""",,186.2,
SWR DRAINTECH,5172,"Q TRAP 110 x 110MM 4"" x 4""",,424,
SWR DRAINTECH,5772,"Q TRAP 110 x 125MM 4"" x 41/2""",,466,
SWR DRAINTECH,5662,"PIPE CLIP 160MM 6""",,57.4,
SWR DRAINTECH,5162,"PIPE CLIP 110MM 4""",,27.8,
SWR DRAINTECH,5962,"PIPE CLIP 90MM 3""",,20.8,
SWR DRAINTECH,5762,"PIPE CLIP 75MM 2 1/2""",,20.2,
SWR DRAINTECH,5661,"VENT COWL 160MM 6""",,84.6,
SWR DRAINTECH,5161,"VENT COWL 110MM 4""",,37.4,
SWR DRAINTECH,5961,"VENT COWL 90MM 3""",,31.4,
SWR DRAINTECH,5761,"VENT COWL 75MM 2 1/2""",,19.2,
SWR DRAINTECH,4761,VENT COWL 63MM,,15.2,
SWR DRAINTECH,5657,"REDUCER COUPLER 110 x 160MM 4/6""",,258.4,
SWR DRAINTECH,5957,"REDUCER COUPLER 90 x 110MM 3/4""",,126,
SWR DRAINTECH,5157,"REDUCER COUPLER 75 x 110MM 2 1/2"" x 4""",,107.8,
SWR DRAINTECH,5144,"DOUBLE Y 110MM 4""",,448.9,
SWR DRAINTECH,5744,"DOUBLE Y 75MM 21/2""",,207.9,
SWR DRAINTECH,5155,"REDUCER Y 75 x 110MM 21/2"" x 4""",,264.9,
SWR DRAINTECH,5143,"REVERSE Y 45 110MM 4""",,438,
SWR DRAINTECH,5743,"REVERSE Y 45 75MM 21/2""",,178,
SWR DRAINTECH,5641,"SINGLE Y  160MM 6""",,929.2,
SWR DRAINTECH,5141,"SINGLE Y  110MM 4""",,314.2,
SWR DRAINTECH,5941,"SINGLE Y  90MM 3""",,217.6,
SWR DRAINTECH,5741,"SINGLE Y 75MM 2 1/2""",,152.2,
SWR DRAINTECH,5158,"CLEANING PIPE 110MM 4""",,234,
SWR DRAINTECH,5758,"CLEANING PIPE 75MM 21/2""",,114,
SWR DRAINTECH,5145,"DOUBLE Y WITH DOOR 110MM 4""",,444.4,
SWR DRAINTECH,5745,"DOUBLE Y WITH DOOR 75MM 21/2""",,208.2,
SWR DRAINTECH,5156,"REDUCER Y WITH DOOR 75 x 110MM 21/2"" x 4""",,288,
SWR DRAINTECH,5146,REVERSE Y WITH DOOR 110MM,,277.8,
SWR DRAINTECH,5746,REVERSE Y WITH DOOR 75MM,,163.7,
SWR DRAINTECH,5642,SINGLE Y WITH DOOR 160MM,,974.6,
SWR DRAINTECH,5142,SINGLE Y WITH DOOR 110MM,,342.2,
SWR DRAINTECH,5942,SINGLE Y WITH DOOR 90MM,,225,
SWR DRAINTECH,5742,SINGLE Y WITH DOOR 75MM,,159.8,
SWR DRAINTECH,5752,"REDUCING TEE WITH DOOR 160 x 75MM 6"" x 2 1/2""",,584,
SWR DRAINTECH,5652,"REDUCING TEE WITH DOOR 110 x 160MM 4"" x 6""",,621.2,
SWR DRAINTECH,5952,"REDUCING TEE WITH DOOR 90 x 75MM 3"" x 2 1/2""",,202.6,
SWR DRAINTECH,5152,"REDUCING TEE WITH DOOR 75 x 110MM 2 1/2"" x 4""",,239.8,
SWR DRAINTECH,5751,"REDUCING TEE 160 x 75MM 6"" x 2 1/2""",,548,
SWR DRAINTECH,5651,"REDUCING TEE 110 x 160MM 4"" x 6""",,596,
SWR DRAINTECH,5951,"REDUCING TEE 90 x 75MM 3"" x 2 1/2""",,176,
SWR DRAINTECH,5151,"REDUCING TEE 75 x 110MM 2 1/2"" x 4""",,228,
SWR DRAINTECH,5633,SINGLE TEE 160MM,,632,
SWR DRAINTECH,5133,SINGLE TEE 110MM,,248,
SWR DRAINTECH,5933,SINGLE TEE 90MM,,169.8,
SWR DRAINTECH,5733,SINGLE TEE 75MM,,121,
SWR DRAINTECH,5131,CROSS TEE  110MM,,310,
SWR DRAINTECH,5731,CROSS TEE 75MM,,157,
SWR DRAINTECH,5621,COUPLER  160MM,,306,
SWR DRAINTECH,5121,COUPLER  110MM,,134,
SWR DRAINTECH,5921,COUPLER  90MM,,92,
SWR DRAINTECH,5721,COUPLER  75MM,,64,
SWR DRAINTECH,5114,BEND 87.5 WITH LH DOOR  110MM,,224,
SWR DRAINTECH,5714,BEND 87.5 WITH LH DOOR 75MM,,108,
SWR DRAINTECH,5611,BEND 87.5  160MM,,478,
SWR DRAINTECH,5111,BEND 87.5  110MM,,188,
SWR DRAINTECH,5911,BEND 87.5  90MM,,128,
SWR DRAINTECH,5711,BEND 87.5  75MM,,88,
SWR DRAINTECH,5634,SINGLE TEE WITH DOOR  160MM,,648,
SWR DRAINTECH,5134,SINGLE TEE WITH DOOR  110MM,,258,
SWR DRAINTECH,5934,SINGLE TEE WITH DOOR  90MM,,196,
SWR DRAINTECH,5734,SINGLE TEE WITH DOOR  75MM,,134.7,
SWR DRAINTECH,5132,CROSS TEE WITH RH DOOR  110MM,,326,
SWR DRAINTECH,5732,CROSS TEE WITH RH DOOR  75MM,,164,
SWR DRAINTECH,5622,REPAIR COUPLER  160MM,,299,
SWR DRAINTECH,5122,REPAIR COUPLER  110MM,,136,
SWR DRAINTECH,5922,REPAIR COUPLER  90MM,,92,
SWR DRAINTECH,5722,REPAIR COUPLER  75MM,,66.4,
SWR DRAINTECH,5115,BEND 87.5 WITH RH DOOR  110MM,,226,
SWR DRAINTECH,5715,BEND 87.5 WITH RH DOOR  75MM,,108.3,
SWR DRAINTECH,5612,BEND 87.5 WITH DOOR  160MM,,480,
SWR DRAINTECH,5112,BEND 87.5 WITH DOOR  110MM,,224,
SWR DRAINTECH,5912,BEND 87.5 WITH DOOR  90MM,,132,
SWR DRAINTECH,5712,BEND 87.5 WITH DOOR  75MM,,98,
SWR DRAINTECH,5610,BEND 45  160MM,,370,
SWR DRAINTECH,5110,BEND 45  110MM,,152.8,
SWR DRAINTECH,5910,BEND 45  90MM,,106.8,
SWR DRAINTECH,5710,BEND 45  75MM,,72.7,
SWR DRAINTECH,PW 11S,SWR PIPE SELF FIT TYPE A 110MM,,966,
SWR DRAINTECH,5763-W,"NAHANI TRAP & WITHOUT JALI 75MM 21/2""",,167.2,
SWR DRAINTECH,5963-W,"NAHANI TRAP & WITHOUT JALI 90MM 3 """,,207.1,
SWR DRAINTECH,5163-W,"NAHANI TRAP & WITHOUT JALI 110MM 4""",,182.4,
SWR DRAINTECH,5792,Mutifloor Trap 110*75*50MM,,158,
SWR DRAINTECH,5793,MULTI FLOOR TRAP WITH JALI 110x75mm 4 x2 1/2 inch,,194,
SWR DRAINTECH,4507,Back Flow valve,,78,
SWR DRAINTECH,5707,Back Flow valve,,90,
SWR DRAINTECH,5907,Back Flow valve,,114,
SWR DRAINTECH,5107,Back Flow valve,,126,
SWR DRAINTECH,5607,Back Flow valve,,300,
SWR DRAINTECH,4763,NAHANI TRAP & JALI 110x63,,169,
SWR DRAINTECH,5106,"SOCKET PLUG 110mm 4""",,48,
SWR DRAINTECH,5606,"SOCKET PLUG 160mm 4""",,78,
SWR DRAINTECH,5706,SOCKET PLUG 75mm,,38,
SWR DRAINTECH,4763-W,NAHANI TRAP WITHOUT JALI 110x63,,147,
UPVC AQUAFRESH,U26-L,"Ball Valve Long Lever Handle ( SCH 80 ) 50MM 2""",,668,
UPVC AQUAFRESH,U25-L,"Ball Valve Long Lever Handle ( SCH 80 ) 40MM 11/2""",,438,
UPVC AQUAFRESH,U24-L,"Ball Valve Long Lever Handle ( SCH 80 ) 32MM 1 1/4""",,296,
UPVC AQUAFRESH,U22-L,"Ball Valve Long Lever Handle ( SCH 80 ) 20MM3/4""",,120,
UPVC AQUAFRESH,U21-L,"Ball Valve Long Lever Handle ( SCH 80 ) 15MM1/2""",,78,
UPVC AQUAFRESH,PU-6S,PIPE SCH 80 (MTR. LENGTH)(50MM),,2468,
UPVC AQUAFRESH,PU-5S,PIPE SCH 80 (MTR. LENGTH)(40MM),,1788,
UPVC AQUAFRESH,PU-4S,PIPE SCH 80 (MTR. LENGTH)(32MM),,1464,
UPVC AQUAFRESH,PU-3S,PIPE SCH 80 (MTR. LENGTH)(25MM),,1062,
UPVC AQUAFRESH,PU-2S,PIPE SCH 80 (MTR. LENGTH)(20MM),,726,
UPVC AQUAFRESH,PU-1S,PIPE SCH 80 (MTR. LENGTH)(15MM),,552,
UPVC AQUAFRESH,U26 T,"BALL VALVE THREADED ( SCH 80 ) 50MM 2""",,684,
UPVC AQUAFRESH,U25 T,"BALL VALVE THREADED ( SCH 80 ) 40MM 1 1/2""",,454,
UPVC AQUAFRESH,U24 T,"BALL VALVE THREADED ( SCH 80 ) 32MM 1 1/4""",,308,
UPVC AQUAFRESH,U23 T,"BALL VALVE THREADED ( SCH 80 ) 25MM 1""",,236,
UPVC AQUAFRESH,U22 T,"BALL VALVE THREADED ( SCH 80 ) 20MM 3/4""",,130,
UPVC AQUAFRESH,U26-N,"BALL VALVE (SCH 80 ) 50MM 3/4""",,684,
UPVC AQUAFRESH,U25-N,"BALL VALVE (SCH 80 ) 40MM 3/4""",,454,
UPVC AQUAFRESH,U24-N,"BALL VALVE (SCH 80 ) 32MM 3/4""",,308,
UPVC AQUAFRESH,UH72-S,"Short Concealed Valve (Quarter Turn)3/4"" TRIANGULER",,840,
UPVC AQUAFRESH,UH74-S,"Short Concealed Valve (Quarter Turn)3/4"" GRACIA",,840,
UPVC AQUAFRESH,UH76-S,"Short Concealed Valve (Quarter Turn)3/4"" MACASA",,840,
UPVC AQUAFRESH,UH78-S,"Short Concealed Valve (Quarter Turn)3/4"" URBONA",,840,
UPVC AQUAFRESH,UH79-S,"Short Concealed Valve (Quarter Turn)3/4"" SPA",,840,
UPVC AQUAFRESH,UH80-S,"Short Concealed Valve (Quarter Turn)3/4"" VIVA",,840,
UPVC AQUAFRESH,UH72,"Long Concealed Valve (Quarter Turn)3/4"" TRIANGULER",,820,
UPVC AQUAFRESH,UH74,"Long Concealed Valve (Quarter Turn)3/4"" GRACIA",,840,
UPVC AQUAFRESH,UH76,"Long Concealed Valve (Quarter Turn)3/4"" MACASA",,840,
UPVC AQUAFRESH,UH78,"Long Concealed Valve (Quarter Turn)3/4"" URBONA",,840,
UPVC AQUAFRESH,UH79,"Long Concealed Valve (Quarter Turn)3/4"" SPA",,830,
UPVC AQUAFRESH,UH80,"Long Concealed Valve (Quarter Turn)3/4"" VIVA",,815,
UPVC AQUAFRESH,S17,Solvent Aqua Clear 32 0z/946 Tins,,828,
UPVC AQUAFRESH,S16,Solvent Aqua Clear 16 0z/437 Tins,,448,
UPVC AQUAFRESH,S15,Solvent Aqua Clear 08 0z/237 Tins,,248,
UPVC AQUAFRESH,S14,Solvent Aqua Clear 04 0z/118 Tins,,168,
UPVC AQUAFRESH,S13,Solvent Aqua Clear 59 Tube,,98,
UPVC AQUAFRESH,UC-23,"Pipe Clamp ( SCH 80 ) 25MM 1""",,33.5,
UPVC AQUAFRESH,UC-22,"Pipe Clamp ( SCH 80 ) 20MM3/4""",,17.9,
UPVC AQUAFRESH,UC-21,"Pipe Clamp ( SCH 80 ) 15MM1/2""",,12.4,
UPVC AQUAFRESH,UF14,"Flange 100MM 4""",,668,
UPVC AQUAFRESH,UF13,"Flange 80MM 3""",,378,
UPVC AQUAFRESH,UF12,"Flange 65MM 21/2""",,228,
UPVC AQUAFRESH,U15,"Step Over Bend ( Sch 80 ) 40MM11/2""",,258,
UPVC AQUAFRESH,U14,"Step Over Bend ( Sch 80 ) 32MM 1 1/4""",,148,
UPVC AQUAFRESH,U13,"Step Over Bend ( Sch 80 ) 25MM 1""",,114,
UPVC AQUAFRESH,U12,"Step Over Bend ( Sch 80 ) 20MM3/4""",,58,
UPVC AQUAFRESH,U11,"Step Over Bend ( Sch 80 ) 15MM1/2""",,34,
UPVC AQUAFRESH,U324,"Reducer Brass Tee ( SCH 80 ) 25 x 20 x 25MM 1"" x3/4""",,214,
UPVC AQUAFRESH,U323,"Reducer Brass Tee ( SCH 80 ) 25 x 15 x 25MM 1"" x1/2"" x 1""",,144,
UPVC AQUAFRESH,U322,"Reducer Brass Tee ( SCH 80 ) 20 x 15 x 20MM3/4"" x1/2"" x3/4""",,112,
UPVC AQUAFRESH,U321,"Reducer Brass Tee ( SCH 80 ) 15 x 15 x 15MM1/2"" x1/2"" x1/2""",,94,
UPVC AQUAFRESH,U23-L,"Ball Valve Long Lever Handle ( SCH 80 ) 25MM 1""",,224,
UPVC AQUAFRESH,U731,"Male Adapter (Brass Threads) Sch 80 25 x 15MM 1"" x1/2""",,128,
UPVC AQUAFRESH,U76,"Male Adapter (Brass Threads) Sch 80 50MM 2""",,896,
UPVC AQUAFRESH,U75,"Male Adapter (Brass Threads) Sch 80 40MM 11/2""",,546,
UPVC AQUAFRESH,U74,"Male Adapter (Brass Threads) Sch 80 32MM 1 1/4 """,,448,
UPVC AQUAFRESH,U73,"Male Adapter (Brass Threads) Sch 80 25MM 1""",,274,
UPVC AQUAFRESH,U72,"Male Adapter (Brass Threads) Sch 80 20MM3/4""",,196,
UPVC AQUAFRESH,U71,"Male Adapter (Brass Threads) Sch 80 15MM1/2""",,126,
UPVC AQUAFRESH,U70,"Male Adapter (Brass Threads) Sch 80 20 x 15MM3/4""x1/2""",,128,
UPVC AQUAFRESH,U99,"Female Adaptor (Plastic Thread) SCH 80 100MM 4""",,299.2,
UPVC AQUAFRESH,U98,"Female Adaptor (Plastic Thread) SCH 80 80MM 3""",,178,
UPVC AQUAFRESH,U97,"Female Adaptor (Plastic Thread) SCH 80 65MM 21/2""",,106.8,
UPVC AQUAFRESH,U96,"Female Adaptor (Plastic Thread) SCH 80 50MM 2""",,62,
UPVC AQUAFRESH,U95,"Female Adaptor (Plastic Thread) SCH 80 40MM 11/2""",,44.4,
UPVC AQUAFRESH,U94,"Female Adaptor (Plastic Thread) SCH 80 32MM 1 1/4""",,32.6,
UPVC AQUAFRESH,U93,"Female Adaptor (Plastic Thread) SCH 80 25MM 1""",,23.8,
UPVC AQUAFRESH,U92,"Female Adaptor (Plastic Thread) SCH 80 20MM3/4""",,14.5,
UPVC AQUAFRESH,U91,"Female Adaptor (Plastic Thread) SCH 80 15MM1/2""",,9.6,
UPVC AQUAFRESH,U90,"Female Adaptor (Plastic Thread) SCH 80 25x15MM 1"" x1/2""",,29.6,
UPVC AQUAFRESH,U89,"Female Adaptor (Plastic Thread) SCH 80 20x15MM3/4"" x1/2""",,15.8,
UPVC AQUAFRESH,U49N,"Coupling (SCH-40) 150MM 6""",,534,
UPVC AQUAFRESH,U49,"Coupling (SCH 80) 100MM 4""",,362,
UPVC AQUAFRESH,U48,"Coupling (SCH 80) 80MM 3""",,228,
UPVC AQUAFRESH,U47,"Coupling (SCH 80) 65MM 21/2""",,168,
UPVC AQUAFRESH,U46,"Coupling (SCH 80) 50MM 2""",,68.4,
UPVC AQUAFRESH,U45,"Coupling (SCH 80) 40MM 11/2""",,45.5,
UPVC AQUAFRESH,U44,"Coupling (SCH 80) 32MM 1 1/4""",,36.1,
UPVC AQUAFRESH,U43,"Coupling (SCH 80) 25MM 1""",,24.8,
UPVC AQUAFRESH,U42,"Coupling (SCH 80) 20MM3/4""",,15.6,
UPVC AQUAFRESH,U41,"Coupling (SCH 80) 15MM1/2""",,10.5,
UPVC AQUAFRESH,U965,"Reducer Coupling ( SCH 80 ) 50 x 40MM 2"" x 11/2""",,111.9,
UPVC AQUAFRESH,U964,"Reducer Coupling ( SCH 80 ) 50 x 32MM 2"" x 1 1/4""",,121.1,
UPVC AQUAFRESH,U963,"Reducer Coupling ( SCH 80 ) 50 x 25MM 2"" x 1""",,124.8,
UPVC AQUAFRESH,U962,"Reducer Coupling ( SCH 80 ) 50 x 20MM 2"" x3/4""",,122.6,
UPVC AQUAFRESH,U961,"Reducer Coupling ( SCH 80 ) 50 x 15MM 2"" x1/2""",,123.6,
UPVC AQUAFRESH,U954,"Reducer Coupling ( SCH 80 ) 40 x 32MM11/2"" x 1 1/4""",,63,
UPVC AQUAFRESH,U953,"Reducer Coupling ( SCH 80 ) 40 x 25MM 11/2"" x 1""",,47,
UPVC AQUAFRESH,U952,"Reducer Coupling ( SCH 80 ) 40 x 20MM 11/2"" x3/4""",,42.6,
UPVC AQUAFRESH,U951,"Reducer Coupling ( SCH 80 ) 40 x 15MM 11/2"" x1/2""",,80.6,
UPVC AQUAFRESH,U943,"Reducer Coupling ( SCH 80 ) 32 x 25MM 1 1/4"" x 1""",,35.7,
UPVC AQUAFRESH,U942,"Reducer Coupling ( SCH 80 ) 32 x 20MM 1 1/4"" x3/4""",,32,
UPVC AQUAFRESH,U941,"Reducer Coupling ( SCH 80 ) 32 x 15MM 1 1/4"" x1/2""",,31.2,
UPVC AQUAFRESH,U932,"Reducer Coupling ( SCH 80 ) 25 x 20MM 1"" x3/4""",,25.2,
UPVC AQUAFRESH,U931,"Reducer Coupling ( SCH 80 ) 25 x 15MM 1"" x1/2""",,23.8,
UPVC AQUAFRESH,U921,"Reducer Coupling ( SCH 80 ) 20 x 15MM3/4"" x1/2""",,15.5,
UPVC AQUAFRESH,U265,"Reducer Tee ( SCH 80 ) 50 x 40 x 50MM 2"" x 11/2"" x 2""",,152,
UPVC AQUAFRESH,U264,"Reducer Tee ( SCH 80 ) 50 x 32 x 50MM 2"" x 1 1/4""",,196,
UPVC AQUAFRESH,U263,"Reducer Tee ( SCH 80 ) 50 x 25 x 50MM 2"" x 1""",,208,
UPVC AQUAFRESH,U262,"Reducer Tee ( SCH 80 ) 50 x 20 x 50MM 2"" x3/4""",,198,
UPVC AQUAFRESH,U261,"Reducer Tee ( SCH 80 ) 50 x 15 x 50MM 2"" x1/2"" x 2 """,,138,
UPVC AQUAFRESH,U254,"Reducer Tee ( SCH 80 ) 40 x 32 x 40MM 11/2"" x 1 1/4""",,118,
UPVC AQUAFRESH,U253,"Reducer Tee ( SCH 80 ) 40 x 25 x 40MM 11/2""x 1"" x 11/2""",,96,
UPVC AQUAFRESH,U252,"Reducer Tee ( SCH 80 ) 40 x 20 x 40MM 11/2"" x3/4""",,94,
UPVC AQUAFRESH,U251,"Reducer Tee ( SCH 80 ) 40 x 15 x 40MM 11/2"" x1/2"" x 11/2""",,89.4,
UPVC AQUAFRESH,U232,"Reducer Tee ( SCH 80 ) 25 x 20 x 25MM 1"" x3/4""",,46,
UPVC AQUAFRESH,U243,"Reducer Tee ( SCH 80 ) 32 x 25 x 32MM 1 1/4"" x 1""",,78,
UPVC AQUAFRESH,U242,"Reducer Tee ( SCH 80 ) 32 x 20 x 32MM 1 1/4"" x3/4""",,74.4,
UPVC AQUAFRESH,U241,"Reducer Tee ( SCH 80 ) 32 x 15 x 32MM 1 1/4"" x1/2""",,74.4,
UPVC AQUAFRESH,U231,"Reducer Tee ( SCH 80 ) 25 x 15 x 25MM 1"" x1/2"" x 1""",,43.8,
UPVC AQUAFRESH,U221,"Reducer Tee ( SCH 80 ) 20 x 15 x 20MM3/4"" x1/2"" x3/4""",,28.8,
UPVC AQUAFRESH,U69N,"Tee (Sch-40) 150MM 6""",,1248,
UPVC AQUAFRESH,U69,"Tee ( SCH 80 ) 100MM 4""",,888,
UPVC AQUAFRESH,U68,"Tee ( SCH 80 ) 80MM 3""",,548,
UPVC AQUAFRESH,U67,"Tee ( SCH 80 ) 65MM 21/2""",,338,
UPVC AQUAFRESH,U66,"Tee ( SCH 80 ) 50MM 2""",,141.6,
UPVC AQUAFRESH,U65,"Tee ( SCH 80 ) 40MM 11/2""",,91.8,
UPVC AQUAFRESH,U64,"Tee ( SCH 80 ) 32MM 1 1/4""",,69.9,
UPVC AQUAFRESH,U63,"Tee ( SCH 80 ) 25MM 1""",,45.8,
UPVC AQUAFRESH,U62,"Tee ( SCH 80 ) 20MM3/4""",,29.4,
UPVC AQUAFRESH,U61,"Tee ( SCH 80 ) 15MM1/2""",,19.6,
UPVC AQUAFRESH,U59N,"Elbow 90 (Sch-40) 150MM 6""",,1090,
UPVC AQUAFRESH,U59,"Elbow 90 ( SCH 80 ) 100MM 4""",,664,
UPVC AQUAFRESH,U58,"Elbow 90 ( SCH 80 ) 80MM 3""",,398,
UPVC AQUAFRESH,U57,"Elbow 90 ( SCH 80 ) 65MM 21/2""",,254,
UPVC AQUAFRESH,U56,"Elbow 90 ( SCH 80 ) 50MM 2""",,103.4,
UPVC AQUAFRESH,U55,"Elbow 90 ( SCH 80 ) 40MM 11/2""",,68.8,
UPVC AQUAFRESH,U54,"Elbow 90 ( SCH 80 ) 32MM 1 1/4""",,52.9,
UPVC AQUAFRESH,U53,"Elbow 90 ( SCH 80 ) 25MM 1""",,34.4,
UPVC AQUAFRESH,U52,"Elbow 90 ( SCH 80 ) 20MM3/4""",,19.6,
UPVC AQUAFRESH,U51,"Elbow 90 ( SCH 80 ) 15MM1/2""",,13.9,
UPVC AQUAFRESH,U50,"Elbow 90 ( SCH 80 ) 20 x 15MM3/4"" x1/2""",,19.9,
UPVC AQUAFRESH,UH82-S,"Short Concealed Valve (Quarter Turn)1/2"" TRIANGULER",,815,
UPVC AQUAFRESH,UH84-S,"Short Concealed Valve (Quarter Turn)1/2"" GRACIA",,825,
UPVC AQUAFRESH,UH86-S,"Short Concealed Valve (Quarter Turn)1/2"" MACASA",,815,
UPVC AQUAFRESH,UH88-S,"Short Concealed Valve (Quarter Turn)1/2"" URBONA",,815,
UPVC AQUAFRESH,UH89-S,"Short Concealed Valve (Quarter Turn)1/2"" SPA",,815,
UPVC AQUAFRESH,UH90-S,"Short Concealed Valve (Quarter Turn)1/2"" VIVA",,810,
UPVC AQUAFRESH,UH82,"Long Concealed Valve (Quarter Turn)1/2"" TRIANGULER",,820,
UPVC AQUAFRESH,UH84,"Long Concealed Valve (Quarter Turn)1/2"" GRACIA",,860,
UPVC AQUAFRESH,UH86,"Long Concealed Valve (Quarter Turn)1/2"" MACASA",,860,
UPVC AQUAFRESH,UH88,"Long Concealed Valve (Quarter Turn)1/2"" URBONA",,860,
UPVC AQUAFRESH,UH89,"Long Concealed Valve (Quarter Turn)1/2"" SPA",,840,
UPVC AQUAFRESH,UH90,"Long Concealed Valve (Quarter Turn)1/2"" VIVA",,840,
UPVC AQUAFRESH,UC-16,Pipe Clamp ( SCH 80 ) (Heavy saddle without powder coating) Zinc Plated 50 2,,49.9,
UPVC AQUAFRESH,UC-15,Pipe Clamp ( SCH 80 ) (Heavy saddle without powder coating) Zinc Plated 40 11/2,,25.9,
UPVC AQUAFRESH,UC-14,Pipe Clamp ( SCH 80 ) (Heavy saddle without powder coating) Zinc Plated 32 1 1/4,,22.9,
UPVC AQUAFRESH,UC-13,Pipe Clamp ( SCH 80 ) (Heavy saddle without powder coating) Zinc Plated 25 1,,14.9,
UPVC AQUAFRESH,UC-12,Pipe Clamp ( SCH 80 ) (Heavy saddle without powder coating) Zinc Plated 20 3/4,,12.9,
UPVC AQUAFRESH,UC-11,Pipe Clamp ( SCH 80 ) (Heavy saddle without powder coating) Zinc Plated 151/2,,14.8,
UPVC AQUAFRESH,UC-6,"Pipe Clamp (Heavy Saddle with powder coating) SCH 80 50MM 2""",,28.8,
UPVC AQUAFRESH,UC-5,"Pipe Clamp (Heavy Saddle with powder coating) SCH 80 40MM 11/2""",,24.8,
UPVC AQUAFRESH,UC-4,"Pipe Clamp (Heavy Saddle with powder coating) SCH 80 32MM 1 1/4""",,22.8,
UPVC AQUAFRESH,UC-3,"Pipe Clamp (Heavy Saddle with powder coating) SCH 80 25MM 1""",,17.9,
UPVC AQUAFRESH,UC-2,"Pipe Clamp (Heavy Saddle with powder coating) SCH 80 20MM3/4""",,16.6,
UPVC AQUAFRESH,UC-1,"Pipe Clamp (Heavy Saddle with powder coating) SCH 80 15MM1/2""",,14.9,
UPVC AQUAFRESH,U279N,"Tank Connector ( Sch 80 ) 100MM 4""",,1198,
UPVC AQUAFRESH,U278N,"Tank Connector ( Sch 80 ) 80MM 3""",,663.1,
UPVC AQUAFRESH,U277N,"Tank Connector ( Sch 80 ) 65MM 21/2""",,393.3,
UPVC AQUAFRESH,U276N,"Tank Connector ( Sch 80 ) 50MM 2""",,131.1,
UPVC AQUAFRESH,U275N,"Tank Connector ( Sch 80 ) 40MM 11/2""",,93.1,
UPVC AQUAFRESH,U274N,"Tank Connector ( Sch 80 ) 32MM 1 1/4""",,70.3,
UPVC AQUAFRESH,U273N,"Tank Connector ( Sch 80 ) 25MM 1""",,49.4,
UPVC AQUAFRESH,U272N,"Tank Connector ( Sch 80 ) 20MM3/4""",,43.7,
UPVC AQUAFRESH,U276,"Tank Nipple ( Sch 80 ) 50MM 2""",,124,
UPVC AQUAFRESH,U275,"Tank Nipple ( Sch 80 ) 40MM 11/2""",,82,
UPVC AQUAFRESH,U274,"Tank Nipple ( Sch 80 ) 32MM 1 1/4""",,68,
UPVC AQUAFRESH,U273,"Tank Nipple ( Sch 80 ) 25MM 1""",,52,
UPVC AQUAFRESH,U272,"Tank Nipple ( Sch 80 ) 20MM3/4""",,46,
UPVC AQUAFRESH,U26 NL,"Ball Valve ( Long Lever Handle ) SCH 80  50MM 2""",,684,
UPVC AQUAFRESH,U25 NL,"Ball Valve ( Long Lever Handle ) SCH 80  40MM 11/2""",,454,
UPVC AQUAFRESH,U24 NL,"Ball Valve ( Long Lever Handle ) SCH 80  32MM 1 1/4""",,308,
UPVC AQUAFRESH,U23 NL,"Ball Valve ( Long Lever Handle ) SCH 80  25MM 1""",,234,
UPVC AQUAFRESH,U22 NL,"Ball Valve ( Long Lever Handle ) SCH 80  20MM3/4""",,132,
UPVC AQUAFRESH,U26,"Ball Valve ( SCH 80 ) 50MM 2""",,668,
UPVC AQUAFRESH,U25,"Ball Valve ( SCH 80 ) 40MM 11/2""",,438,
UPVC AQUAFRESH,U24,"Ball Valve ( SCH 80 ) 32MM 1 1/4""",,296,
UPVC AQUAFRESH,U23,"Ball Valve ( SCH 80 ) 25MM 1""",,224,
UPVC AQUAFRESH,U22,"Ball Valve ( SCH 80 ) 20MM3/4""",,120,
UPVC AQUAFRESH,U21,"Ball Valve ( SCH 80 ) 15MM1/2""",,78,
UPVC AQUAFRESH,U340,"Cross Tee ( Sch 80 ) 32MM 1 1/4""",,96.8,
UPVC AQUAFRESH,U330,"Cross Tee ( Sch 80 ) 25MM 1""",,59.8,
UPVC AQUAFRESH,U320,"Cross Tee ( Sch 80 ) 20MM3/4""",,35.4,
UPVC AQUAFRESH,U310,"Cross Tee ( Sch 80 ) 15MM1/2""",,27.2,
UPVC AQUAFRESH,U930,"Female Adaptor (Brass Thread) SCH 80 25x15MM 1"" x1/2""",,82.8,
UPVC AQUAFRESH,U920,"Female Adaptor (Brass Thread) SCH 80 20x15MM3/4"" x1/2""",,78,
UPVC AQUAFRESH,U86,"Female Adaptor (Brass Thread) SCH 80 50MM 2""",,748,
UPVC AQUAFRESH,U85,"Female Adaptor (Brass Thread) SCH 80 40MM 11/2""",,534,
UPVC AQUAFRESH,U84,"Female Adaptor (Brass Thread) SCH 80 32MM 1 1/4""",,338,
UPVC AQUAFRESH,U83,"Female Adaptor (Brass Thread) SCH 80 25MM 1""",,196,
UPVC AQUAFRESH,U82,"Female Adaptor (Brass Thread) SCH 80 20MM3/4""",,128,
UPVC AQUAFRESH,U81,"Female Adaptor (Brass Thread) SCH 80 15MM1/2""",,66,
UPVC AQUAFRESH,U109,"Male Adapter (Plastic Threads) Sch 80 100MM 4""",,298,
UPVC AQUAFRESH,U108,"Male Adapter (Plastic Threads) Sch 80 80MM 3""",,154,
UPVC AQUAFRESH,U107,"Male Adapter (Plastic Threads) Sch 80 65MM 21/2""",,109,
UPVC AQUAFRESH,U106,"Male Adapter (Plastic Threads) Sch 80 50MM 2""",,54.6,
UPVC AQUAFRESH,U105,"Male Adapter (Plastic Threads) Sch 80 40MM 11/2""",,36.2,
UPVC AQUAFRESH,U104,"Male Adapter (Plastic Threads) Sch 80 32MM 1 1/4""",,29.2,
UPVC AQUAFRESH,U103,"Male Adapter (Plastic Threads) Sch 80 25MM 1""",,20.4,
UPVC AQUAFRESH,U102,"Male Adapter (Plastic Threads) Sch 80 20MM3/4""",,10.9,
UPVC AQUAFRESH,U101,"Male Adapter (Plastic Threads) Sch 80 15MM1/2""",,7.5,
UPVC AQUAFRESH,U609,"End Cap ( SCH 80 ) 100MM 4""",,248,
UPVC AQUAFRESH,U608,"End Cap ( SCH 80 ) 80MM 3""",,148,
UPVC AQUAFRESH,U607,"End Cap ( SCH 80 ) 65MM 21/2""",,99.4,
UPVC AQUAFRESH,U606,"End Cap ( SCH 80 ) 50MM 2""",,49.8,
UPVC AQUAFRESH,U605,"End Cap ( SCH 80 ) 40MM 11/2""",,30.8,
UPVC AQUAFRESH,U604,"End Cap ( SCH 80 ) 32MM 1 1/4""",,24.8,
UPVC AQUAFRESH,U603,"End Cap ( SCH 80 ) 25MM 1""",,15.2,
UPVC AQUAFRESH,U602,"End Cap ( SCH 80 ) 20MM3/4""",,9.2,
UPVC AQUAFRESH,U601,"End Cap ( SCH 80 ) 15MM1/2""",,6.6,
UPVC AQUAFRESH,U898,"Reducer Bushing 100 x 65MM 4"" x 21/2""",,278,
UPVC AQUAFRESH,U897,"Reducer Bushing 100 x 80MM 4"" x 3""",,216,
UPVC AQUAFRESH,U896,"Reducer Bushing 100 x 50MM 4"" x 2""",,248,
UPVC AQUAFRESH,U887,"Reducer Bushing 50 x 65MM 3"" x 21/2""",,126,
UPVC AQUAFRESH,U886,"Reducer Bushing 80 x 50MM 3"" x 2""",,154,
UPVC AQUAFRESH,U876,"Reducer Bushing 65 x 50MM 21/2"" x 2""",,62,
UPVC AQUAFRESH,U875,"Reducer Bushing ( SCH 80 ) 65 x 40MM 21/2"" x 11/2""",,88,
UPVC AQUAFRESH,U865,"Reducer Bushing ( SCH 80 ) 50 x 40MM 2"" x 11/2""",,52,
UPVC AQUAFRESH,U864,"Reducer Bushing ( SCH 80 ) 50 x 32MM 2"" x 1 1/4""",,54.3,
UPVC AQUAFRESH,U863,"Reducer Bushing ( SCH 80 ) 50 x 25MM 2"" x 1""",,61.9,
UPVC AQUAFRESH,U862,"Reducer Bushing ( SCH 80 ) 50 x 20MM 23/4""",,54.3,
UPVC AQUAFRESH,U861,"Reducer Bushing ( SCH 80 ) 50 x 15MM 2"" x1/2""",,60.2,
UPVC AQUAFRESH,U854,"Reducer Bushing ( SCH 80 ) 40 x 30MM 11/2"" x 1 1/4""",,40.6,
UPVC AQUAFRESH,U853,"Reducer Bushing ( SCH 80 ) 40 x 25MM 11/2"" x 1 """,,30.6,
UPVC AQUAFRESH,U852,"Reducer Bushing ( SCH 80 ) 40 x 20MM 11/2"" x3/4""",,30.6,
UPVC AQUAFRESH,U851,"Reducer Bushing ( SCH 80 ) 40 x 15MM 11/2"" x1/2""",,34.2,
UPVC AQUAFRESH,U843,"Reducer Bushing ( SCH 80 ) 32 x 25MM 1 1/4"" x 1""",,14.8,
UPVC AQUAFRESH,U842,"Reducer Bushing ( SCH 80 ) 32 x 20MM 1 1/4"" x3/4""",,22.9,
UPVC AQUAFRESH,U841,"Reducer Bushing ( SCH 80 ) 32 x 15MM 1 1/4"" x1/2""",,25.8,
UPVC AQUAFRESH,U832,"Reducer Bushing ( SCH 80 ) 25 x 20MM 1"" x3/4""",,24,
UPVC AQUAFRESH,U831,"Reducer Bushing ( SCH 80 ) 25 x 15MM 1"" x1/2""",,13.9,
UPVC AQUAFRESH,U821,"Reducer Bushing ( SCH 80 ) 20 x 15MM3/4"" x1/2""",,5.9,
UPVC AQUAFRESH,U39,"Union ( SCH 80 ) 100MM 4""",,1340,
UPVC AQUAFRESH,U38,"Union ( SCH 80 ) 80MM 3""",,768,
UPVC AQUAFRESH,U37,"Union ( SCH 80 ) 65MM 21/2""",,498,
UPVC AQUAFRESH,U36,"Union ( SCH 80 ) 50MM 2""",,261.2,
UPVC AQUAFRESH,U35,"Union ( SCH 80 ) 40MM 11/2""",,150.8,
UPVC AQUAFRESH,U34,"Union ( SCH 80 ) 32MM 1 1/4""",,87.2,
UPVC AQUAFRESH,U33,"Union ( SCH 80 ) 25MM 1""",,56.8,
UPVC AQUAFRESH,U32,"Union ( SCH 80 ) 20MM3/4""",,40.6,
UPVC AQUAFRESH,U31,"Union ( SCH 80 ) 15MM1/2""",,30.2,
UPVC AQUAFRESH,U506,"Elbow 45 ( Sch 80 ) 50MM 2""",,97.4,
UPVC AQUAFRESH,U505,"Elbow 45 ( Sch 80 ) 40MM 11/2""",,66.9,
UPVC AQUAFRESH,U504,"Elbow 45 ( Sch 80 ) 32MM 1 1/4""",,50.4,
UPVC AQUAFRESH,U503,"Elbow 45 ( Sch 80 ) 25MM 1""",,31,
UPVC AQUAFRESH,U502,"Elbow 45 ( Sch 80 ) 20MM3/4""",,19.6,
UPVC AQUAFRESH,U527,"Reducer Brass Elbow ( SCH 80 ) 20 x 20MM3/4"" x3/4""",,168,
UPVC AQUAFRESH,U526,"Reducer Brass Elbow ( SCH 80 ) 15 x 15MM1/2"" x1/2""",,88,
UPVC AQUAFRESH,U524,"Reducer Brass Elbow ( SCH 80 ) 25 x 20MM 1"" x3/4""",,174,
UPVC AQUAFRESH,U523,"Reducer Brass Elbow ( SCH 80 ) 25 x 15MM 1"" x1/2""",,112,
UPVC AQUAFRESH,U521,"Reducer Brass Elbow ( SCH 80 ) 20 x 15MM3/4"" x1/2""",,96,
UPVC AQUAFRESH,U539,"Reducer Elbow 90 ( SCH 80 ) 40 x 32MM 11/2"" x 1"" 1/4""",,88,
UPVC AQUAFRESH,U538,"Reducer Elbow 90 ( SCH 80 ) 40 x 25MM 11/2"" x 1""",,72,
UPVC AQUAFRESH,U537,"Reducer Elbow 90 ( SCH 80 ) 40 x 20MM 11/2"" x3/4""",,62,
UPVC AQUAFRESH,U536,"Reducer Elbow 90 ( SCH 80 ) 40 x 15MM 11/2"" x1/2""",,64,
UPVC AQUAFRESH,U535,"Reducer Elbow 90 ( SCH 80 ) 32 x 25MM 1 1/4"" x 1""",,58,
UPVC AQUAFRESH,U534,"Reducer Elbow 90 ( SCH 80 ) 32 x 20MM 1 1/4"" x3/4""",,44.9,
UPVC AQUAFRESH,U533,"Reducer Elbow 90 ( SCH 80 ) 32 x 15MM 1 1/4"" x1/2""",,42.4,
UPVC AQUAFRESH,U532,"Reducer Elbow 90 ( SCH 80 ) 25 x 20MM 1"" x3/4""",,34.4,
UPVC AQUAFRESH,U531,"Reducer Elbow 90 ( SCH 80 ) 25 x 15MM 1"" x1/2""",,31.8,
UPVC AQUAFRESH,PU-6 TS,"Pipe SCH 80 (Mtr. Length-Threaded End ) 2""",6 MTR,2500,
UPVC AQUAFRESH,PU-5 TS,"Pipe SCH 80 (Mtr. Length-Threaded End ) 11/2""",6 MTR,1812,
UPVC AQUAFRESH,PU-4 TS,"Pipe SCH 80 (Mtr. Length-Threaded End ) 1 1/4""",6 MTR,1488,
UPVC AQUAFRESH,PU-3 TS,"Pipe SCH 80 (Mtr. Length-Threaded End ) 1""",6 MTR,1086,
UPVC AQUAFRESH,PU-2 TS,"Pipe SCH 80 (Mtr. Length-Threaded End )3/4""",6 MTR,744,
UPVC AQUAFRESH,PU-1 TS,"Pipe SCH 80 (Mtr. Length-Threaded End )1/2""",6 MTR,564,
UPVC AQUAFRESH,PU-6 T,"Pipe SCH 80 (Mtr. Length-Threaded End ) 2""",3 MTR,1250,
UPVC AQUAFRESH,PU-5 T,"Pipe SCH 80 (Mtr. Length-Threaded End ) 11/2""",3 MTR,906,
UPVC AQUAFRESH,PU-4 T,"Pipe SCH 80 (Mtr. Length-Threaded End ) 1 1/4""",3 MTR,744,
UPVC AQUAFRESH,PU-3 T,"Pipe SCH 80 (Mtr. Length-Threaded End ) 1""",3 MTR,543,
UPVC AQUAFRESH,PU-2 T,"Pipe SCH 80 (Mtr. Length-Threaded End )3/4""",3 MTR,372,
UPVC AQUAFRESH,PU-1 T,"Pipe SCH 80 (Mtr. Length-Threaded End )1/2""",3 MTR,282,
UPVC AQUAFRESH,PU 20S,"Pipe Sch 40 (Mtr. Length) 6"" 6 MTR",,9582,
UPVC AQUAFRESH,PU20,"Pipe Sch 40 (Mtr. Length) 6""",3 MTR,4791,
UPVC AQUAFRESH,PU19,"Pipe Sch 40 (Mtr. Length) 4""",3 MTR,2727,
UPVC AQUAFRESH,PU18,"Pipe Sch 40 (Mtr. Length) 3""",3 MTR,1917,
UPVC AQUAFRESH,PU17,"Pipe Sch 40 (Mtr. Length) 21/2""",3 MTR,1461,
UPVC AQUAFRESH,PU-16S,"Pipe SCH 40 ( Mtr. Length ) 2""",6 MTR,1754,
UPVC AQUAFRESH,PU-15S,"Pipe SCH 40 ( Mtr. Length ) 11/2""",6 MTR,1322,
UPVC AQUAFRESH,PU-14S,"Pipe SCH 40 ( Mtr. Length ) 1 1/4""",6 MTR,1098,
UPVC AQUAFRESH,PU-13S,"Pipe SCH 40 ( Mtr. Length ) 1""",6 MTR,794,
UPVC AQUAFRESH,PU-12S,"Pipe SCH 40 ( Mtr. Length )3/4""",6 MTR,558,
UPVC AQUAFRESH,PU-11S,"Pipe SCH 40 ( Mtr. Length )1/2""",6 MTR,414,
UPVC AQUAFRESH,PU-16,"Pipe SCH 40 ( Mtr. Length ) 2""",3 MTR,877,
UPVC AQUAFRESH,PU-15,"Pipe SCH 40 ( Mtr. Length ) 11/2""",3 MTR,661,
UPVC AQUAFRESH,PU-14,"Pipe SCH 40 ( Mtr. Length ) 1 1/4""",3 MTR,549,
UPVC AQUAFRESH,PU-13,"Pipe SCH 40 ( Mtr. Length ) 1""",3 MTR,397,
UPVC AQUAFRESH,PU-12,"Pipe SCH 40 ( Mtr. Length )3/4""",3 MTR,279,
UPVC AQUAFRESH,PU-11,"Pipe SCH 40 ( Mtr. Length )1/2""",3 MTR,207,
UPVC AQUAFRESH,PU-10S,"Pipe Sch 80 (Mtr. Length) 6""",6 MTR,14484,
UPVC AQUAFRESH,PU-9S,"Pipe Sch 80 (Mtr. Length) 4""",6 MTR,7620,
UPVC AQUAFRESH,PU-8S,"Pipe Sch 80 (Mtr. Length) 3""",6 MTR,5220,
UPVC AQUAFRESH,PU-7S,"Pipe Sch 80 (Mtr. Length) 21/2""",6 MTR,3930,
UPVC AQUAFRESH,PU-10,"Pipe Sch 80 (Mtr. Length) 6""",3 MTR,7242,
UPVC AQUAFRESH,PU-9,"Pipe Sch 80 (Mtr. Length) 4""",3 MTR,3810,
UPVC AQUAFRESH,PU-8,"Pipe Sch 80 (Mtr. Length) 3""",3 MTR,2610,
UPVC AQUAFRESH,PU-7,"Pipe Sch 80 (Mtr. Length) 21/2""",3 MTR,1965,
UPVC AQUAFRESH,PU-6,"Pipe Sch 80 (Mtr. Length) 2""",3 MTR,1234,
UPVC AQUAFRESH,PU-5,"Pipe Sch 80 (Mtr. Length) 11/2""",3 MTR,894,
UPVC AQUAFRESH,PU-4,"Pipe Sch 80 (Mtr. Length) 1 1/4""",3 MTR,732,
UPVC AQUAFRESH,PU-3,"Pipe Sch 80 (Mtr. Length) 1""",3 MTR,531,
UPVC AQUAFRESH,PU-2,"Pipe Sch 80 (Mtr. Length)3/4""",3 MTR,363,
UPVC AQUAFRESH,PU-1,"Pipe Sch 80 (Mtr. Length)1/2""",3 MTR,276,
UPVC AQUAFRESH,U22-N,"BALL VALVE (SCH 80 ) 20MM 3/4""",,132,
UPVC AQUAFRESH,U23-N,"BALL VALVE (SCH 80 ) 25MM 3/4""",,234,
UPVC AQUAFRESH,U21 T,"BALL VALVE THREADED ( SCH 80 ) 15MM 1/2""",,84,
UPVC AQUAFRESH,UH82-L,Long Concealed Valve (Quarter Turn) TRIANGULER,,1388,
UPVC AQUAFRESH,PMR-1,Ribbed Medium Well Screen (RMS) 40 mm,,928,
UPVC AQUAFRESH,PMR-2,Ribbed Medium Well Screen (RMS) 50 mm,,1344,
UPVC AQUAFRESH,PMR-3,Ribbed Medium Well Screen (RMS) 80 mm,,2048,
UPVC AQUAFRESH,PMR-4,Ribbed Medium Well Screen (RMS) 100 mm,,3008,
UPVC AQUAFRESH,PMR-6,Ribbed Medium Well Screen (RMS) 125 mm,,4640,
UPVC AQUAFRESH,PMR-7,Ribbed Medium Well Screen (RMS) 150 mm,,6336,
UPVC AQUAFRESH,PU-2311,"UGD FITTINGS (Ringfit) Bend 45 4"" 110mm",,160.5,
UPVC AQUAFRESH,PU-2312,"UGD FITTINGS (Ringfit) Bend 87.5 4"" 110mm",,197.4,
UPVC AQUAFRESH,PU-2411,"UGD FITTINGS (Ringfit) Bend 45 6"" 160mm",,388.5,
UPVC AQUAFRESH,PU-2412,"UGD FITTINGS (Ringfit) Bend 87.5 6"" 160mm",,501.9,
UPVC AQUAFRESH,PU-3311,"UGD FITTINGS (Ringfit) Coupler 4"" 110mm",,140.7,
UPVC AQUAFRESH,PU-3311S,"UGD FITTINGS (Selfit) COUPLER 4"" 110mm",,122.6,
UPVC AQUAFRESH,PU-3312,"UGD FITTINGS (Ringfit) Reducer Coupler 4X6"" 100X60 mm",,271.3,
UPVC AQUAFRESH,PU-3411,"UGD FITTINGS (Ringfit) Coupler 6"" 160mm",,321.3,
UPVC AQUAFRESH,PU-3411S,"UGD FITTINGS (Selfit) COUPLER 6"" 160mm",,295.3,
UPVC AQUAFRESH,PU-3511S,"UGD FITTINGS (Selfit) COUPLER 8"" 200mm",,517.5,
UPVC AQUAFRESH,PU-4311,"UGD FITTINGS (Ringfit) Tee 4"" 110mm",,260.4,
UPVC AQUAFRESH,PU-4311S,"UGD FITTINGS (Selfit) Tee 4""110mm",,317.3,
UPVC AQUAFRESH,PU-4312,"UGD FITTINGS (Ringfit) Reducer Tee 110 x 160mm 4 x 6""",,625.8,
UPVC AQUAFRESH,PU-4411,"UGD FITTINGS (Ringfit) Tee 6"" 160mm",,663.6,
UPVC AQUAFRESH,PU-4411S,"UGD FITTINGS (Selfit) Tee 6""160mm",,794.6,
UPVC AQUAFRESH,PU-4412,"UGD FITTINGS (Ringfit) Reducer Tee 160 x 75mm 6 x 2 1/2""",,575.4,
UPVC AQUAFRESH,PU-4511S,"UGD FITTINGS (Selfit) Tee 8"" 2000mm",,1339.8,
UPVC AQUAFRESH,PU-5311,"UGD FITTINGS (Ringfit) CROSS TEE 4"" 110mm",,342.3,
UPVC AQUAFRESH,PU-6311,"UGD FITTINGS (Ringfit) SINGLE Y 4"" 110mm",,329.9,
UPVC AQUAFRESH,PU-6411,"UGD FITTINGS (Ringfit) SINGLE Y 6""' 160mm",,675.7,
UPVC AQUAFRESH,PU-7311S,"UGD FITTINGS (Selfit) ELBOW 90 4"" 110mm",,237.4,
UPVC AQUAFRESH,PU-7411S,"UGD FITTINGS (Selfit) ELBOW 90 6"" 160mm",,658.4,
UPVC AQUAFRESH,PU-7511S,"UGD FITTINGS (Selfit) ELBOW 90 8"" 200mm",,942.9,
UPVC AQUAFRESH,PU-8311S,"UGD FITTINGS (Selfit) END CAP 4"" 110mm",,88.1,
UPVC AQUAFRESH,PU-8411S,"UGD FITTINGS (Selfit) END CAP 6"" 160mm",,217.5,
UPVC AQUAFRESH,PU-8511S,"UGD FITTINGS (Selfit) END CAP 8"" 200mm",,434.7,
UPVC AQUAFRESH,PU-9013,"UGD FITTINGS (Ringfit) Pipe Clip 4"" 110mm",,23.2,
UPVC AQUAFRESH,U-11B,UGD PIPE SN-4 110mm,,2196,
UPVC AQUAFRESH,U-11C,UGD PIPE SN-8 110mm,,2987,
UPVC AQUAFRESH,U-12B,UGD PIPE SN-4 125mm,,2896,
UPVC AQUAFRESH,U-12C,UGD PIPE SN-8 125mm,,4582,
UPVC AQUAFRESH,U-13B,UGD PIPE SN-4 160mm,,4790,
UPVC AQUAFRESH,U-13C,UGD PIPE SN-8 160mm,,6322,
UPVC AQUAFRESH,U-14B,UGD PIPE SN-4 200mm,,7368,
UPVC AQUAFRESH,U-14C,UGD PIPE SN-8 200mm,,10005,
UPVC AQUAFRESH,U-15C,UGD PIPE SN-8 250mm,,15805,
UPVC AQUAFRESH,U-16C,UGD PIPE SN-8 315mm,,25230,
UPVC AQUAFRESH,UH82-F,Concealed Valve (Full Turn) TRIANGULER,,1407,
UPVC AQUAFRESH,UH84-F,Concealed Valve (Full Turn) GRACIA,,1299,
UPVC AQUAFRESH,UH84-L,Long Concealed Valve (Quarter Turn) GRACIA,,1280,
UPVC AQUAFRESH,UH86-F,Concealed Valve (Full Turn) MACASA,,1377,
UPVC AQUAFRESH,UH86-L,Long Concealed Valve (Quarter Turn) MACASA,,1358,
UPVC AQUAFRESH,UH88-F,Concealed Valve (Full Turn) URBONA,,1299,
UPVC AQUAFRESH,UH88-L,Long Concealed Valve (Quarter Turn) URBONA,,1280,
UPVC AQUAFRESH,UH89-F,Concealed Valve (Full Turn) SAGA,,1299,
UPVC AQUAFRESH,UH89-L,Long Concealed Valve (Quarter Turn) SAGA,,1280,
UPVC AQUAFRESH,UH90-F,Concealed Valve (Full Turn) VIVA,,1377,
UPVC AQUAFRESH,UH90-L,Long Concealed Valve (Quarter Turn) VIVA,,1358,
UPVC AQUAFRESH,PU-9014,"UGD FITTINGS (Ringfit) Pipe Clip 6"" 160mm",,60.3,
WATER HEATER,BROMO 50L G,BROMO (50Ltr),,21760,
WATER HEATER,BROMO 6L G,BROMO (6Ltr),,10340,
WATER HEATER,THERMA-25L G,THERMA 25Ltr,,14880,
WATER HEATER,THERMA-15L G,THERMA 15Ltr,,13840,
WATER HEATER,BROMO 25L G,BROMO (25Ltr),,13120,
WATER HEATER,BROMO 15L G ,BROMO (15Ltr),,12460,
WATER HEATER,BROMO 10L G ,BROMO (10Ltr),,11040,
WATER HEATER,PICO-03,PICO (3 Ltr),,5140,
WATER HEATER,NILE-03,NILE (3 Ltr),,4940,
WATER HEATER,PWH030,Ignis (30 Ltr),,13860,
WATER HEATER,PWH015,Ignis (15 Ltr),,11880,
WATER HEATER,PWH010,Ignis (10 Ltr),,10560,
WATER HEATER,BWH015,Kenneth (15 ltr),,12980,
WATER HEATER,BWH010,Kenneth (10 ltr),,11880,
WATER HEATER,1010,test product one,,42,
WATER HEATER,BROMO 35L G,Bromo (35 Ltr) Glass Trade Link,,20380,
WATER HEATER,BROMO 10L M,Bromo Metalic Tank 10 Ltr.,,8240,
WATER HEATER,BROMO 15L M,Bromo Metalic Tank 15 Ltr.,,8940,
WATER HEATER,BROMO 25L M,Bromo Metalic Tank 25 Ltr.,,9640,
WATER HEATER,BROMO 35L M,Bromo Metalic Tank 35 Ltr.,,11740,
WATER HEATER,BROMO 50L M,Bromo Metalic Tank 50 Ltr.,,13480,
WATER HEATER,THERMA-50L G,THERMA 50 (Ltr.) Glass Line Tank,,15580,
WATER TANKS,WT-4LC-50,Water Tank 4 layer Colour  5000 Ltr.,,125000,
WATER TANKS,WT-4LC-30,Water Tank 4 layer Colour  3000 Ltr.,,75000,
WATER TANKS,WT-4LC-20,Water Tank 4 layer Colour  2000 Ltr.,,50000,
WATER TANKS,WT-4LC-15,Water Tank 4 layer Colour  1500 Ltr.,,37000,
WATER TANKS,WT-4LC-10,Water Tank 4 layer Colour  1000 Ltr.,,25000,
WATER TANKS,WT-4LC-07,Water Tank 4 layer Colour  750 Ltr.,,19000,
WATER TANKS,WT-4LC-05,Water Tank 4 layer Colour 500 Ltr.,,12500,
WATER TANKS,WT-3LC-50,Water Tank 3 layer Colour  5000 Ltr.,,100000,
WATER TANKS,WT-3LC-30,Water Tank 3 layer Colour  3000 Ltr.,,60000,
WATER TANKS,WT-3LC-20,Water Tank 3 layer Colour  2000 Ltr.,,40000,
WATER TANKS,WT-3LC-15,Water Tank 3 layer Colour  1500 Ltr.,,30000,
WATER TANKS,WT-3LC-10,Water Tank 3 layer Colour  1000 Ltr.,,20000,
WATER TANKS,WT-3LC-07,Water Tank 3 layer Colour  750 Ltr.,,15000,
WATER TANKS,WT-3LC-05,Water Tank 3 layer Colour 500 Ltr.,,10000,
WATER TANKS,WT-ISI-20,Water Tank 2 layer ISI  2000 Ltr.,,52000,
WATER TANKS,WT-ISI-10,Water Tank 2 layer ISI  1000 Ltr.,,26000,
WATER TANKS,WT-ISI-07,Water Tank 2 layer ISI  700 Ltr.,,18200,
WATER TANKS,WT-ISI-05,Water Tank 2 layer ISI  500 Ltr.,,13000,
WATER TANKS,WT-4LH-50,Water Tank 4 layer heavy  5000 Ltr.,,125000,
WATER TANKS,WT-4LH-30,Water Tank 4 layer heavy  3000 Ltr.,,75000,
WATER TANKS,WT-4LH-20,Water Tank 4 layer heavy  2000 Ltr.,,50000,
WATER TANKS,WT-4LH-15,Water Tank 4 layer heavy  1500 Ltr.,,37000,
WATER TANKS,WT-4LH-10,Water Tank 4 layer heavy  1000 Ltr.,,25000,
WATER TANKS,WT-4LH-07,Water Tank 4 layer heavy  750 Ltr.,,19000,
WATER TANKS,WT-4LH-05,Water Tank 4 layer heavy  500 Ltr.,,12500,
WATER TANKS,WT-4LL-50,Water Tank 4 layer Light 5000 Ltr.,,100000,
WATER TANKS,WT-4LL-30,Water Tank 4 layer Light 3000 Ltr.,,60000,
WATER TANKS,WT-4LL-20,Water Tank 4 layer Light 2000 Ltr.,,40000,
WATER TANKS,WT-4LL-15,Water Tank 4 layer Light 1500 Ltr.,,30000,
WATER TANKS,WT-4LL-10,Water Tank 4 layer Light 1000 Ltr.,,20000,
WATER TANKS,WT-4LL-07,Water Tank 4 layer Light 750 Ltr.,,15000,
WATER TANKS,WT-4LL-05,Water Tank 4 layer Light 500 Ltr.,,10000,
WATER TANKS,WT-3LH-50,Water Tank 3 layer heavy  5000 Ltr.,,100000,
WATER TANKS,WT-3LH-30,Water Tank 3 layer heavy  3000 Ltr.,,60000,
WATER TANKS,WT-3LH-20,Water Tank 3 layer heavy  2000 Ltr.,,40000,
WATER TANKS,WT-3LH-15,Water Tank 3 layer heavy  1500 Ltr.,,30000,
WATER TANKS,WT-3LH-10,Water Tank 3 layer heavy  1000 Ltr.,,20000,
WATER TANKS,WT-3LH-07,Water Tank 3 layer heavy  750 Ltr.,,15000,
WATER TANKS,WT-3LH-05,Water Tank 3 layer heavy  500 Ltr.,,10000,
WATER TANKS,WT-3LL-50,Water Tank 3 layer Light 5000 Ltr.,,80000,
WATER TANKS,WT-3LL-30,Water Tank 3 layer Light 3000 Ltr.,,48000,
WATER TANKS,WT-3LL-20,Water Tank 3 layer Light 2000 Ltr.,,32000,
WATER TANKS,WT-3LL-15,Water Tank 3 layer Light 1500 Ltr.,,24000,
WATER TANKS,WT-3LL-10,Water Tank 3 layer Light 1000 Ltr.,,16000,
WATER TANKS,WT-3LL-07,Water Tank 3 layer Light 750 Ltr.,,12000,
WATER TANKS,WT-3LL-05,Water Tank 3 layer Light 500 Ltr.,,8000,
WATER TANKS,WT-4LC-02,Water Tank 4 Layer Colour 200 Ltr., Green,4300,
WATER TANKS,WT-4LC-02,Water Tank 4 Layer Colour 200 Ltr., Light Blue,4300,
WATER TANKS,WT-4LC-02,Water Tank 4 Layer Colour 200 Ltr., Orange,4300,
WATER TANKS,WT-4LC-02,Water Tank 4 Layer Colour 200 Ltr., Yellow,4300,
WATER TANKS,WT-4LC-02,Water Tank 4 Layer Colour 200 Ltr., Red,4300,
WATER TANKS,WT-4LC-02,Water Tank 4 Layer Colour 200 Ltr., Pink,4300,
WATER TANKS,WT-4LC-02,Water Tank 4 Layer Colour 200 Ltr., Parrot Green,4300,
WATER TANKS,WT-3LC-03,Water Tank 3 Layer Colour 300 Ltr., Light Blue,5250,
WATER TANKS,WT-3LC-03,Water Tank 3 Layer Colour 300 Ltr., Orange,5250,
WATER TANKS,WT-3LC-03,Water Tank 3 Layer Colour 300 Ltr., Yellow,5250,
WATER TANKS,WT-3LC-03,Water Tank 3 Layer Colour 300 Ltr., Red,5250,
WATER TANKS,WT-3LC-03,Water Tank 3 Layer Colour 300 Ltr., Pink,5250,
WATER TANKS,WT-4LC-03,Water Tank 4 Layer Colour 300 Ltr., Green ,6450,
WATER TANKS,WT-4LC-03,Water Tank 4 Layer Colour 300 Ltr., Orange ,6450,
WATER TANKS,WT-4LC-03,Water Tank 4 Layer Colour 300 Ltr., Yellow Gold,6450,
WATER TANKS,WT-ISI-15,Water Tank 2 layer ISI 1500 Ltr.,,39000,
WATER TANKS,WT-ISI-30,Water Tank 2 layer ISI 3000 Ltr.,,78000,
WATER TANKS,WT-ISI-50,Water Tank 2 layer ISI 5000 Ltr.,,130000,
WATER TANKS,WT-5LC-05,Water Tank 5 Layer Colour 500 Ltr,,16000,
WATER TANKS,WT-5LC-07,Water Tank 5 Layer Colour 700 Ltr,,24000,
WATER TANKS,WT-5LC-10,Water Tank 5 Layer Colour 1000 Ltr,,32000,
WATER TANKS,WT-5LC-15,Water Tank 5 Layer Colour 1500 Ltr,,48000,
WATER TANKS,WT-5LC-20,Water Tank 5 Layer Colour 2000 Ltr,,64000,
WATER TANKS,WT-5LC-30,Water Tank 5 Layer Colour 3000 Ltr,,96000,
WATER TANKS,WT-5LC-50,Water Tank 5 Layer Colour 5000 Ltr,,160000,
WATER TANKS,WT-5LH-05,Water Tank 5 Layer Heavy 500 Ltr,,16000,
WATER TANKS,WT-5LH-07,Water Tank 5 Layer Heavy 700 Ltr,,24000,
WATER TANKS,WT-5LH-10,Water Tank 5 Layer Heavy 1000 Ltr,,32000,
WATER TANKS,WT-5LH-15,Water Tank 5 Layer Heavy 1500 Ltr,,48000,
WATER TANKS,WT-5LH-20,Water Tank 5 Layer Heavy 2000 Ltr,,64000,
WATER TANKS,WT-5LH-30,Water Tank 5 Layer Heavy 3000 Ltr,,96000,
WATER TANKS,WT-5LH-50,Water Tank 5 Layer Heavy 5000 Ltr,,160000,
WATER TANKS,WT-6LC-05,Water Tank 6 Layer Colour 600 Ltr,,18000,
WATER TANKS,WT-6LC-07,Water Tank 6 Layer Colour 700 Ltr,,27000,
WATER TANKS,WT-6LC-10,Water Tank 6 Layer Colour 1000 Ltr,,36000,
WATER TANKS,WT-6LC-15,Water Tank 6 Layer Colour 1600 Ltr,,54000,
WATER TANKS,WT-6LC-20,Water Tank 6 Layer Colour 2000 Ltr,,72000,
WATER TANKS,WT-6LC-30,Water Tank 6 Layer Colour 3000 Ltr,,108000,
WATER TANKS,WT-6LC-50,Water Tank 6 Layer Colour 6000 Ltr,,180000,
WATER TANKS,WT-6LH-05,Water Tank 6 Layer Heavy 500 Ltr,,18000,
WATER TANKS,WT-6LH-07,Water Tank 6 Layer Heavy 700 Ltr,,27000,
WATER TANKS,WT-6LH-10,Water Tank 6 Layer Heavy 1000 Ltr,,36000,
WATER TANKS,WT-6LH-15,Water Tank 6 Layer Heavy 1500 Ltr,,54000,
WATER TANKS,WT-6LH-20,Water Tank 6 Layer Heavy 2000 Ltr,,72000,
WATER TANKS,WT-6LH-30,Water Tank 6 Layer Heavy 3000 Ltr,,108000,
WATER TANKS,WT-6LH-50,Water Tank 6 Layer Heavy 5000 Ltr,,180000,
WATER TANKS,WCT-3LL-05,WATER COOL TANK 3 LAYER LIGHT 500 LTR.,WHITE,6525,
WATER TANKS,WCT-3LL-05,WATER COOL TANK 3 LAYER LIGHT 500 LTR.,YELLOW,6525,
WATER TANKS,WCT-3LL-05,WATER COOL TANK 3 LAYER LIGHT 500 LTR.,GREEN,6525,
WATER TANKS,WCT-3LL-05,WATER COOL TANK 3 LAYER LIGHT 500 LTR.,BLUE,6525,
WATER TANKS,WCT-3LL-07,WATER COOL TANK 3 LAYER LIGHT 750 LTR.,WHITE,9788,
WATER TANKS,WCT-3LL-07,WATER COOL TANK 3 LAYER LIGHT 750 LTR.,YELLOW,9788,
WATER TANKS,WCT-3LL-07,WATER COOL TANK 3 LAYER LIGHT 750 LTR.,GREEN,9788,
WATER TANKS,WCT-3LL-07,WATER COOL TANK 3 LAYER LIGHT 750 LTR., BLUE,9788,
WATER TANKS,WCT-3LL-10,WATER COOL TANK 3 LAYER LIGHT 1000 LTR.,WHITE,13050,
WATER TANKS,WCT-3LL-10,WATER COOL TANK 3 LAYER LIGHT 1000 LTR.,YELLOW,13050,
WATER TANKS,WCT-3LL-10,WATER COOL TANK 3 LAYER LIGHT 1000 LTR.,GREEN,13050,
WATER TANKS,WCT-3LL-10,WATER COOL TANK 3 LAYER LIGHT 1000 LTR.,BLUE,13050,
P.V.C. GARDEN PIPE,GP-346-DMB,"Garden Pipe Milky Blue Double Decker 30 Mtr 3/4""",,1775,
P.V.C. GARDEN PIPE,GP-364-MB,"Garden Pipe Milky Blue Plain 30 Mtr 1""",,2790,
P.V.C. GARDEN PIPE,GP-345-MB,"Garden Pipe Milky Blue Plain 30 Mtr 1/2""",,1360,
P.V.C. GARDEN PIPE,GP-367-MB,"Garden Pipe Milky Blue Plain 30 Mtr 1-1/4""",,4240,
P.V.C. GARDEN PIPE,GP-346-MB,"Garden Pipe Milky Blue Plain 30 Mtr 3/4""",,1990,
P.V.C. GARDEN PIPE,GP-346-DMG,"Garden Pipe Milky Green Double Decker 30 Mtr 3/4""",,1775,
P.V.C. GARDEN PIPE,GP-364-MG,"Garden Pipe Milky Green Plain 30 Mtr 1""",,2790,
P.V.C. GARDEN PIPE,GP-345-MG,"Garden Pipe Milky Green Plain 30 Mtr 1/2""",,1360,
P.V.C. GARDEN PIPE,GP-346-MG,"Garden Pipe Milky Green Plain 30 Mtr 3/4""",,1990,
P.V.C. GARDEN PIPE,GP-346-DMO,"Garden Pipe Milky Orange Double Decker 30 Mtr 3/4""",,1775,
P.V.C. GARDEN PIPE,GP-364-MO,"Garden Pipe Milky Orange Plain 30 Mtr 1""",,2790,
P.V.C. GARDEN PIPE,GP-345-MO,"Garden Pipe Milky Orange Plain 30 Mtr 1/2""",,1360,
P.V.C. GARDEN PIPE,GP-346-MO,"Garden Pipe Milky Orange Plain 30 Mtr 3/4""",,1990,
P.V.C. GARDEN PIPE,GP-364-MPL,"Garden Pipe Milky Pink Line 30 Mtr 1""",,2550,
P.V.C. GARDEN PIPE,GP-364-MP,"Garden Pipe Milky Pink Plain 30 Mtr 1""",,2550,
P.V.C. GARDEN PIPE,GP-345-MP,"Garden Pipe Milky Pink Plain 30 Mtr 1/2""",,1330,
P.V.C. GARDEN PIPE,GP-345-MRL,"Garden Pipe Milky Red Line 30 Mtr 1/2""",,1285,
P.V.C. GARDEN PIPE,GP-364-MR,"Garden Pipe Milky Red Plain 30 Mtr 1""",,2550,
P.V.C. GARDEN PIPE,GP-345-MR,"Garden Pipe Milky Red Plain 30 Mtr 1/2""",,1330,
P.V.C. GARDEN PIPE,GP-345-MWL,"Garden Pipe Milky White Line 30 Mtr 1/2""",,1285,
P.V.C. GARDEN PIPE,GP-364-MW,"Garden Pipe Milky White Plain 30 Mtr 1""",,2790,
P.V.C. GARDEN PIPE,GP-345-MW,"Garden Pipe Milky White Plain 30 Mtr 1/2""",,1360,
P.V.C. GARDEN PIPE,GP-367-MW,"Garden Pipe Milky White Plain 30 Mtr 1-1/4""",,4490,
P.V.C. GARDEN PIPE,GP-346-MW,"Garden Pipe Milky White Plain 30 Mtr 3/4""",,1990,
P.V.C. GARDEN PIPE,GP-364-MY,"Garden Pipe Milky Yellow Plain 30 Mtr 1""",,2550,
P.V.C. GARDEN PIPE,GP-345-MY,"Garden Pipe Milky Yellow Plain 30 Mtr 1/2""",,1360,
P.V.C. GARDEN PIPE,GP-367-MY,"Garden Pipe Milky Yellow Plain 30 Mtr 1-1/4""",,4240,
P.V.C. GARDEN PIPE,GP-346-MY,"Garden Pipe Milky Yellow Plain 30 Mtr 3/4""",,1990,
P.V.C. GARDEN PIPE,GP-364-TB,"Garden Pipe Transparent Blue Plain 30 Mtr 1""",,2790,
P.V.C. GARDEN PIPE,GP-345-TB,"Garden Pipe Transparent Blue Plain 30 Mtr 1/2""",,1360,
P.V.C. GARDEN PIPE,GP-367-TB,"Garden Pipe Transparent Blue Plain 30 Mtr 1-1/4""",,4240,
P.V.C. GARDEN PIPE,GP-346-TB,"Garden Pipe Transparent Blue Plain 30 Mtr 3/4""",,1990,
P.V.C. GARDEN PIPE,GP-345-TGL,"Garden Pipe Transparent Green Line 30 Mtr 1/2""",,1285,
P.V.C. GARDEN PIPE,GP-367-TGL,"Garden Pipe Transparent Green Line 30 Mtr 1-1/4""",,4240,
P.V.C. GARDEN PIPE,GP-364-TG,"Garden Pipe Transparent Green Plain 30 Mtr 1""",,2790,
P.V.C. GARDEN PIPE,GP-345-TG,"Garden Pipe Transparent Green Plain 30 Mtr 1/2""",,1360,
P.V.C. GARDEN PIPE,GP-346-TG,"Garden Pipe Transparent Green Plain 30 Mtr 3/4""",,1990,
P.V.C. GARDEN PIPE,GP-345-TOL,"Garden Pipe Transparent Orange Line 30 Mtr 1/2""",,1285,
P.V.C. GARDEN PIPE,GP-364-TO,"Garden Pipe Transparent Orange Plain 30 Mtr 1""",,2790,
P.V.C. GARDEN PIPE,GP-345-TO,"Garden Pipe Transparent Orange Plain 30 Mtr 1/2""",,1360,
P.V.C. GARDEN PIPE,GP-346-TO,"Garden Pipe Transparent Orange Plain 30 Mtr 3/4""",,1990,
P.V.C. GARDEN PIPE,GP-367-TP,"Garden Pipe Transparent Pink Plain 30 Mtr 1-1/4""",,4240,
P.V.C. GARDEN PIPE,GP-364-TT,"Garden Pipe Transparent Plain 30 Mtr 1""",,2790,
P.V.C. GARDEN PIPE,GP-345-TT,"Garden Pipe Transparent Plain 30 Mtr 1/2""",,1360,
P.V.C. GARDEN PIPE,GP-367-TT,"Garden Pipe Transparent Plain 30 Mtr 1-1/4""",,4490,
P.V.C. GARDEN PIPE,GP-346-TT,"Garden Pipe Transparent Plain 30 Mtr 3/4""",,1990,
P.V.C. GARDEN PIPE,GP-364-TR,"Garden Pipe Transparent Red Plain 30 Mtr 1""",,2550,
P.V.C. GARDEN PIPE,GP-345-TR,"Garden Pipe Transparent Red Plain 30 Mtr 1/2""",,1330,
P.V.C. GARDEN PIPE,GP-345-TY,"Garden Pipe Transparent Yellow Plain 30 Mtr 1/2""",,1360,
P.V.C. GARDEN PIPE,GP-346-TY,"Garden Pipe Transparent Yellow Plain 30 Mtr 3/4""",,1990,
P.V.C. GARDEN PIPE,GP-345-MW/H,Garden Pipe Milky White Plain (HEAVY),,1620,
P.V.C. GARDEN PIPE,GP-345-TT/H,Garden Pipe Transparent Plain (HEAVY),,1620,
P.V.C. GARDEN PIPE,GP-346-MW/H,Garden Pipe Milky White Plain (HEAVY),,2330,
P.V.C. GARDEN PIPE,GP-364-MW/H,Garden Pipe Milky White Plain (HEAVY),,3050,
P.V.C. GARDEN PIPE,GP-346-TT/H,"Garden Pipe Transparent Plain (HEAVY) 30 Mtr 3/4""",,2330,
P.V.C. GARDEN PIPE,GP-364-TT/H,"Garden Pipe Transparent Plain (HEAVY) 30 Mtr 3/4"" 1""",,3050,
P.V.C. GARDEN PIPE,BR345-TT,Braided Transparent Garden Pipe 1?2” 30 Mtr,,2020,
P.V.C. GARDEN PIPE,BR346-TT,Braided Transparent Garden Pipe 3?4” 30 Mtr,,2840,
P.V.C. GARDEN PIPE,BR364-TT,Braided Transparent Garden Pipe 1” 30 Mtr,,3550,
P.V.C. GARDEN PIPE,BR345-TG,Braided Transparent Green Garden Pipe 1?2” 30 Mtr,,1590,
P.V.C. GARDEN PIPE,BR346-TG,Braided Transparent Green Garden Pipe 3?4” 30 Mtr,,2240,
P.V.C. GARDEN PIPE,BR364-TG,Braided Transparent Green Garden Pipe 1” 30 Mtr,,3040,
P.V.C. GARDEN PIPE,BR345-BY,Garden Pipe 1/2 inch  30 Mtr Braided Yellow,,2410,
P.V.C. GARDEN PIPE,BR346-BY,Garden Pipe 3/4 inch 30 Mtr Braided Yellow,,3350,
P.V.C. GARDEN PIPE,BR364-BY,Garden Pipe 1 inch 30 Mtr Braided Yellow,,4270,
C.P. 5000 SERIES,5302,ORBIT  Pillar Cock,,1290,
C.P. 5000 SERIES,5306,ORBIT  Bib Cock with Wall Flange,,1040,
C.P. 5000 SERIES,5308,ORBIT  Bib Cock Long Body with Wall Flange,,1290,
C.P. 5000 SERIES,5310,ORBIT  Angular Stop Cock with Wall Flange,,790,
C.P. 5000 SERIES,5311,ORBIT  2-Way Angular Stop Cock with Wall Flange,,1540,
C.P. 5000 SERIES,5312,ORBIT  2-Way Bib Cock Double Handle with Wall Flange,,1690,
C.P. 5000 SERIES,5314,ORBIT  Swan Neck Table Mounted,,1880,
C.P. 5000 SERIES,5316,ORBIT  Sink Cock Wall Mounted with Flange,,1690,
C.P. 5000 SERIES,5318,ORBIT  Concealed Stop Cock 15mm with Wall Flange,,1250,
C.P. 5000 SERIES,5320,ORBIT  Concealed Stop Cock 20mm with Wall Flange,,1290,
C.P. 5000 SERIES,5350,ORBIT  Center Hole Basin Mixer without Popup,,2960,
C.P. 5000 SERIES,5351,ORBIT  Single Lever Basin Mixer without Popup Waste System,,3870,
C.P. 5000 SERIES,5355,ORBIT  Sink Mixer with Regular Spout Wall Mounted with Flange,,3580,
C.P. 5000 SERIES,5365,ORBIT  Wall Mixer Non Telephonic with Flange,,3690,
C.P. 5000 SERIES,5370,ORBIT  Wall Mixer Telephonic with Crutch & Wall Flange (Provision For Hand Shower),,4980,
C.P. 5000 SERIES,5375,"ORBIT  Wall Mixer ""L"" Bend with Wall Flange (Provision For Over Head Shower)",,4980,
C.P. 5000 SERIES,5380,ORBIT  Wall Mixer 3 In 1 with Wall Flange (Provision For Over Head Shower & Hand Shower),,5840,
C.P. 5000 SERIES,5391-N,ORBIT  Single Lever Concealed Diverter Bath & Shower 40mm,,5980,
C.P. 5000 SERIES,PD-40-N,"ORBIT  Concealed Diverter Body 40mm (Cartridge, Sleeve, Tipton Assembly)",,4240,
C.P. 5000 SERIES,DB-53-N,ORBIT  Exposed Parts (Wall Flange & Handle),,1740,
C.P. 5000 SERIES,5392-N,ORBIT  Single Lever High Flow Concealed Diverter Bath & Shower 46mm,,6720,
C.P. 5000 SERIES,DB-53-H-N,ORBIT  Exposed Parts (Wall Flange & Handle),,1740,
C.P. 5000 SERIES,5392-ON-OFF-N,ORBIT  Single Lever High Flow Concealed Diverter Bath & Shower 46mm (ON-OFF),,6720,
C.P. 5000 SERIES,PD-46-H-ON-OFF-N,"ORBIT  High Flow Concealed Diverter Body 46mm (Cartridge, Sleeve, On-Off Assembly)",,4740,
C.P. 5000 SERIES,DB-53-H-ON-OFF-N,ORBIT  Exposed Parts (Wall Flange & Handle),,1980,
C.P. 5000 SERIES,5393-N,ORBIT  Single Lever 3 In Let Concealed Diverter Bath & Shower 46mm,,6720,
C.P. 5000 SERIES,PD-3 IN-N,"ORBIT  3 In Let Concealed Diverter Body 46mm (Cartridge, Sleeve, Tipton Assembly)",,4980,
C.P. 5000 SERIES,DB-53-3 IN-N,ORBIT  Exposed Parts (Wall Flange & Handle),,1740,
C.P. 5000 SERIES,5393-ON-OFF-N,ORBIT  Single Lever 3 In Let Concealed Diverter Bath & Shower 46mm (ON-OFF),,6720,
C.P. 5000 SERIES,PD-3 IN-ON-OFF-N,"ORBIT  3 In Let Concealed Diverter Body 46mm (Cartridge, Sleeve, On-Off Assembly)",,4740,
C.P. 5000 SERIES,DB-53-3 IN-ON-OFF-N,ORBIT  Exposed Parts (Wall Flange & Handle),,1980,
C.P. 5000 SERIES,5395,ORBIT  Bath Tub Spout with Flange,,1170,
C.P. 5000 SERIES,5396,ORBIT  Bath Tub Spout Tip Ton with Flange,,1930,
C.P. 5000 SERIES,5398,ORBIT  Flush Cock 25mm Half Turn with Adjustable Flange,,2150,
C.P. 5000 SERIES,5202,ASPIRE Pillar Cock,,1290,
C.P. 5000 SERIES,5203,ASPIRE Pillar Cock Tall Body,,2890,
C.P. 5000 SERIES,5206,ASPIRE Bib Cock with Wall Flange,,1070,
C.P. 5000 SERIES,5208,ASPIRE Bib Cock Long Body with Wall Flange,,1290,
C.P. 5000 SERIES,5210,ASPIRE Angular Stop Cock with Wall Flange,,820,
C.P. 5000 SERIES,5212,ASPIRE 2-Way Bib Cock Double Handle with Wall Flange,,1690,
C.P. 5000 SERIES,5214,ASPIRE Swan Neck Table Mounted,,1890,
C.P. 5000 SERIES,5216,ASPIRE Sink Cock Wall Mounted with Flange,,1690,
C.P. 5000 SERIES,5218,ASPIRE Concealed Stop Cock 15mm with Wall Flange,,1230,
C.P. 5000 SERIES,5220,ASPIRE Concealed Stop Cock 20mm with Wall Flange,,1270,
C.P. 5000 SERIES,5250,ASPIRE Center Hole Basin Mixer without Popup,,2960,
C.P. 5000 SERIES,5251,ASPIRE Single Lever Basin Mixer without Popup Waste System,,3390,
C.P. 5000 SERIES,5252,ASPIRE Single Lever Basin Mixer Tall Body without Popup Waste System,,5380,
C.P. 5000 SERIES,5255,ASPIRE Sink Mixer with Regular Spout Wall Mounted with Flange,,3550,
C.P. 5000 SERIES,5265,ASPIRE Wall Mixer Non Telephonic with Flange,,3720,
C.P. 5000 SERIES,5270,ASPIRE Wall Mixer Telephonic with Crutch & Wall Flange (Provision For Hand Shower),,4970,
C.P. 5000 SERIES,5275,"ASPIRE Wall Mixer ""L"" Bend with Wall Flange (Provision For Over Head Shower)",,4970,
C.P. 5000 SERIES,5280,ASPIRE Wall Mixer 3 In 1 with Wall Flange (Provision For Over Head Shower & Hand Shower),,5780,
C.P. 5000 SERIES,5291-N,ASPIRE Single Lever Concealed Diverter Bath & Shower 40mm,,5980,
C.P. 5000 SERIES,DB-52-N,ASPIRE Exposed Parts (Wall Flange & Handle),,1740,
C.P. 5000 SERIES,5292-N,ASPIRE Single Lever High Flow Concealed Diverter Bath & Shower 46mm,,6720,
C.P. 5000 SERIES,DB-52-H-N,ASPIRE Exposed Parts (Wall Flange & Handle),,1740,
C.P. 5000 SERIES,5292-ON-OFF-N,ASPIRE Single Lever High Flow Concealed Diverter Bath & Shower 46mm (ON-OFF),,6720,
C.P. 5000 SERIES,DB-52-H-ON-OFF-N,ASPIRE Exposed Parts (Wall Flange & Handle),,1980,
C.P. 5000 SERIES,5293-N,ASPIRE Single Lever 3 In Let Concealed Diverter Bath & Shower 46mm,,6720,
C.P. 5000 SERIES,DB-52-3 IN-N,ASPIRE Exposed Parts (Wall Flange & Handle),,1740,
C.P. 5000 SERIES,5293-ON-OFF-N,ASPIRE Single Lever 3 In Let Concealed Diverter Bath & Shower 46mm (ON-OFF),,6720,
C.P. 5000 SERIES,DB-52-3 IN-ON-OFF-N,ASPIRE Exposed Parts (Wall Flange & Handle),,1980,
C.P. 5000 SERIES,5295,ASPIRE Bath Tub Spout with Flange,,1170,
C.P. 5000 SERIES,5296,ASPIRE Bath Tub Spout Tip Ton with Flange,,1930,
C.P. 5000 SERIES,5298,ASPIRE Flush Cock 25mm Half Turn with Adjustable Flange,,2150,
C.P. 5000 SERIES,5254-S,ASPIRE 52 Single Lever Basin Mixer Wall Mount (Concealed),,5640,
C.P. 5000 SERIES,BB-52-S,"ASPIRE 52 Exposed Parts (Wall Flange, Handle & Spout)",,1960,
C.P. 5000 SERIES,5354-S,ORBIT 53 Single Lever Basin Mixer Wall Mount (Concealed),,5640,
C.P. 5000 SERIES,BB-53-S,"ORBIT 53 Exposed Parts (Wall Flange, Handle & Spout)",,1960,
C.P. 5000 SERIES,5217,"ASPIRE Sink Cock Wall Mounted with Flange (9"" Spout)",,1840,
C.P. 5000 SERIES,5317,"ORBIT Sink Cock Wall Mounted with Flange (9"" Spout)",,1840,
C.P. 5000 SERIES,5204,ASPIRE 52 Pillar Cock Extended Body,,1890,
C.P. 5000 SERIES,5207,ASPIRE 52 Concealed Wall Mount Pillar Cock,,2680,
C.P. 5000 SERIES,CP-07,ASPIRE 52 Concealed Pillar Cock Body 15mm,,1390,
C.P. 5000 SERIES,CP-52,"ASPIRE 52 Exposed Parts (Wall Flange, Handle & Spout)",,1290,
C.P. 5000 SERIES,C 5211,ASPIRE 52 2-Way Angular Stop Cock with Wall Flange,,1560,
C.P. 5000 SERIES,BD-40,"ASPIRE 52 Single Lever Basin Mixer Wall Mount (Body, Cartridge, Sleeve & Nipple)",,3680,
C.P. 5000 SERIES,PD-46-H-N,"ASPIRE 52 High Flow Concealed Diverter Body 46mm (Cartridge, Sleeve, Tipton Assembly)",,4980,
C.P. 5000 SERIES,5307,ORBIT 53 Concealed Wall Mount Pillar Cock,,2680,
C.P. 5000 SERIES,CP-53,"ORBIT 53 Exposed Parts (Wall Flange, Handle & Spout)",,1290,
C.P. 5000 SERIES,5402,AQUA 54 Pillar Cock,,1440,
C.P. 5000 SERIES,5404,AQUA 54 Pillar Cock Extended Body,,2190,
C.P. 5000 SERIES,5406,AQUA 54 Bib Cock with Wall Flange,,1390,
C.P. 5000 SERIES,5407,AQUA 54 Concealed Wall Mount Pillar Cock,,2680,
C.P. 5000 SERIES,CP-54,"AQUA 54 Exposed Parts (Wall Flange, Handle & Spout)",,1290,
C.P. 5000 SERIES,5408,AQUA 54 Bib Cock Long Body with Wall Flange,,1490,
C.P. 5000 SERIES,5410,AQUA 54 Angular Stop Cock with Wall Flange,,840,
C.P. 5000 SERIES,5411,AQUA 54 2-Way Angular Stop Cock with Wall Flange,,1590,
C.P. 5000 SERIES,5412,AQUA 54 2-Way Bib Cock Double Handle with Wall Flange,,1980,
C.P. 5000 SERIES,5414,AQUA 54 Swan Neck Table Mounted,,1860,
C.P. 5000 SERIES,5416,AQUA 54 Sink Cock Wall Mounted with Flange,,1690,
C.P. 5000 SERIES,5417,AQUA 54 Sink Cock Wall Mounted with Flange,,1840,
C.P. 5000 SERIES,5418,AQUA 54 Concealed Stop Cock 15mm with Wall Flange,,1250,
C.P. 5000 SERIES,5420,AQUA 54 Concealed Stop Cock 20mm with Wall Flange,,1290,
C.P. 5000 SERIES,5450,AQUA 54 Center Hole Basin Mixer without Popup,,2980,
C.P. 5000 SERIES,5451,AQUA 54 Single Lever Basin Mixer without Popup Waste System,,3880,
C.P. 5000 SERIES,5454,AQUA 54 Single Lever Basin Mixer Wall Mount (Concealed),,5740,
C.P. 5000 SERIES,BB-54,"AQUA 54 Exposed Parts (Wall Flange, Handle & Spout)",,2060,
C.P. 5000 SERIES,5455,AQUA 54 Sink Mixer with Regular Spout Wall Mounted with Flange,,3650,
C.P. 5000 SERIES,5470,AQUA 54 Wall Mixer Telephonic with Crutch & Wall Flange (Provision For Hand Shower),,4990,
C.P. 5000 SERIES,5475,"AQUA 54 Wall Mixer ""L"" Bend with Wall Flange (Provision For Over Head Shower)",,4990,
C.P. 5000 SERIES,5480,AQUA 54 Wall Mixer 3 In 1 with Wall Flange (Provision For Over Head Shower & Hand Shower),,5880,
C.P. 5000 SERIES,5491-N,AQUA 54 Single Lever Concealed Diverter Bath & Shower 40mm,,5980,
C.P. 5000 SERIES,DB-54-N,AQUA 54 Exposed Parts (Wall Flange & Handle),,1740,
C.P. 5000 SERIES,5492-N,AQUA 54 Single Lever High Flow Concealed Diverter Bath & Shower 46mm,,6720,
C.P. 5000 SERIES,DB-54-H-N,AQUA 54 Exposed Parts (Wall Flange & Handle),,1740,
C.P. 5000 SERIES,5492-ON-OFF-N,AQUA 54 Single Lever High Flow Concealed Diverter Bath & Shower 46mm (ON-OFF),,6720,
C.P. 5000 SERIES,DB-54-H-ON-OFF-N,AQUA 54 Exposed Parts (Wall Flange & Handle),,1980,
C.P. 5000 SERIES,5493-N,AQUA 54 Single Lever 3 In Let Concealed Diverter Bath & Shower 46mm,,6720,
C.P. 5000 SERIES,DB-54-3 IN-N,AQUA 54 Exposed Parts (Wall Flange & Handle),,1740,
C.P. 5000 SERIES,5493-ON-OFF-N,AQUA 54 Single Lever 3 In Let Concealed Diverter Bath & Shower 46mm (ON-OFF),,6720,
C.P. 5000 SERIES,DB-54-3 IN-ON-OFF-N,AQUA 54 Exposed Parts (Wall Flange & Handle),,1980,
C.P. 5000 SERIES,5495,AQUA 54 Bath Tub Spout with Flange,,1170,
C.P. 5000 SERIES,5496,AQUA 54 Bath Tub Spout Tip Ton with Flange,,1780,
C.P. 5000 SERIES,5498,AQUA 54 Flush Cock 25mm Half Turn with Adjustable Flange,,2150,
C.P. 5000 SERIES,5502,OCEAN 55 Pillar Cock,,1490,
C.P. 5000 SERIES,5504,OCEAN 55 Pillar Cock Extended Body,,2240,
C.P. 5000 SERIES,5506,OCEAN 55 Bib Cock with Wall Flange,,1390,
C.P. 5000 SERIES,5507,OCEAN 55 Concealed Wall Mount Pillar Cock,,2680,
C.P. 5000 SERIES,CP-55,"OCEAN 55 Exposed Parts (Wall Flange, Handle & Spout)",,1290,
C.P. 5000 SERIES,5508,OCEAN 55 Bib Cock Long Body with Wall Flange,,1490,
C.P. 5000 SERIES,5510,OCEAN 55 Angular Stop Cock with Wall Flange,,820,
C.P. 5000 SERIES,5511,OCEAN 55 2-Way Angular Stop Cock with Wall Flange,,1690,
C.P. 5000 SERIES,5512,OCEAN 55 2-Way Bib Cock Double Handle with Wall Flange,,1990,
C.P. 5000 SERIES,5514,OCEAN 55 Swan Neck Table Mounted,,1890,
C.P. 5000 SERIES,5516,OCEAN 55 Sink Cock Wall Mounted with Flange,,1590,
C.P. 5000 SERIES,5517,OCEAN 55 Sink Cock Wall Mounted with Flange,,1890,
C.P. 5000 SERIES,5518,OCEAN 55 Concealed Stop Cock 15mm with Wall Flange,,1320,
C.P. 5000 SERIES,5520,OCEAN 55 Concealed Stop Cock 20mm with Wall Flange,,1360,
C.P. 5000 SERIES,5550,OCEAN 55 Center Hole Basin Mixer without Popup,,2980,
C.P. 5000 SERIES,5551,OCEAN 55 Single Lever Basin Mixer without Popup Waste System,,3760,
C.P. 5000 SERIES,5554,OCEAN 55 Single Lever Basin Mixer Wall Mount (Concealed),,5740,
C.P. 5000 SERIES,BB-55,"OCEAN 55 Exposed Parts (Wall Flange, Handle & Spout)",,2060,
C.P. 5000 SERIES,5555,OCEAN 55 Sink Mixer with Regular Spout Wall Mounted with Flange,,3480,
C.P. 5000 SERIES,5570,OCEAN 55 Wall Mixer Telephonic with Crutch & Wall Flange (Provision For Hand Shower),,4990,
C.P. 5000 SERIES,5575,"OCEAN 55 Wall Mixer ""L"" Bend with Wall Flange (Provision For Over Head Shower)",,4990,
C.P. 5000 SERIES,5580,OCEAN 55 Wall Mixer 3 In 1 with Wall Flange (Provision For Over Head Shower & Hand Shower),,5880,
C.P. 5000 SERIES,5591-N,OCEAN 55 Single Lever Concealed Diverter Bath & Shower 40mm,,5920,
C.P. 5000 SERIES,DB-55-N,OCEAN 55 Exposed Parts (Wall Flange & Handle),,1680,
C.P. 5000 SERIES,5592-N,OCEAN 55 Single Lever High Flow Concealed Diverter Bath & Shower 46mm,,6660,
C.P. 5000 SERIES,DB-55-H-N,OCEAN 55 Exposed Parts (Wall Flange & Handle),,1680,
C.P. 5000 SERIES,5592-ON-OFF-N,OCEAN 55 Single Lever High Flow Concealed Diverter Bath & Shower 46mm (ON-OFF),,6660,
C.P. 5000 SERIES,DB-55-H-ON-OFF-N,OCEAN 55 Exposed Parts (Wall Flange & Handle),,1920,
C.P. 5000 SERIES,5593-N,OCEAN 55 Single Lever 3 In Let Concealed Diverter Bath & Shower 46mm,,6660,
C.P. 5000 SERIES,DB-55-3 IN-N,OCEAN 55 Exposed Parts (Wall Flange & Handle),,1680,
C.P. 5000 SERIES,5593-ON-OFF-N,OCEAN 55 Single Lever 3 In Let Concealed Diverter Bath & Shower 46mm (ON-OFF),,6660,
C.P. 5000 SERIES,DB-55-3 IN-ON-OFF-N,OCEAN 55 Exposed Parts (Wall Flange & Handle),,1920,
C.P. 5000 SERIES,5595,OCEAN 55 Bath Tub Spout with Flange,,1170,
C.P. 5000 SERIES,5596,OCEAN 55 Bath Tub Spout Tip Ton with Flange,,1780,
C.P. 5000 SERIES,5598,OCEAN 55 Flush Cock 25mm Half Turn with Adjustable Flange,,2150,
MANHOLE COVER,MHC-01,MANHOLE COVER 250 X 250,,874,
MANHOLE COVER,MHC-02,MANHOLE COVER 300 X 300,,1170,
MANHOLE COVER,MHC-03,MANHOLE COVER 380 X 380,,1390,
MANHOLE COVER,MHC-04,MANHOLE COVER 300 X 450,,1470,
MANHOLE COVER,MHC-05,MANHOLE COVER 450 X 450,,1940,
MANHOLE COVER,MHC-06,MANHOLE COVER 450 X 600,,2580,
MANHOLE COVER,MHC-07,MANHOLE COVER 535 X 535,,2580,
MANHOLE COVER,MHC-08,MANHOLE COVER 600 X 600,,2960,
MANHOLE COVER,MHC-09,MANHOLE COVER 720 X 720,,5490,
MANHOLE COVER,MHC-10,MANHOLE COVER 770 X 770,,6240,
COLUMN PIPE,PB125,1inch Column Pipe 10 kg/cm2 Class-1 25mm,,320,
COLUMN PIPE,PB225,1inch Column Pipe 12.5 kg/cm2 Class-2 25mm,,361.6,
COLUMN PIPE,PB325,1inch Column Pipe 15 kg/cm2 Class-3 25mm,,374.4,
COLUMN PIPE,PB132,1?inch Column Pipe 10 kg/cm3 Class-1 32mm,,460.8,
COLUMN PIPE,PB232,1?inch Column Pipe 12.5 kg/cm3 Class-2 32mm,,470.4,
COLUMN PIPE,PB332,1?inch Column Pipe 15 kg/cm3 Class-3 32mm,,569.6,
COLUMN PIPE,PB432,1?inch Column Pipe 20 kg/cm3 Class-4 32mm,,659.2,
COLUMN PIPE,PB240,1?inch Column Pipe 12.5 kg/cm4 Class-2 40mm,,606.1,
COLUMN PIPE,PB340,1?inch Column Pipe 15 kg/cm4 Class-3 40mm,,708.5,
COLUMN PIPE,PB440,1?inch Column Pipe 20 kg/cm4 Class-4 40mm,,852.5,
COLUMN PIPE,PB350,2inch Column Pipe 15 kg/cm5 Class-3 50mm,,1213.8,
COLUMN PIPE,PB450,2inch Column Pipe 20 kg/cm5 Class-4 50mm,,1376.9,
COLUMN PIPE,PB550,2inch Column Pipe 25 kg/cm5 Class-5 50mm,,1642.6,
COLUMN PIPE,PB365,2?inch Column Pipe 15 kg/cm6 Class-3 65mm,,1674.6,
COLUMN PIPE,PB465,2?inch Column Pipe 20 kg/cm6 Class-4 65mm,,2055.5,
COLUMN PIPE,PB565,2?inch Column Pipe 25 kg/cm6 Class-5 65mm,,2420.2,
COLUMN PIPE,PB380,3inch Column Pipe 15 kg/cm8 Class-3 80mm,,2253.8,
COLUMN PIPE,PB480,3inch Column Pipe 20 kg/cm8 Class-4 80mm,,2800.9,
COLUMN PIPE,PB580,3inch Column Pipe 25 kg/cm8 Class-5 80mm,,3309.8,
COLUMN PIPE,PB3100,4inch Column Pipe 15 kg/cm1 Class-3 100mm,,3670.4,
COLUMN PIPE,PB4100,4inch Column Pipe 20 kg/cm1 Class-4 100mm,,4518.4,
COLUMN PIPE,PB5100,4inch Column Pipe 25 kg/cm1 Class-5 100mm,,5379.2,
COLUMN PIPE,PB125B,"Column Pipe Belling Type 1"" 25mm",,290,
COLUMN PIPE,PB132B,"Column Pipe Belling Type 1 1/4 """" 32mm",,416,
COLUMN PIPE,PB225B,"Column Pipe Belling Type 1"" 25mm",,326,
COLUMN PIPE,PB232B,"Column Pipe Belling Type 1 1/4 """" 32mm",,420,
HDPE PIPE,HD110A,HDPE PIPE PE-100 PN4 DN110,,392,
HDPE PIPE,HD110B,HDPE PIPE PE-100 PN6 DN110,,598,
HDPE PIPE,HD125A,HDPE PIPE PE-100 PN4 DN125,,502,
HDPE PIPE,HD125B,HDPE PIPE PE-100 PN6 DN125,,771,
HDPE PIPE,HD125C,HDPE PIPE PE-100 PN10 DN125,,1179,
HDPE PIPE,HD140A,HDPE PIPE PE-100 PN4 DN140,,631,
HDPE PIPE,HD140B,HDPE PIPE PE-100 PN6 DN140,,966,
HDPE PIPE,HD160B,HDPE PIPE PE-100 PN6 DN160,,1267,
HDPE PIPE,HD160C,HDPE PIPE PE-100 PN10 DN160,,1936,
HDPE PIPE,HD160L,HDPE PIPE PE-100 PN4 DN160,,1733.25,
HDPE PIPE,HD160V,160MM HDPE PIPE SDR 11 PN12.5,,2561.25,
HDPE PIPE,HD180B,HDPE PIPE PE-100 PN6 DN180,,1592,
HDPE PIPE,HD200B,HDPE PIPE PE-100 PN6 DN200,,1972,
HDPE PIPE,HD200V,200MM HDPE PIPE SDR 11 PN12.5,,3992,
HDPE PIPE,HD225V,225MM HDPE PIPE SDR 11 PN12.5,,5053.25,
HDPE PIPE,HD40B,HDPE PIPE PE-100 PN6 DN40,,80,
HDPE PIPE,HD40C,HDPE PIPE PE-100 PN10 DN40,,124,
HDPE PIPE,HD50B,HDPE PIPE PE-100 PN6 DN50,,124,
HDPE PIPE,HD50C,HDPE PIPE PE-100 PN10 DN50,,192,
HDPE PIPE,HD50U,50MM HDPE PIPE IS 4984 PE 100PN10,,209.5,
HDPE PIPE,HD63B,HDPE PIPE PE-100 PN6 DN63,,196,
HDPE PIPE,HD63C,HDPE PIPE PE-100 PN10 DN63,,306,
HDPE PIPE,HD63U,63MM HDPE PIPE IS 4984 PE 100PN10,,333.5,
HDPE PIPE,HD75A,HDPE PIPE PE-100 PN4 DN75,,182,
HDPE PIPE,HD75B,HDPE PIPE PE-100 PN6 DN75,,281,
HDPE PIPE,HD75C,HDPE PIPE PE-100 PN10 DN75,,433,
HDPE PIPE,HD90A,HDPE PIPE PE-100 PN4 DN90,,267,
HDPE PIPE,HD90B,HDPE PIPE PE-100 PN6 DN90,,398,
HDPE PIPE,HD90C,HDPE PIPE PE-100 PN10 DN90,,621,
HDPE PIPE,HD110H,HDPE PIPE PE-80 PN6 DN110,,689,
HDPE PIPE,HD125H,HDPE PIPE PE-80 PN6 DN125,,899,
HDPE PIPE,HD160H,HDPE PIPE PE-80 PN6 DN160,,1459,
HDPE PIPE,HD90H,HDPE PIPE PE-80 PN6 DN90,,462,
HDPE PIPE,HD75V,HDPE PE-80 PN-6 75 MM,,568.5,
HDPE PIPE,HD110V,HDPE PE-80 PN-6 110 MM,,1206.75,
HDPE PIPE,HD90V,HDPE PE-80 PN-6 90MM,,813.75,
HDPE PIPE,HD125V,HDPE PE-80 PN-6 125 MM,,1565.5,
HDPE PIPE,HD140V,HDPE PE-80 PN-6 140 MM,,1964.5,
HDPE PIPE,HD180V,HDPE PE-80 PN-6 180 MM,,3237.25,
HDPE PIPE,MD20H,MDP PIPE PE-80 PN-12.5 DN-20,,43,
HDPE PIPE,HD225B,HDPE PIPE PE-100 PN-6 DN-225,,2500,
HDPE PIPE,HD90E,HDPE PE-100 PN-10 DN-90,,608,
HDPE PIPE,HD160E,HDPE PE-100 PN-10 DN-160,,1855,
HDPE PIPE,HD180E,HDPE PE-100 PN-10 DN-180,,2352,
HDPE PIPE,HD20S,20MM HDPE PE 80 PN 8,,55,
HDPE PIPE,HD25S,25MM HDPE PE-80 PN-8,,81,
HDPE PIPE,HD20G,20MM HDPE PE 63 PN 8,,81.68,
HDPE PIPE,HD20F,"HDPE PE 63 PN 8, 20MM",,55,
HDPE PIPE,HD32S,32MM HDPE PE-80 PN-8,,128,
HDPE PIPE,HD25F,"HDPE PE 63 PN 8, 25MM",,81,
HDPE PIPE,HD25G,25MM HDPE PE 63 PN 8,,102.58,
HDPE PIPE,HD32G,32MM HDPE PE 63 PN 8,,124.61,
HDPE PIPE,XPET20,PE80 PN 16 DN16 PIXI PIPE 6 METER,,330,
HDPE PIPE,HD110S,110MM HDPE PE-100 PN-6,,678,
HDPE PIPE,HD140L,140MM HDPE PE-80 PN-6,,1328,
HDPE PIPE,HD75U,75MM HDPE PE-100 PN-10,,475.5,
HDPE PIPE,HD90G,90MM HDPE PE-63 PN-8,,792,
HDPE PIPE,HD40G,40MM HDPE PE 63 PN 8,,176.92,
HDPE PIPE,HD50G,50MM HDPE PE 63 PN 8,,248,
HDPE PIPE,HD63G,63MM HDPE PE 63 PN 8,,392,
HDPE PIPE,HD140C,HDPE PIPE PE-100 PN10 DN140,,1576,
HDPE PIPE,HD110C,HDPE PIPE PE-100 PN10 DN110,,977,
HDPE PIPE,HD20R,20MM HDPE PE 63 PN 8,,55,
HDPE PIPE,HD200E,HDPE PE-100 PN-10 DN-200,,2902,
HDPE PIPE,HD25R,25MM HDPE PE 63 PN 8,,81,
HDPE PIPE,HD32R,32MM HDPE PE 63 PN 8,,103,
HDPE PIPE,XPET25,PE80 PN 16 DN25 PIXI PIPE 6 METER,,456,
HDPE PIPE,XPET32,PE80 PN 16 DN32 PIXI PIPE 6 METER,,798,
HDPE PIPE,HD140H,HDPE PIPE PE-80 PN6 DN140,,966,
HDPE PIPE,HD110J,"HDPE PIPE PE-80 SDR 26
PN 4 SIZES (mm)-110",,557.5,
HDPE PIPE,HD110L,"HDPE PIPE PE-80 SDR 17
PN 6 SIZES (mm)-110",,818.25,
HDPE PIPE,HD110M,"HDPE PIPE PE-80 SDR 13.6
PN 8 SIZES (mm)-110",,1003,
HDPE PIPE,HD110N,"HDPE PIPE PE-80 SDR 11
PN 10 SIZES (mm)-110",,1206.75,
HDPE PIPE,HD110O,"HDPE PIPE PE-80 SDR 9
PN 12.5 SIZES (mm)-110",,1450.5,
HDPE PIPE,HD110Q,"HDPE PIPE PE-100 SDR 33
PN 4 SIZES (mm)-110",,446.5,
HDPE PIPE,HD110T,"HDPE PIPE PE-100 SDR 17
PN 8 SIZES (mm)-110",,818.25,
HDPE PIPE,HD110U,"HDPE PIPE PE-100 SDR 13.6
PN 10 SIZES (mm)-110",,1003,
HDPE PIPE,HD110W,"HDPE PIPE PE-100 SDR 9
PN 16 SIZES (mm)-110",,1450.5,
HDPE PIPE,HD125J,"HDPE PIPE PE-80 SDR 26
PN 4 SIZES (mm)-125",,716.5,
HDPE PIPE,HD125L,"HDPE PIPE PE-80 SDR 17
PN 6 SIZES (mm)-125",,1057.75,
HDPE PIPE,HD125M,"HDPE PIPE PE-80 SDR 13.6
PN 8 SIZES (mm)-125",,1292.5,
HDPE PIPE,HD125N,"HDPE PIPE PE-80 SDR 11
PN 10 SIZES (mm)-125",,1565.5,
HDPE PIPE,HD125O,"HDPE PIPE PE-80 SDR 9
PN 12.5 SIZES (mm)-125",,1859.75,
HDPE PIPE,HD125Q,"HDPE PIPE PE-100 SDR 33
PN 4 SIZES (mm)-125",,563.25,
HDPE PIPE,HD125S,"HDPE PIPE PE-100 SDR 21
PN 6 SIZES (mm)-125",,866.5,
HDPE PIPE,HD125T,"HDPE PIPE PE-100 SDR 17
PN 8 SIZES (mm)-125",,1057.5,
HDPE PIPE,HD125U,"HDPE PIPE PE-100 SDR 13.6
PN 10 SIZES (mm)-125",,1292.5,
HDPE PIPE,HD125W,"HDPE PIPE PE-100 SDR 9
PN 16 SIZES (mm)-125",,1859.75,
HDPE PIPE,HD140J,"HDPE PIPE PE-80 SDR 26
PN 4 SIZES (mm)-140",,887.75,
HDPE PIPE,HD140M,"HDPE PIPE PE-80 SDR 13.6
PN 8 SIZES (mm)-140",,1618.5,
HDPE PIPE,HD140N,"HDPE PIPE PE-80 SDR 11
PN 10 SIZES (mm)-140",,1964.5,
HDPE PIPE,HD140O,"HDPE PIPE PE-80 SDR 9
PN 12.5 SIZES (mm)-140",,2338,
HDPE PIPE,HD140Q,"HDPE PIPE PE-100 SDR 33
PN 4 SIZES (mm)-140",,716.25,
HDPE PIPE,HD140S,"HDPE PIPE PE-100 SDR 21
PN 6 SIZES (mm)-140",,1085.25,
HDPE PIPE,HD140T,"HDPE PIPE PE-100 SDR 17
PN 8 SIZES (mm)-140",,1327.75,
HDPE PIPE,HD140U,"HDPE PIPE PE-100 SDR 13.6
PN 10 SIZES (mm)-140",,1618.5,
HDPE PIPE,HD140W,"HDPE PIPE PE-100 SDR 9
PN 16 SIZES (mm)-140",,2338,
HDPE PIPE,HD160J,"HDPE PIPE PE-80 SDR 26
PN 4 SIZES (mm)-160",,1164.25,
HDPE PIPE,HD160M,"HDPE PIPE PE-80 SDR 13.6
PN 8 SIZES (mm)-160",,2112.75,
HDPE PIPE,HD160N,"HDPE PIPE PE-80 SDR 11
PN 10 SIZES (mm)-160",,2561.25,
HDPE PIPE,HD160O,"HDPE PIPE PE-80 SDR 9
PN 12.5 SIZES (mm)-160",,3046.25,
HDPE PIPE,HD160Q,"HDPE PIPE PE-100 SDR 33
PN 4 SIZES (mm)-160",,925.75,
HDPE PIPE,HD160S,"HDPE PIPE PE-100 SDR 21
PN 6 SIZES (mm)-160",,1423.25,
HDPE PIPE,HD160T,"HDPE PIPE PE-100 SDR 17
PN 8 SIZES (mm)-160",,1733.25,
HDPE PIPE,HD160U,"HDPE PIPE PE-100 SDR 13.6
PN 10 SIZES (mm)-160",,2112.75,
HDPE PIPE,HD160W,"HDPE PIPE PE-100 SDR 9
PN 16 SIZES (mm)-160",,3046.5,
HDPE PIPE,HD180J,"HDPE PIPE PE-80 SDR 26
PN 4 SIZES (mm)-180",,1468.75,
HDPE PIPE,HD180L,"HDPE PIPE PE-80 SDR 17
PN 6 SIZES (mm)-180",,2174,
HDPE PIPE,HD180M,"HDPE PIPE PE-80 SDR 13.6
PN 8 SIZES (mm)-180",,2681.5,
HDPE PIPE,HD180N,"HDPE PIPE PE-80 SDR 11
PN 10 SIZES (mm)-180",,3237.25,
HDPE PIPE,HD180O,"HDPE PIPE PE-80 SDR 9
PN 12.5 SIZES (mm)-180",,3848.25,
HDPE PIPE,HD180Q,"HDPE PIPE PE-100 SDR 33
PN 4 SIZES (mm)-180",,1171.5,
HDPE PIPE,HD180S,"HDPE PIPE PE-100 SDR 21
PN 6 SIZES (mm)-180",,1788.25,
HDPE PIPE,HD180T,"HDPE PIPE PE-100 SDR 17
PN 8 SIZES (mm)-180",,2174,
HDPE PIPE,HD180U,"HDPE PIPE PE-100 SDR 13.6
PN 10 SIZES (mm)-180",,2681.5,
HDPE PIPE,HD180W,"HDPE PIPE PE-100 SDR 9
PN 16 SIZES (mm)-180",,3848.5,
HDPE PIPE,HD200J,"HDPE PIPE PE-80 SDR 26
PN 4 SIZES (mm)-200",,1797.75,
HDPE PIPE,HD200L,"HDPE PIPE PE-80 SDR 17
PN 6 SIZES (mm)-200",,2685,
HDPE PIPE,HD200M,"HDPE PIPE PE-80 SDR 13.6
PN 8 SIZES (mm)-200",,3308,
HDPE PIPE,HD200N,"HDPE PIPE PE-80 SDR 11
PN 10 SIZES (mm)-200",,3992.25,
HDPE PIPE,HD200O,"HDPE PIPE PE-80 SDR 9
PN 12.5 SIZES (mm)-200",,4770.25,
HDPE PIPE,HD200Q,"HDPE PIPE PE-100 SDR 33
PN 4 SIZES (mm)-200",,1446.25,
HDPE PIPE,HD200S,"HDPE PIPE PE-100 SDR 21
PN 6 SIZES (mm)-200",,2215.75,
HDPE PIPE,HD200T,"HDPE PIPE PE-100 SDR 17
PN 8 SIZES (mm)-200",,2685,
HDPE PIPE,HD200U,"HDPE PIPE PE-100 SDR 13.6
PN 10 SIZES (mm)-200",,3308,
HDPE PIPE,HD200W,"HDPE PIPE PE-100 SDR 9
PN 16 SIZES (mm)-200",,4770.5,
HDPE PIPE,HD20N,"HDPE PIPE PE-80 SDR 11
PN 10 SIZES (mm)-20",,44.5,
HDPE PIPE,HD20O,"HDPE PIPE PE-80 SDR 9
PN 12.5 SIZES (mm)-20",,50.5,
HDPE PIPE,HD20V,"HDPE PIPE PE-100 SDR 11
PN 12.5 SIZES (mm)-20",,44.5,
HDPE PIPE,HD20W,"HDPE PIPE PE-100 SDR 9
PN 16 SIZES (mm)-20",,50.5,
HDPE PIPE,HD225J,"HDPE PIPE PE-80 SDR 26
PN 4 SIZES (mm)-225",,2283,
HDPE PIPE,HD225L,"HDPE PIPE PE-80 SDR 17
PN 6 SIZES (mm)-225",,3408.5,
HDPE PIPE,HD225M,"HDPE PIPE PE-80 SDR 13.6
PN 8 SIZES (mm)-225",,4176.25,
HDPE PIPE,HD225N,"HDPE PIPE PE-80 SDR 11
PN 10 SIZES (mm)-225",,5053.25,
HDPE PIPE,HD225O,"HDPE PIPE PE-80 SDR 9
PN 12.5 SIZES (mm)-225",,6011,
HDPE PIPE,HD225Q,"HDPE PIPE PE-100 SDR 33
PN 4 SIZES (mm)-225",,1827.5,
HDPE PIPE,HD225S,"HDPE PIPE PE-100 SDR 21
PN 6 SIZES (mm)-225",,2800.25,
HDPE PIPE,HD225T,"HDPE PIPE PE-100 SDR 17
PN 8 SIZES (mm)-225",,3408.5,
HDPE PIPE,HD225U,"HDPE PIPE PE-100 SDR 13.6
PN 10 SIZES (mm)-225",,4176.25,
HDPE PIPE,HD225W,"HDPE PIPE PE-100 SDR 9
PN 16 SIZES (mm)-225",,6011,
HDPE PIPE,HD250J,"HDPE PIPE PE-80 SDR 26
PN 4 SIZES (mm)-250",,2825,
HDPE PIPE,HD250L,"HDPE PIPE PE-80 SDR 17
PN 6 SIZES (mm)-250",,4203.75,
HDPE PIPE,HD250M,"HDPE PIPE PE-80 SDR 13.6
PN 8 SIZES (mm)-250",,5143.25,
HDPE PIPE,HD250N,"HDPE PIPE PE-80 SDR 11
PN 10 SIZES (mm)-250",,6263.25,
HDPE PIPE,HD250O,"HDPE PIPE PE-80 SDR 9
PN 12.5 SIZES (mm)-250",,7424.5,
HDPE PIPE,HD250Q,"HDPE PIPE PE-100 SDR 33
PN 4 SIZES (mm)-250",,2239,
HDPE PIPE,HD250S,"HDPE PIPE PE-100 SDR 21
PN 6 SIZES (mm)-250",,3451.5,
HDPE PIPE,HD250T,"HDPE PIPE PE-100 SDR 17
PN 8 SIZES (mm)-250",,4204,
HDPE PIPE,HD250U,"HDPE PIPE PE-100 SDR 13.6
PN 10 SIZES (mm)-250",,5143.25,
HDPE PIPE,HD250V,"HDPE PIPE PE-100 SDR 11
PN 12.5 SIZES (mm)-250",,6236.25,
HDPE PIPE,HD250W,"HDPE PIPE PE-100 SDR 9
PN 16 SIZES (mm)-250",,7424.5,
HDPE PIPE,HD25M,"HDPE PIPE PE-80 SDR 13.6
PN 8 SIZES (mm)-25",,56.75,
HDPE PIPE,HD25N,"HDPE PIPE PE-80 SDR 11
PN 10 SIZES (mm)-25",,65,
HDPE PIPE,HD25O,"HDPE PIPE PE-80 SDR 9
PN 12.5 SIZES (mm)-25",,76.25,
HDPE PIPE,HD25U,"HDPE PIPE PE-100 SDR 13.6
PN 10 SIZES (mm)-25",,56.75,
HDPE PIPE,HD25V,"HDPE PIPE PE-100 SDR 11
PN 12.5 SIZES (mm)-25",,65,
HDPE PIPE,HD25W,"HDPE PIPE PE-100 SDR 9
PN 16 SIZES (mm)-25",,76.25,
HDPE PIPE,HD280J,"HDPE PIPE PE-80 SDR 26
PN 4 SIZES (mm)-280",,3520.75,
HDPE PIPE,HD280L,"HDPE PIPE PE-80 SDR 17
PN 6 SIZES (mm)-280",,5254.25,
HDPE PIPE,HD280M,"HDPE PIPE PE-80 SDR 13.6
PN 8 SIZES (mm)-280",,6445.75,
HDPE PIPE,HD280N,"HDPE PIPE PE-80 SDR 11
PN 10 SIZES (mm)-280",,7817,
HDPE PIPE,HD280O,"HDPE PIPE PE-80 SDR 9
PN 12.5 SIZES (mm)-280",,9338,
HDPE PIPE,HD280Q,"HDPE PIPE PE-100 SDR 33
PN 4 SIZES (mm)-280",,2804.5,
HDPE PIPE,HD280S,"HDPE PIPE PE-100 SDR 21
PN 6 SIZES (mm)-280",,4325.5,
HDPE PIPE,HD280T,"HDPE PIPE PE-100 SDR 17
PN 8 SIZES (mm)-280",,5254.25,
HDPE PIPE,HD280U,"HDPE PIPE PE-100 SDR 13.6
PN 10 SIZES (mm)-280",,6445.75,
HDPE PIPE,HD280V,"HDPE PIPE PE-100 SDR 11
PN 12.5 SIZES (mm)-280",,7817,
HDPE PIPE,HD280W,"HDPE PIPE PE-100 SDR 9
PN 16 SIZES (mm)-280",,9337.75,
HDPE PIPE,HD315J,"HDPE PIPE PE-80 SDR 26
PN 4 SIZES (mm)-315",,4480.75,
HDPE PIPE,HD315L,"HDPE PIPE PE-80 SDR 17
PN 6 SIZES (mm)-315",,6657.25,
HDPE PIPE,HD315M,"HDPE PIPE PE-80 SDR 13.6
PN 8 SIZES (mm)-315",,8168.75,
HDPE PIPE,HD315N,"HDPE PIPE PE-80 SDR 11
PN 10 SIZES (mm)-315",,9890.75,
HDPE PIPE,HD315O,"HDPE PIPE PE-80 SDR 9
PN 12.5 SIZES (mm)-315",,11773.8,
HDPE PIPE,HD315Q,"HDPE PIPE PE-100 SDR 33
PN 4 SIZES (mm)-315",,3557.5,
HDPE PIPE,HD315S,"HDPE PIPE PE-100 SDR 21
PN 6 SIZES (mm)-315",,5435.5,
HDPE PIPE,HD315T,"HDPE PIPE PE-100 SDR 17
PN 8 SIZES (mm)-315",,6657.25,
HDPE PIPE,HD315U,"HDPE PIPE PE-100 SDR 13.6
PN 10 SIZES (mm)-315",,8168.75,
HDPE PIPE,HD315V,"HDPE PIPE PE-100 SDR 11
PN 12.5 SIZES (mm)-315",,9890.75,
HDPE PIPE,HD315W,"HDPE PIPE PE-100 SDR 9
PN 16 SIZES (mm)-315",,11773.8,
HDPE PIPE,HD32L,"HDPE PIPE PE-80 SDR 17
PN 6 SIZES (mm)-32",,74,
HDPE PIPE,HD32M,"HDPE PIPE PE-80 SDR 13.6
PN 8 SIZES (mm)-32",,88.25,
HDPE PIPE,HD32N,"HDPE PIPE PE-80 SDR 11
PN 10 SIZES (mm)-32",,106.25,
HDPE PIPE,HD32O,"HDPE PIPE PE-80 SDR 9
PN 12.5 SIZES (mm)-32",,125,
HDPE PIPE,HD32T,"HDPE PIPE PE-100 SDR 17
PN 8 SIZES (mm)-32",,74.25,
HDPE PIPE,HD32U,"HDPE PIPE PE-100 SDR 13.6
PN 10 SIZES (mm)-32",,88,
HDPE PIPE,HD32V,"HDPE PIPE PE-100 SDR 11
PN 12.5 SIZES (mm)-32",,106.25,
HDPE PIPE,HD32W,"HDPE PIPE PE-100 SDR 9
PN 16 SIZES (mm)-32",,124.75,
HDPE PIPE,HD40L,"HDPE PIPE PE-80 SDR 17
PN 6 SIZES (mm)-40",,112.25,
HDPE PIPE,HD40M,"HDPE PIPE PE-80 SDR 13.6
PN 8 SIZES (mm)-40",,135.75,
HDPE PIPE,HD40N,"HDPE PIPE PE-80 SDR 11
PN 10 SIZES (mm)-40",,164.25,
HDPE PIPE,HD40O,"HDPE PIPE PE-80 SDR 9
PN 12.5 SIZES (mm)-40",,194.75,
HDPE PIPE,HD40S,"HDPE PIPE PE-100 SDR 21
PN 6 SIZES (mm)-40",,93.75,
HDPE PIPE,HD40T,"HDPE PIPE PE-100 SDR 17
PN 8 SIZES (mm)-40",,112.25,
HDPE PIPE,HD40U,"HDPE PIPE PE-100 SDR 13.6
PN 10 SIZES (mm)-40",,135.75,
HDPE PIPE,HD40V,"HDPE PIPE PE-100 SDR 11
PN 12.5 SIZES (mm)-40",,164.25,
HDPE PIPE,HD40W,"HDPE PIPE PE-100 SDR 9
PN 16 SIZES (mm)-40",,194.75,
HDPE PIPE,HD50J,"HDPE PIPE PE-80 SDR 26
PN 4 SIZES (mm)-50",,118.5,
HDPE PIPE,HD50L,"HDPE PIPE PE-80 SDR 17
PN 6 SIZES (mm)-50",,172.5,
HDPE PIPE,HD50M,"HDPE PIPE PE-80 SDR 13.6
PN 8 SIZES (mm)-50",,209.5,
HDPE PIPE,HD50N,"HDPE PIPE PE-80 SDR 11
PN 10 SIZES (mm)-50",,254.5,
HDPE PIPE,HD50O,"HDPE PIPE PE-80 SDR 9
PN 12.5 SIZES (mm)-50",,301.75,
HDPE PIPE,HD50S,"HDPE PIPE PE-100 SDR 21
PN 6 SIZES (mm)-50",,141.75,
HDPE PIPE,HD50T,"HDPE PIPE PE-100 SDR 17
PN 8 SIZES (mm)-50",,172.5,
HDPE PIPE,HD50V,"HDPE PIPE PE-100 SDR 11
PN 12.5 SIZES (mm)-50",,254.5,
HDPE PIPE,HD50W,"HDPE PIPE PE-100 SDR 9
PN 16 SIZES (mm)-50",,301.75,
HDPE PIPE,HD63J,"HDPE PIPE PE-80 SDR 26
PN 4 SIZES (mm)-63",,187.25,
HDPE PIPE,HD63L,"HDPE PIPE PE-80 SDR 17
PN 6 SIZES (mm)-63",,274.5,
HDPE PIPE,HD63M,"HDPE PIPE PE-80 SDR 13.6
PN 8 SIZES (mm)-63",,333.5,
HDPE PIPE,HD63N,"HDPE PIPE PE-80 SDR 11
PN 10 SIZES (mm)-63",,402.25,
HDPE PIPE,HD63O,"HDPE PIPE PE-80 SDR 9
PN 12.5 SIZES (mm)-63",,473.25,
HDPE PIPE,HD63S,"HDPE PIPE PE-100 SDR 21
PN 6 SIZES (mm)-63",,220,
HDPE PIPE,HD63T,"HDPE PIPE PE-100 SDR 17
PN 8 SIZES (mm)-63",,274.75,
HDPE PIPE,HD63V,"HDPE PIPE PE-100 SDR 11
PN 12.5 SIZES (mm)-63",,402.25,
HDPE PIPE,HD63W,"HDPE PIPE PE-100 SDR 9
PN 16 SIZES (mm)-63",,473.25,
HDPE PIPE,HD75J,"HDPE PIPE PE-80 SDR 26
PN 4 SIZES (mm)-75",,256.5,
HDPE PIPE,HD75L,"HDPE PIPE PE-80 SDR 17
PN 6 SIZES (mm)-75",,387.5,
HDPE PIPE,HD75M,"HDPE PIPE PE-80 SDR 13.6
PN 8 SIZES (mm)-75",,472.75,
HDPE PIPE,HD75N,"HDPE PIPE PE-80 SDR 11
PN 10 SIZES (mm)-75",,568.5,
HDPE PIPE,HD75O,"HDPE PIPE PE-80 SDR 9
PN 12.5 SIZES (mm)-75",,676.75,
HDPE PIPE,HD75Q,"HDPE PIPE PE-100 SDR 33
PN 4 SIZES (mm)-75",,208.75,
HDPE PIPE,HD75S,"HDPE PIPE PE-100 SDR 21
PN 6 SIZES (mm)-75",,315,
HDPE PIPE,HD75T,"HDPE PIPE PE-100 SDR 17
PN 8 SIZES (mm)-75",,387.5,
HDPE PIPE,HD75W,"HDPE PIPE PE-100 SDR 9
PN 16 SIZES (mm)-75",,676.75,
HDPE PIPE,HD90J,"HDPE PIPE PE-80 SDR 26
PN 4 SIZES (mm)-90",,372,
HDPE PIPE,HD90L,"HDPE PIPE PE-80 SDR 17
PN 6 SIZES (mm)-90",,548.25,
HDPE PIPE,HD90M,"HDPE PIPE PE-80 SDR 13.6
PN 8 SIZES (mm)-90",,677.25,
HDPE PIPE,HD90N,"HDPE PIPE PE-80 SDR 11
PN 10 SIZES (mm)-90",,813.75,
HDPE PIPE,HD90O,"HDPE PIPE PE-80 SDR 9
PN 12.5 SIZES (mm)-90",,964.25,
HDPE PIPE,HD90Q,"HDPE PIPE PE-100 SDR 33
PN 4 SIZES (mm)-90",,300.25,
HDPE PIPE,HD90S,"HDPE PIPE PE-100 SDR 21
PN 6 SIZES (mm)-90",,451.75,
HDPE PIPE,HD90T,"HDPE PIPE PE-100 SDR 17
PN 8 SIZES (mm)-90",,548.25,
HDPE PIPE,HD90U,"HDPE PIPE PE-100 SDR 13.6
PN 10 SIZES (mm)-90",,677,
HDPE PIPE,HD90W,"HDPE PIPE PE-100 SDR 9
PN 16 SIZES (mm)-90",,964.25,
